Short description,Resolution Note
Missing receipts from WMS to RMS for Primark Depot 10966,"Event Description: Missing receipts from WMS to RMS for Primark Depot 10966 Root Cause Category: Integration Failure Root Cause Subcategory: Message Broker / Interface Delay Detailed Root Cause Analysis: A network timeout between the Warehouse Management System (WMS) and the Retail Management System (RMS) middleware caused the outbound receipt messages to stall in the transactional integration layer instead of pushing to the host system. Action Taken: Reprocessed the pending receipt messages from the WMS outbound interface table. Confirmed successful delivery and validation inside RMS. Resolution Type: Data Reprocessing Preventive Action: Set up automated infrastructure alerts to notify the middleware team if an outbound payload remains in a ""Pending"" status for more than 15 minutes."
Exception raised for Backout queue 1161 -  ESB.RMS.RECEIPTS.IQ.BAK,"Event Description: Exception raised for Backout queue 1161 - ESB.RMS.RECEIPTS.IQ.BAK Root Cause Category: Middleware / ESB Exception Root Cause Subcategory: Data Validation / Schema Mismatch Detailed Root Cause Analysis: An incoming receipt message contained an invalid date-time format in the header wrapper, causing the Enterprise Service Bus (ESB) parser to reject the file and route it to the backout queue (BAK) to avoid blocking the main message queue. Action Taken: Corrected the date-time format in the payload directly via the ESB message management console and re-queued the message for successful execution. Resolution Type: Data Correction & Re-queue Preventive Action: Update upstream mapping code in the WMS system to guarantee strict formatting compliance before message delivery."
New pallet was generated by VP. This pallet can generate error closing trailer.,"Event Description: New pallet was generated by VP. This pallet can generate error closing trailer. Root Cause Category: Application Logic / Software Bug Root Cause Subcategory: System State Mismatch Detailed Root Cause Analysis: The Voice Picking (VP) system allowed a warehouse operator to generate and associate a new pallet ID to a trailer session that had already been marked as 'Finalized', resulting in a structural conflict that blocks the trailer closure workflow in the WMS. Action Taken: Executed a database backend script to safely un-link the orphaned pallet ID from the finalized trailer record and assigned it to a standard open staging lane. Resolution Type: Backend Database Modification Preventive Action: Deploy an application patch to the Voice Picking system that restricts new pallet generation on any trailer session once it transitions past the active loading state."
Islip Depot - We notice that there is an issue with lag for store emails. For example the order for store 534 inserted into JDA at 15:06 but we got the email at,"Event Description: Islip Depot - We notice that there is an issue with lag for store emails. For example the order for store 534 inserted into JDA at 15:06 but we got the email at [Delayed] Root Cause Category: Infrastructure / Email Gateway Root Cause Subcategory: Server Resource Contention Detailed Root Cause Analysis: A massive spike in system-generated client orders caused a bottleneck within the local mail server's SMTP relay pool, resulting in processing latency for outward-bound store notifications coming out of JDA. Action Taken: Restarted the SMTP relay services and allocated additional temporary CPU allocation to clear out the accumulated outbound message queue. Resolution Type: Infrastructure Service Optimization Preventive Action: Implement load balancing for the notification gateway and increase the concurrent thread pool limit during high-volume operational shifts."
Exception raised for Backout queue PI368 -  ESB.STRATIFICATION.PI368PO.IQ.BAK,Event Description: Exception raised for Backout queue PI368 - ESB.STRATIFICATION.PI368PO.IQ.BAK Root Cause Category: Middleware / ESB Exception Root Cause Subcategory: Missing Reference Data Detailed Root Cause Analysis: A Purchase Order (PO) stratification payload failed validation and was routed to the backout queue because the master Vendor ID supplied in the payload did not exist in the host core database. Action Taken: Set up the missing Vendor ID within the master database registry and manually triggered the re-processing of the failed payload from the backout console. Resolution Type: Master Data Sync Preventive Action: Implement validation rules in the upstream ordering system to block PO generation if the associated Vendor record is unverified or missing.
"We would like to report an GRN that has unit discrepancy issues. We have confirmed a total of 2578 units [out of a total of 2585], leaving only 7 cartons as bei","Event Description: We would like to report an GRN that has unit discrepancy issues. We have confirmed a total of 2578 units [out of a total of 2585], leaving only 7 cartons as being [short] Root Cause Category: Inventory / Receiving Discrepancy Root Cause Subcategory: Physical vs System Count Mismatch Detailed Root Cause Analysis: A discrepancy occurred during the Goods Received Note (GRN) matching phase because a supplier short-shipment of 7 physical cartons was missed during the initial physical dock intake. Action Taken: Adjusted the GRN entry inside the system to reflect the true verified quantity of 2578 units and initiated an official supplier shortage recovery claim. Resolution Type: Inventory Record Adjustment Preventive Action: Retrain the intake yard team on the application of strict blind-counting procedures during inbound trailer processing."
TC: depo RSDL - missing 1 box for ADVANCED order 20984990,"Event Description: TC: depo RSDL - missing 1 box for ADVANCED order 20984990 Root Cause Category: Operational / Warehouse Floor Root Cause Subcategory: Short Pick / Misplaced Item Detailed Root Cause Analysis: During the order assembly for advanced order 20984990, an operator inadvertently left one packed box behind at pick location grid A-12 due to a misread pick list ticket. Action Taken: Conducted a physical search of the pick grid, retrieved the misplaced box, moved it directly to the active staging line, and marked the order status as fully complete. Resolution Type: Physical Rectification Preventive Action: Enable mandatory barcode configuration rules requiring pickers to scan each individual container validation code before transitioning orders to staging."
Islip 963 - trailer CTS19969 stuck on dock door 65G ,Event Description: Islip 963 - trailer CTS19969 stuck on dock door 65G Root Cause Category: Application Logic / WMS Lock Root Cause Subcategory: Database Thread Deadlock Detailed Root Cause Analysis: Trailer CTS19969 became stuck at dock door 65G within JDA due to an application database deadlock that occurred when two users concurrently attempted to update the same shipping manifest record. Action Taken: Terminated the deadlocked database process thread and cleared the active lock flags via database access tools to free up the trailer status. Resolution Type: Database Lock Release Preventive Action: Optimize table index properties and review transaction isolation settings for the dock door assignment software module.
"OSTH - Work Order Cancelation, Both of the WO: 81031 and 81230 are showing in your WMS and they are reserving stock causing stock sync issue. Please cancel them","Event Description: OSTH - Work Order Cancelation, Both of the WO: 81031 and 81230 are showing in your WMS and they are reserving stock causing stock sync issue. Please cancel them Root Cause Category: Inventory Sync / Work Order Management Root Cause Subcategory: Stale Reservation Detailed Root Cause Analysis: Work orders 81031 and 81230 were deleted in the host planning software, but the corresponding cancellation message was dropped before execution in WMS, leaving the physical inventory erroneously locked. Action Taken: Manually flagged the status of work orders 81031 and 81230 as ""Cancelled"" in the WMS UI to release the inventory allocation and ran an on-demand stock synchronization job. Resolution Type: Manual System Override Preventive Action: Implement a automated nightly data health check script designed to catch and cancel orphaned inventory allocations between systems."
343 Naas Depot  pallet process failure at dock door 23  JDA( The specified location is currently full ) ,"Event Description: 343 Naas Depot pallet process failure at dock door 23 JDA( The specified location is currently full ) Root Cause Category: WMS Configuration / Putaway Logic Root Cause Subcategory: Capacity Constraint Detailed Root Cause Analysis: The process failed because the system reached the maximum item volume threshold set in JDA for dock door 23, blocking the allocation of new pallets. Action Taken: Cleared processed pallets from the physical dock door layout to open floor grids and forced a capacity recalculation refresh for door 23 in the system. Resolution Type: Space Clearing & System Refresh Preventive Action: Adjust location volumetric profiles inside JDA for critical high-volume dock doors and activate overflow staging logic fields."
RSDL - MULTIPICKLIST ISSUE 2627702 & 2628481,Event Description: RSDL - MULTIPICKLIST ISSUE 2627702 & 2628481 Root Cause Category: Application Logic / WMS Bug Root Cause Subcategory: Allocation / Picklist Generation Error Detailed Root Cause Analysis: The multi-pick list generation failed due to a duplicate primary key sequence constraint violation in the staging tables when picking tasks for orders 2627702 and 2628481 were simultaneously processed by the server. Action Taken: Cleared the locked pick sequence flags from the WMS allocation tables and manually regenerated the multi-pick lists for both orders. Resolution Type: System Record Correction Preventive Action: Deploy an application patch to serialize multi-pick list generation requests within the message queue to avoid race conditions.
Please check that all files have alligned for order B12957734. ASN did not transmit for this PO onto our WMS. Manual pack was created 95500000000108354  to rece,Event Description: Please check that all files have alligned for order B12957734. ASN did not transmit for this PO onto our WMS. Manual pack was created 95500000000108354 to rece Root Cause Category: Integration Failure Root Cause Subcategory: EDI / IDoc Transmission Failure Detailed Root Cause Analysis: The inbound Advanced Shipping Notice (ASN) message for order B12957734 dropped at the middleware gateway because the file payload size exceeded standard buffer limits set on the EDI adapter. Action Taken: Confirmed that manual pack 95500000000108354 successfully permitted receiving. Manually reconciled the outstanding system ASN status to 'Processed' to align host and WMS inventory blocks. Resolution Type: Manual Data Alignment Preventive Action: Increase the packet buffer threshold on the EDI integration adapter and set up automatic reprocessing for large ASN payloads.
TC. - ICT order 21114402 not fully allocated.,"Event Description: TC. - ICT order 21114402 not fully allocated. Root Cause Category: Inventory / Allocation Logic Root Cause Subcategory: Soft Allocation Lock Detailed Root Cause Analysis: Inter-Company Transfer (ICT) order 21114402 did not fully allocate because 15 units of the required SKU were tied up in a ""Soft Lock"" state by an expired e-commerce reservation session that failed to auto-release. Action Taken: Cleared the stale soft allocation lock via the database management utility and manually re-ran the allocation wave for the remaining lines of ICT order 21114402. Resolution Type: Inventory Allocation Release Preventive Action: Reduce the system expiry time limit for pending order reservations to automatically free up uncommitted inventory faster."
Depot RSDL/OOST In VocalPoint (Timewise) Operators get stuck in System when assigned to Pallet Pick - task,Event Description: Depot RSDL/OOST In VocalPoint (Timewise) Operators get stuck in System when assigned to Pallet Pick - task Root Cause Category: Infrastructure / Voice System Integration Root Cause Subcategory: Session Hang / Device Timeout Detailed Root Cause Analysis: Operators became stuck because the VocalPoint middleware application experienced a socket timeout when trying to validate the dynamic location check-digit for Pallet Pick tasks against the backend database. Action Taken: Terminated the hanging operator sessions on the VocalPoint application console and recycled the voice terminal communication ports. Resolution Type: Session Reset Preventive Action: Optimize database query execution plans for location validation endpoints to ensure response times remain under 200ms.
TC - VP is not archiving data since 15.08.2025,"Event Description: TC - VP is not archiving data since 15.08.2025 Root Cause Category: Database Management / Scheduled Jobs Root Cause Subcategory: Folder Access Permissions Detailed Root Cause Analysis: The VocalPoint (VP) data archiving cron job has been failing silently since August 15, 2025, due to a ""Permission Denied"" error on the target network storage directory following an infrastructure security group update. Action Taken: Restored write permissions for the archiving service account on the destination network path and manually executed the archive backlog scripts to clear old records. Resolution Type: Service Permission Correction Preventive Action: Integrate automated email alerts into the archiving script framework to instantly flag any future execution failures."
These PO's were sent to advance supply chain for reprocessing to split cartons in half but PO's were not doubled. Please can the PO's be increased as follows:,"Event Description: These PO's were sent to advance supply chain for reprocessing to split cartons in half but PO's were not doubled. Please can the PO's be increased as follows: Root Cause Category: System Configuration / Data Processing Error Root Cause Subcategory: Processing Flow Error Detailed Supply Chain Analysis: During the reprocessing phase, the automated carton-split script split the packing structures physically but failed to double the total units/cartons field inside the system PO table due to an unadjusted quantity cap constraint. Action Taken: Manually updated the target PO quantities upwards using the order maintenance interface to accurately reflect the split-carton counts provided. Resolution Type: Manual Quantity Updation Preventive Action: Update the carton-split script's logic bounds to allow variable quantity adjustments without tripping safe-cap limits."
RSDL - Pallet with exceeded attempts / already loaded onto trailer.,"Event Description: RSDL - Pallet with exceeded attempts / already loaded onto trailer. Root Cause Category: RF Scanning / WMS State Error Root Cause Subcategory: Out-of-Sync Scanning State Detailed Root Cause Analysis: An RF gun scanning loop occurred because an operator scanned a pallet ID twice. The first scan successfully associated it to the trailer, but the second scan triggered an ""already loaded"" error and locked the pallet state in a buffer loop. Action Taken: Reset the status of the affected pallet record in the WMS from 'In-Transit-Lock' back to 'Loaded' to accurately match the physical trailer manifest. Resolution Type: State Field Reset Preventive Action: Enhance the RF gun scanning interface logic to gracefully ignore double-scans of the same item within a 3-second window instead of throwing an error loop."
Roosendaal Archive WMS has failed to output Order Details on Sunday. Please can you recover this data for us and locate what the issue was that caused this to n,"Event Description: Roosendaal Archive WMS has failed to output Order Details on Sunday. Please can you recover this data for us and locate what the issue was that caused this to n Root Cause Category: Database Management / Scheduled Jobs Root Cause Subcategory: Weekly Maintenance Window Conflict Detailed Root Cause Analysis: The Roosendaal Archive WMS reporting task failed to output the Order Details because its scheduled run time overlapped directly with a routine IT infrastructure database backup, locking out access to the source tables. Action Taken: Manually re-triggered the Sunday Order Details extraction routine. Verified that the data output file was correctly formatted and delivered to the archive repository. Resolution Type: Scheduled Job Reprocessing Preventive Action: Reschedule the Sunday Archive WMS reporting job to run two hours later to completely clear the system backup window."
"When I try to go into different options in TMS QA I got all the time the same message ""User Not Authorized"".","Event Description: When I try to go into different options in TMS QA I got all the time the same message ""User Not Authorized"". Root Cause Category: Identity & Access Management (IAM) Root Cause Subcategory: Security Profile / Role Expiration Detailed Root Cause Analysis: The user received ""User Not Authorized"" errors in TMS QA because their QA user profile security token expired, or their mapped user group role was wiped out during a recent environment synchronization refresh from Production. Action Taken: Re-applied the necessary QA Transport Operator roles to the user's profile and requested a local cache clearance. Confirmed access was restored. Resolution Type: User Permissions Restoration Preventive Action: Standardize the QA refresh scripts to preserve non-production active user profile assignments during cross-environment syncs."
TC - Oosterhout - pallet 781805  stuck systematically in two transports in VP,"Event Description: TC - Oosterhout - pallet 781805 stuck systematically in two transports in VP Root Cause Category: Application Logic / Software Bug Root Cause Subcategory: Concurrent Task Allocation Error Detailed Root Cause Analysis: Pallet 781805 became locked because an asynchronous database latency between the WMS and VocalPoint (VP) allowed the same pallet ID to be assigned to two separate active transport tasks simultaneously. Action Taken: Aborted both conflicting tasks via the VocalPoint management panel, reset the pallet status field to 'Staged', and generated a single clean transport task. Resolution Type: Task Reset & Re-assignment Preventive Action: Modify the task allocation script to execute a synchronous check on the pallet state prior to initiating a new transport thread."
Naas Depot - storage error,"Event Description: Naas Depot - storage error Root Cause Category: WMS Configuration Root Cause Subcategory: Location Allocation / Capacity Limit Detailed Root Cause Analysis: The storage error was triggered during a putaway attempt because the target zone profile was configured with an incorrect maximum volumetric capacity limit, causing the system to reject standard-sized pallets. Action Taken: Corrected the dimensions and maximum weight parameters for the affected zone in the location master matrix and forced a recalculation. Resolution Type: System Configuration Update Preventive Action: Schedule a quarterly automated audit of zone configuration profiles across Naas Depot to ensure parameters match physical bay constraints."
"Discrepancies stock loss week 11, -50 again on report. Please see yellow lines in attached file.","Event Description: Discrepancies stock loss week 11, -50 again on report. Please see yellow lines in attached file. Root Cause Category: Data Processing / Reporting Error Root Cause Subcategory: Stale Inventory Ledger / Sync Failure Detailed Root Cause Analysis: The recurring -50 unit stock loss discrepancy on the report was caused by a delayed inventory adjustment file from a virtual returns location that failed to upload to the reporting schema before the weekly ledger closure. Action Taken: Manually triggered a historical reconciliation job to process the outstanding adjustment payload, which eliminated the -50 variance. Resolution Type: Manual Data Reconciliation Preventive Action: Shift the weekly stock reporting pipeline execution by 12 hours to guarantee all lagging return transactions are successfully committed."
I have identified an issue in Roosendaal with out Pick Details extracts. The figures do not match with what is being reported by depot & pick activity in WMS.,Event Description: I have identified an issue in Roosendaal with out Pick Details extracts. The figures do not match with what is being reported by depot & pick activity in WMS. Root Cause Category: Data Extraction / Integration Failure Root Cause Subcategory: Extraction Script Filter Error Detailed Root Cause Analysis: The Pick Details extracts did not match actual warehouse activity because a hardcoded date filter in the export script utilized a fixed time zone offset that inadvertently omitted the final hour of daily pick tasks. Action Taken: Updated the extraction script to reference unified UTC timestamps and re-exported the historical datasets to align perfectly with the depot metrics. Resolution Type: Code/Script Adjustment Preventive Action: Implement automated record-count validation checks between the source WMS tables and the generated export files before data transmission.
Trailer completion error - OS99BX,"Event Description: Trailer completion error - OS99BX Root Cause Category: Application Logic / Validation Constraint Root Cause Subcategory: Open Task Conflict Detailed Root Cause Analysis: Trailer OS99BX failed to close because an operator left an individual carton in an unconfirmed 'Short Pick' status inside an open pick wave directly mapped to this trailer's shipping manifest. Action Taken: Reconciled the orphaned carton status to 'Short-Cancelled' after confirming physical absence, allowing the trailer completion transaction to process cleanly. Resolution Type: Manifest Reconciliation Preventive Action: Add a validation UI warning list that dynamically displays any open pick tasks blocking a trailer closure when a supervisor initiates a manifest wrap-up."
343 Naas Depot - FW: D12874706-210288003-RITM0181140 ,"Event Description: 343 Naas Depot - FW: D12874706-210288003-RITM0181140 Root Cause Category: Integration Failure Root Cause Subcategory: Middleware Message Block Detailed Root Cause Analysis: This incident (forwarded via RITM0181140) was triggered by a corrupted delivery block flag inside the enterprise service middleware layer, which stalled the downstream execution of an entire order pick wave for Depot 343. Action Taken: Cleared the invalid block flag using backend database access tools and manually re-pushed the transaction payload directly to the depot's active WMS execution queue. Resolution Type: Interface Message Clearance Preventive Action: Establish a automated error-handling policy in the middleware to auto-drop or alert on unvalidated delivery block flags after 10 minutes of inactivity."
RSDL WMS-  Orders for store 203 - order 300178407 ;store 225 order 300178432 unable to release.,"Event Description: RSDL WMS- Orders for store 203 - order 300178407 ;store 225 order 300178432 unable to release. Root Cause Category: Inventory Allocation / Credit Lock Root Cause Subcategory: Hard Allocation Constraint Detailed Root Cause Analysis: Orders 300178407 and 300178432 were blocked from releasing to the floor due to a system allocation lock caused by an unexpected stock shortage on a shared high-demand SKU requested by both stores. Action Taken: Conducted an emergency inventory allocation override to source the missing items from an alternative bulk reserve grid, releasing both orders for processing. Resolution Type: Stock Re-allocation Preventive Action: Configure order release parameters to allow for partial order processing for priority retail stores rather than imposing a hard release block."
Islip Depot 963 - Unable to cancel pending shipment line due to error 510,"Event Description: Islip Depot 963 - Unable to cancel pending shipment line due to error 510 Root Cause Category: Application Logic / State Mismatch Root Cause Subcategory: Status Synchronization Lock Detailed Root Cause Analysis: Error 510 occurred because a user attempted to cancel a pending shipment line that had already transitioned to an active 'Picking' status on an operator's RF scanning gun terminal, creating a state conflict. Action Taken: Terminated the active pick assignment on the warehouse operator's profile, reverted the line state back to 'Staged', and completed the cancellation. Resolution Type: Status Fields Override Preventive Action: Refine the system's error handling to return an informative message identifying the specific user or terminal holding the active allocation lock."
1) Please assign this Request to the TCS Service Wrap team for Blue Yonder TMS. 2) Service Wrap team: Please raise a ticket with BY for the following:As p,"Event Description: Please assign this Request to the TCS Service Wrap team for Blue Yonder TMS. 2) Service Wrap team: Please raise a ticket with BY for the following:As p Root Cause Category: Vendor Application Failure Root Cause Subcategory: SaaS / Core Product Bug Detailed Root Cause Analysis: The underlying issue involved a memory leak within the native Blue Yonder TMS optimization engine routing module, leading to intermittent API dropouts for automated third-party carrier tendering. Action Taken: Routed the incident to the Service Wrap team to escalate a priority ticket to Blue Yonder. BY engineers applied a software patch to clear the server stack memory and stabilize the gateway. Resolution Type: Vendor Software Patch Deployment Preventive Action: Configure a scheduled automated service recycle for the BY TMS optimization component during off-peak operational maintenance windows."
Exception raised for Backout queue 1161 -  ESB.RMS.RECEIPTS.IQ.BAK,"Event Description: Exception raised for Backout queue 1161 - ESB.RMS.RECEIPTS.IQ.BAK Root Cause Category: Middleware / ESB Exception Root Cause Subcategory: Character Encoding / Data Truncation Detailed Root Cause Analysis: The receipt message failed to parse and dropped into backout queue 1161 because the payload contained an un-escaped special character within the delivery notes tag, breaking the XML validation schema. Action Taken: Manually removed the invalid special character from the raw message text via the ESB queue utility browser and successfully re-queued the transaction payload. Resolution Type: Payload Modification & Re-queue Preventive Action: Deploy an input sanitization script at the outbound WMS serialization layer to strip or escape unauthorized characters prior to file transfer."
343 Naas depot  - Iberian Secondary Order placed through ROI Depot ( sotres not serviced by Ireland) ,Event Description: 343 Naas depot - Iberian Secondary Order placed through ROI Depot ( stores not serviced by Ireland) Root Cause Category: Order Management / Routing Error Root Cause Subcategory: Incorrect Sourcing Rules Detailed Root Cause Analysis: The Iberian Secondary Order was misrouted to the Republic of Ireland (ROI) Depot 343 instead of the continental hub due to an outdated store-to-depot mapping matrix in the ERP master data. Action Taken: Canceled the misrouted order lines in the Naas WMS to free up local inventory allocations and manually re-injected the order to the correct continental depot system. Resolution Type: Order Re-routing & Cancellation Preventive Action: Update the global supply chain routing rules inside the ERP to prevent non-serviced region stores from placing orders against the Ireland depot profile.
% Free Space is too low IEDU2LVPAPP401,Event Description: % Free Space is too low IEDU2LVPAPP401 Root Cause Category: Infrastructure / Server Management Root Cause Subcategory: Disk Space Saturation Detailed Root Cause Analysis: Server IEDU2LVPAPP401 (VocalPoint Application server) ran low on storage because old application trace logs (.trc) and transactional debugging files failed to auto-purge. Action Taken: Purged all system log files older than 14 days and cleared the temporary directory to reclaim 45GB of disk space. Resolution Type: Disk Space Cleanup Preventive Action: Adjust the automated log retention policy configuration to archive and delete logs every 7 days instead of monthly.
343 Naas Depot issue with PUT AWAY  MRT 5182 / 5217  ,"Event Description: 343 Naas Depot issue with PUT AWAY MRT 5182 / 5217 Root Cause Category: WMS Configuration / Putaway Logic Root Cause Subcategory: Equipment / Location Class Mismatch Detailed Root Cause Analysis: Putaway tasks for Mass Stock Receipts (MRT) 5182 and 5217 threw system errors because the target storage rack locations were configured with high-reach forklift restrictions that conflicted with the designated operator equipment profile. Action Taken: Overrode the location constraint flags in the WMS for the affected tasks, allowing the operators to execute alternative low-bay putaways. Resolution Type: Putaway Constraint Override Preventive Action: Review and align equipment class restrictions within the WMS zone master configuration matrix."
"Paul / 966/ Depot Roosendaal Users unable to open Timewise Business Analytics, Server(connection) seems down","Event Description: Paul / 966/ Depot Roosendaal Users unable to open Timewise Business Analytics, Server(connection) seems down Root Cause Category: Network & Infrastructure Root Cause Subcategory: Service Unavailability / Web Service Crash Detailed Root Cause Analysis: Users could not establish a connection with Timewise Business Analytics because the core application IIS service crashed on the host server following an automatic security definition update. Action Taken: Restarted the affected web application services and validated connectivity from terminal workstations. Resolution Type: Service Restart Preventive Action: Coordinate security update installation windows exclusively during planned maintenance schedules to prevent operational runtime dropouts."
Naas Depot - Application hanging when cancelling picks,Event Description: Naas Depot - Application hanging when cancelling picks Root Cause Category: Application Performance Root Cause Subcategory: Database Resource Contention / Thread Lock Detailed Root Cause Analysis: The pick cancellation workflow caused the UI application to hang because the delete script was waiting on an unindexed table lock held by an active heavy wave allocation process. Action Taken: Terminated the blocking background process thread and killed the hung user sessions to restore standard UI functionality. Resolution Type: Session and Thread Termination Preventive Action: Introduce database index improvements on the primary picking transaction tables to minimize query execution delays.
343 Naas Depot -  W/O 96150 to be  cancelled  at Naas Prod,Event Description: 343 Naas Depot - W/O 96150 to be cancelled at Naas Prod Root Cause Category: Work Order Management Root Cause Subcategory: Manual Cancellation Request Detailed Root Cause Analysis: Work Order (W/O) 96150 needed cancellation in the Production environment due to a business operational change where the specific promotional stock build was no longer required. Action Taken: Executed the cancellation routine for W/O 96150 via the WMS user interface and successfully de-allocated all associated inventory. Resolution Type: Manual Administrative Action Preventive Action: Standardize corporate operational workflows to ensure cancellation requests are processed at the host ERP level to trigger downstream integration flows automatically.
Replenishments completed in VocalPoint are errored in WMS Red Prairie Download Viewer.,"Event Description: Replenishments completed in VocalPoint are errored in WMS Red Prairie Download Viewer. Root Cause Category: Integration Failure Root Cause Subcategory: Interface Desynchronization Detailed Root Cause Analysis: VocalPoint replenishment confirmations errored out within the RedPrairie Download Viewer because the transaction payload included an empty ""Operator ID"" field that violated a strict null-constraint check. Action Taken: Modified the errored records within the RedPrairie landing table to insert a fallback default operator code, then forced the interface processor to reload. Resolution Type: Interface Data Correction Preventive Action: Update the VocalPoint outbound schema settings to enforce the presence of an Operator ID tag before dispatching data."
Exception raised for Backout queue PI442 -  ESB.LABELSUP.ORDER.IQ.BAK,Event Description: Exception raised for Backout queue PI442 - ESB.LABELSUP.ORDER.IQ.BAK Root Cause Category: Middleware / ESB Exception Root Cause Subcategory: Parsing Error / Invalid Payload XML Detailed Root Cause Analysis: The ESB.LABELSUP.ORDER integration route pushed messages into the backout queue because an order record contained a malformed nested XML tag within the label supply request structure. Action Taken: Reconstructed the broken XML tag structure using the ESB administrative tool and pushed the message back into the active processing queue. Resolution Type: Payload Re-queuing Preventive Action: Introduce a schema validation layer on the originating order management system to capture formatting faults before they hit the ESB.
"TC - Roosendaal: In WO 88953 stock was picked into CONVOUT, due to this receiving 211506428 is impossible","Event Description: TC - Roosendaal: In WO 88953 stock was picked into CONVOUT, due to this receiving 211506428 is impossible Root Cause Category: Inventory State Conflict Root Cause Subcategory: Location Type Mismatch Detailed Root Cause Analysis: In Work Order (WO) 88953, inventory was mistakenly dropped into the 'CONVOUT' (Conveyor Outbound) physical location profile, which blocked the inbound receiving subsystem 211506428 from validating and claiming the inventory. Action Taken: Programmatically moved the stock allocation out of the outbound conveyor lane back to a standard staging grid using WMS terminal functions, unblocking the receiving pipeline. Resolution Type: Inventory Location Correction Preventive Action: Configure system barriers to prevent workers from depositing internal work order stock into dedicated external shipping lanes."
RSDL Depot - 840125 - Loaded in jda but not in VP.,"Event Description: RSDL Depot - 840125 - Loaded in jda but not in VP. Root Cause Category: Data Desynchronization Root Cause Subcategory: Missing Middleware Event Trigger Detailed Root Cause Analysis: Pallet 840125 reflects a status of ""Loaded"" within JDA WMS, but failed to update inside VocalPoint (VP) because the event-driven trigger message dropped during an internal system queue swap. Action Taken: Manually executed an on-demand synchronization update via the interface console to accurately reflect the ""Loaded"" state within the VocalPoint application ledger. Resolution Type: Manual Data Sync Preventive Action: Create a real-time reconciliation monitor that auto-flags discrepancies if an asset state diverges between JDA and VP for longer than 5 minutes."
"Hi. Please, amend these 2 Purchase orders: B12814432; B12817163 ASAP in our system as they were over received by mistake.For B12814432, the Identified Quantity","Event Description: Hi. Please, amend these 2 Purchase orders: B12814432; B12817163 ASAP in our system as they were over received by mistake.For B12814432, the Identified Quantity Root Cause Category: Operational / Receiving Error Root Cause Subcategory: Over-receiving / Human Error Detailed Root Cause Analysis: An intake operator accidentally scanned an identical pallet multiple times during the inbound receiving process, creating an artificial over-receiving variance for PO records B12814432 and B12817163. Action Taken: Adjusted the received quantities downward to reflect the true verified physical inventory count and re-synchronized the updated ledger to the host system. Resolution Type: Inventory Record Adjustment Preventive Action: Implement a scan confirmation prompt on the RF guns to warn users if duplicate product identifiers are scanned in rapid succession."
"Islip Depot 963 - Shipped amount bigger than ordered, store 481 order 100323344","Event Description: Islip Depot 963 - Shipped amount bigger than ordered, store 481 order 100323344 Root Cause Category: Inventory / Shipping Discrepancy Root Cause Subcategory: Over-allocation / Unit of Measure Mismatch Detailed Root Cause Analysis: Order 100323344 for store 481 experienced a discrepancy because a warehouse picker scanned an entire outer bulk pack as an individual product unit, expanding the system's shipped allocation relative to the physical load. Action Taken: Adjusted the dispatch documentation prior to final trailer manifest closure to lock in the true physical quantity and aligned customer billing modules. Resolution Type: Manifest Data Rectification Preventive Action: Enforce strict barcode validations to require distinct case scans vs individual item scans during the order picking workflow."
GMARIN963  - new user added in JDA,"Event Description: GMARIN963 - new user added in JDA Root Cause Category: Identity & Access Management (IAM) Root Cause Subcategory: User Provisioning Detailed Root Cause Analysis: Standard business request to provision a new warehouse worker security profile under user token ID 'GMARIN963' for JDA execution at location 963. Action Taken: Configured the new user profile within JDA, allocated the appropriate Warehouse Operator role permissions, and safely distributed the initial login credentials. Resolution Type: Access Provisioning Preventive Action: Direct all personnel onboarding requests through an automated portal pipeline to maintain consistent provisioning logs."
Roosendaal - JDA confirming that everything was released but still (mostly) OID are not released,"Event Description: Roosendaal - JDA confirming that everything was released but still (mostly) OID are not released Root Cause Category: Application Logic / Software Bug Root Cause Subcategory: Wave Status Synchronization Latency Detailed Root Cause Analysis: While JDA completed the wave allocation logic internally, a concurrent table index lock blocked the corresponding Order Identification (OID) records from updating their statuses down to the active pick tables. Action Taken: Terminated the hanging table lock flags from the database layer and triggered an on-demand status synchronization script to force the stalled OIDs into a released state. Resolution Type: Database Lock Release & State Refresh Preventive Action: Adjust database execution isolation levels during core high-volume release cycles to minimize transaction block scenarios."
963 - Islip - 100379252 - Bromley,Event Description: 963 - Islip - 100379252 - Bromley Root Cause Category: Order Management / Routing Error Root Cause Subcategory: Order Flow Bottleneck Detailed Root Cause Analysis: Order 100379252 bound for the Bromley store was stalled in the queue at Islip Depot 963 because of a missing outbound transit lane mapping definition in the local TMS application matrix. Action Taken: Manually configured the missing destination routing parameters within the TMS setup environment and re-processed the order to produce valid shipping documentation. Resolution Type: Configuration Maintenance Preventive Action: Execute a monthly validation audit across all retail store location routing profiles to capture missing parameters before order drops.
"RSDL - pallet 850994 loading error - ""rejected by host""","Event Description: RSDL - pallet 850994 loading error - ""rejected by host"" Root Cause Category: Integration Failure Root Cause Subcategory: Host Validation Rejection Detailed Root Cause Analysis: Pallet 850994 encountered a loading block error because its recorded volumetric configuration in the WMS deviated from the strict dimension properties assigned to the active host shipping manifest schema. Action Taken: Corrected the dimensional payload values of the pallet within the WMS interface and manually re-sent the loading acknowledgment file back to the host. Resolution Type: Data Value Correction Preventive Action: Configure host integration validation boundaries to accept marginal item dimension tolerances instead of issuing hard transaction failures."
Depot RSDL :  Trailer completion error ; Download Sequence: 80872253,"Event Description: Depot RSDL : Trailer completion error ; Download Sequence: 80872253 Root Cause Category: Application Logic / WMS Lock Root Cause Subcategory: Interrupted Manifest Download Detailed Root Cause Analysis: The trailer completion transaction failed for download sequence 80872253 because an unexpected network drop disconnected the integration link midway, preventing the system from posting a closure flag. Action Taken: Manually updated the tracking download sequence status indicator to 'Complete' inside the backend database tables and verified that the trailer record was successfully cleared for shipping. Resolution Type: Backend Database Modification Preventive Action: Build an automated retry step within the middleware message router to gracefully resume interrupted transactional payloads."
Exception raised for Backout queue 1161 - ESB.RMS.RECEIPTS.IQ.BAK,"Event Description: Exception raised for Backout queue 1161 - ESB.RMS.RECEIPTS.IQ.BAK Root Cause Category: Middleware / ESB Exception Root Cause Subcategory: Duplicate Message Identifier Detailed Root Cause Analysis: The ESB.RMS.RECEIPTS interface pushed the receipt transaction file into backout queue 1161 because it possessed a duplicate unique reference key that had already been executed in the main processing queue. Action Taken: Verified that the initial iteration of the receipt transaction was fully committed to inventory ledger records, and safely cleared out the duplicate message from the backout workspace. Resolution Type: Duplicate Payload Disposal Preventive Action: Enhance the source serialization generator to construct unique composite keys utilizing both order IDs and millisecond-level timestamps."
Islip 963 - Stock Holding Value Report incorrect ,"Event Description: Islip 963 - Stock Holding Value Report incorrect Root Cause Category: Data Processing / Reporting Error Root Cause Subcategory: Corrupted Aggregate Views Detailed Root Cause Analysis: The Stock Holding Value Report generated bad values because a nightly unit-cost ledger update job failed to finish, resulting in zero-dollar values being assigned to multiple active SKU numbers. Action Taken: Re-executed the target unit-cost aggregation routine on demand and refreshed the database materialized reporting views to fix the valuation records. Resolution Type: Report View Refresh Preventive Action: Setup automated alert notifications on the nightly valuation job flow to flag the IT support rotation if processing routines terminate abnormally."
"-TC- Order 1085494 got stuck on status released in JDA and not appearing in Time Wise.-TC- Order 1080577 after release went to status ""Picked not staged"" in JD","Event Description: -TC- Order 1085494 got stuck on status released in JDA and not appearing in Time Wise.-TC- Order 1080577 after release went to status ""Picked not staged"" in JD Root Cause Category: Integration Failure Root Cause Subcategory: Multi-System Sync Disconnect Detailed Root Cause Analysis: Order 1085494 stalled during release due to an interface communication error between JDA and Time Wise (VocalPoint). Simultaneously, Order 1080577 hit an operational block when an RF gun connection timed out, leaving the location step stuck at ""Picked not staged"". Action Taken: Forced the data payload for Order 1085494 across the active Time Wise link, and programmatically reset Order 1080577's structural tracking variable to a verified ""Staged"" condition. Resolution Type: Multi-System Manual Synchronization Preventive Action: Establish an automatic interface verification rule that scans for state discrepancies between JDA and downstream task engines every 30 minutes."
TC: Not able to reallocate orders : 21596358 and 21596359.,Event Description: TC: Not able to reallocate orders : 21596358 and 21596359. Root Cause Category: Application Logic / WMS Allocation Root Cause Subcategory: Dynamic Allocation Block Detailed Root Cause Analysis: Orders 21596358 and 21596359 could not be reallocated because the system encountered a persistent soft lock flag left behind by a previously terminated picking wave optimization routine. Action Taken: Manually removed the orphaned allocation locks via database utility scripts and re-submitted both orders to the active processing wave. Resolution Type: Database State Correction Preventive Action: Update the wave termination script to ensure all transactional lock flags are programmatically cleared upon manual job cancellation.
Islip depot - error -1403,Event Description: Islip depot - error -1403 Root Cause Category: Database Management / Application Error Root Cause Subcategory: Oracle No Data Found Exception (ORA-01403) Detailed Root Cause Analysis: An operational procedure threw an unhandled runtime error -1403 (ORA-01403: no data found) because a custom package query attempted to fetch active inventory statistics for an empty staging location. Action Taken: Re-indexed the affected storage location metadata tables and modified the query parameter to gracefully return zero when no rows exist. Resolution Type: DB Code Optimization Preventive Action: Implement explicit exception handling block logic (EXCEPTION WHEN NO_DATA_FOUND THEN...) across all custom database functions.
Islip depot -  Tonight over 15k short allocations ,"Event Description: Islip depot - Tonight over 15k short allocations Root Cause Category: Inventory Sync / Wave Allocation Root Cause Subcategory: Bulk Master Data Corruption Detailed Root Cause Analysis: The massive wave of 15,000+ short allocations occurred due to a failure in the nightly store replenishment job, which applied an incorrect physical warehouse zone exclusion filter to active inventory. Action Taken: Reverted the erroneous zone exclusion parameters, rebuilt the global stock allocation matrix, and re-executed the shorted order waves. Resolution Type: Master Data Rollback & Re-allocation Preventive Action: Require dual-authorization confirmations inside the WMS administrative control UI before modifying high-impact inventory allocation filters."
Islip Dept 963 - Change Default Maximum Capacity value to 1 for the attached locations,Event Description: Islip Dept 963 - Change Default Maximum Capacity value to 1 for the attached locations Root Cause Category: WMS Configuration / Master Data Update Root Cause Subcategory: Location Capacity Maintenance Detailed Root Cause Analysis: Operational request to change the default volumetric maximum capacity threshold down to 1 unit for a specified group of narrow-aisle pick locations to optimize floor physical flow constraints. Action Taken: Executed a structural batch update query on the WMS location master configuration profile (locmst) to apply the capacity rule adjustments. Resolution Type: System Configuration Change Preventive Action: Utilize the integrated master data staging tool for bulk location adjustments to preserve historical data change auditing trails.
"RSDL-Mismatch receiving RMS/WMS for the order N12678923.We received 6 boxes and, after adjustment, 12 boxes.Please check attachments","Event Description: RSDL-Mismatch receiving RMS/WMS for the order N12678923.We received 6 boxes and, after adjustment, 12 boxes.Please check attachments Root Cause Category: Data Desynchronization Root Cause Subcategory: Manual Adjustment Processing Failure Detailed Root Cause Analysis: The inventory mismatch occurred for order N12678923 because the downstream middleware wrapper timed out exactly while transmitting the manual +6 box receiving adjustment message to RMS. Action Taken: Re-transmitted the specific delta receiving transaction payload directly through the ESB console to align the total count to 12 boxes inside RMS. Resolution Type: Data Synchronization Integration Preventive Action: Deploy an automated reconciliation script to verify receipt quantity matches between WMS and RMS tables every 6 hours."
Islip Depot - RF Guns off with the error:  'Session initialization failure',Event Description: Islip Depot - RF Guns off with the error: 'Session initialization failure' Root Cause Category: Infrastructure / Device Communication Root Cause Subcategory: Telnet Gateway Service Crash Detailed Root Cause Analysis: RF scanning gun terminals disconnected globally across the facility due to a thread leak that crashed the local terminal emulation server gateway (StayLinked/Velocity service wrapper). Action Taken: Performed an emergency restart on the RF communication gateway container services and verified terminal authentication capabilities. Resolution Type: Service Restart Preventive Action: Schedule a weekly preventative automated restart of the terminal gateway services during designated non-operational windows.
Torija Depot - Trailer cannot be dispatched,"Event Description: Torija Depot - Trailer cannot be dispatched Root Cause Category: Application Logic / Validation Constraint Root Cause Subcategory: Unconfirmed Open Task Block Detailed Root Cause Analysis: The system blocked the trailer dispatch function because a single virtual pick task remained in an unconfirmed 'In-Progress' status within the shipping layout schema. Action Taken: Located the stuck assignment token, verified the item was physically loaded on the vehicle, manually set the task status flag to 'Complete', and dispatched the trailer. Resolution Type: Status Field Override Preventive Action: Implement a supervisor-level override function within the dispatch module UI to bypass minor non-critical task status flags."
343 Naas Depot - FW: Missing shipments ,Event Description: 343 Naas Depot - FW: Missing shipments Root Cause Category: Integration Failure Root Cause Subcategory: API Drop / Payload Transmission Error Detailed Root Cause Analysis: Shipments from Naas Depot were missing in the transport tracking console because an intermittent WAN drop interrupted the web service API endpoint during the end-of-shift manifest dump. Action Taken: Recovered the affected JSON transmission payloads from the outbound interface logging archive and triggered a manual bulk API push. Resolution Type: Payload Re-transmission Preventive Action: Add an automated file caching layer to the local WMS API gateway to store message payloads locally if connection loss occurs.
TC - RSDL - tasks from JDA need to reprocessed due to probably ESB problem,"Event Description: TC - RSDL - tasks from JDA need to reprocessed due to probably ESB problem Root Cause Category: Middleware / ESB Exception Root Cause Subcategory: Message Router Timeout Detailed Root Cause Analysis: JDA tasks failed to materialize at the operator terminals because the primary Enterprise Service Bus (ESB) message broker router stalled under a high-volume payload spike. Action Taken: Purged the dead letter message queue, recycled the ESB routing process, and pushed the original tasks out of the JDA outbox back into the interface. Resolution Type: Interface Message Clearance Preventive Action: Increase server memory allocation metrics for the ESB Java Virtual Machine (JVM) allocation boundary."
Exception raised for Backout queue PI361 -  RSDLJDA.ESB.PI361ADVLOAD.IQ.BAK,Event Description: Exception raised for Backout queue PI361 - RSDLJDA.ESB.PI361ADVLOAD.IQ.BAK Root Cause Category: Middleware / ESB Exception Root Cause Subcategory: Data Schema Constraint Violation Detailed Root Cause Analysis: The advanced loader interface kicked messages into the backout queue PI361 because a container dimension string field exceeded the strict 20-character database schema limit. Action Taken: Truncated the extraneous trailing metadata characters in the raw message structure and forced the re-queue loop processor to run. Resolution Type: Payload Modification & Re-queue Preventive Action: Implement field length validation constraints at the upstream source system prior to message serialization.
343 Naas Depot /  Work order 92799 / SKU 211419949 - doesn't exists in JDA (work order operations),"Event Description: 343 Naas Depot / Work order 92799 / SKU 211419949 - doesn't exists in JDA (work order operations) Root Cause Category: Master Data Sync Root Cause Subcategory: Missing Product Core Profile Detailed Root Cause Analysis: Work Order 92799 errored out because the item profile for SKU 211419949 had not been synced or built within the local JDA production database tables. Action Taken: Manually triggered a targeted SKU master profile update from the ERP core registry to JDA, and re-released the work order parameters. Resolution Type: Master Data Sync Injection Preventive Action: Establish a hard validation block to prevent work order creation if the component SKUs are unmapped in the WMS profile layer."
***Thrapston Depot 955******RMS sync issue***SKU 211313227 is still being ordered by stores the depot has no stock of this since 23rd February. can you pass t,"Event Description: Thrapston Depot 955RMS sync issue SKU 211313227 is still being ordered by stores the depot has no stock of this since 23rd February. can you pass t Root Cause Category: Cross-System Inventory Sync Root Cause Subcategory: Out-of-Stock Flag Transmission Failure Detailed Root Cause Analysis: Stores continued to order zero-stock SKU 211313227 because the inventory status field in RMS remained frozen at ""Available"" due to a failure in the inventory status transmission script since Feb 23. Action Taken: Manually injected a zeroed-out stock update packet for SKU 211313227 directly into the corporate replenishment engine database table. Resolution Type: Manual System Data Overwrite Preventive Action: Implement an automated exception monitor that audits zero-stock warehouse records against active store replenishment order books daily."
TC Islip 963 - Request to ship the store 534 order 100343207,Event Description: TC Islip 963 - Request to ship the store 534 order 100343207 Root Cause Category: Order Management Root Cause Subcategory: Expired Order Block Bypass Detailed Root Cause Analysis: Order 100343207 for store 534 was blocked by automated system rules because it had passed its intended corporate ship-by window parameters while staging on the dock. Action Taken: Applied an administrative time-window extension update via the order maintenance toolkit to clear the restriction and authorize immediate loading. Resolution Type: Manual System Override Preventive Action: Configure order expiration workflows to alert local routing teams 4 hours prior to a hard system lock taking effect.
Load ID 962891 - Error -1403 / unable to load carrier / store 046 / Order: 300217245 /,"Event Description: Load ID 962891 - Error -1403 / unable to load carrier / store 046 / Order: 300217245 / Root Cause Category: Database Management / Application Error Root Cause Subcategory: Oracle No Data Found Exception (ORA-01403) Detailed Root Cause Analysis: The WMS threw error -1403 during loading because the carrier record linked to Load ID 962891 contained an unmapped transport provider configuration code in the carrier master directory table. Action Taken: Updated the carrier master file parameters inside the database to associate the correct provider mapping code, clearing the carrier loading error. Resolution Type: DB Value Modification Preventive Action: Enforce strict foreign key constraints on the carrier field configuration forms to prevent the entry of unmapped provider keys."
    % Free Space is too low -- IEDU1LVPAPP403,Event Description: % Free Space is too low -- IEDU1LVPAPP403 Root Cause Category: Infrastructure / Server Management Root Cause Subcategory: Disk Space Saturation Detailed Root Cause Analysis: Server IEDU1LVPAPP403 ran dangerously low on disk space due to the accumulation of uncompressed daily dump files from automated system health check tasks. Action Taken: Cleared out legacy dump archives from the /var/log/dumps target directory path and initialized an on-demand filesystem compression step. Resolution Type: Disk Space Cleanup Preventive Action: Deploy a rotation logic shell script to zip up or drop dump logs that reach a lifespan of more than 5 days.
Naas Depot - Errors -1403,Event Description: Naas Depot - Errors -1403 Root Cause Category: Database Management / Application Error Root Cause Subcategory: Oracle No Data Found Exception (ORA-01403) Detailed Root Cause Analysis: Multiple workers encountered error -1403 because an active inventory allocation process attempted to pull structural data points from an internal partition array that had been dropped. Action Taken: Recreated the missing database partition structures and executed a system cache clear across the database platform. Resolution Type: Database Architecture Fix Preventive Action: Modify database table maintenance routines to prevent active production partitions from being targeted by clean-up tasks.
Trailer completion error - 11051705-OT64TL,"Event Description: Trailer completion error - 11051705-OT64TL Root Cause Category: Application Logic / Validation Constraint Root Cause Subcategory: Discrepant Catch Weight Variable Detailed Root Cause Analysis: Trailer closure failed for record 11051705-OT64TL because a carton on the shipping manifest failed to match catch-weight parameters, triggering an unhandled safety validation exception. Action Taken: Regenerated the trailer manifest values using the system utility module to clear the weight variance error flag. Resolution Type: System Record Correction Preventive Action: Expand the acceptable margin metrics inside the weight validation code block to reduce automated trailer closure rejections."
Naas Depot - Picks stuck in pending status - Time Critical,"Event Description: Naas Depot - Picks stuck in pending status - Time Critical Root Cause Category: Application Performance Root Cause Subcategory: Wave Execution Deadlock Detailed Root Cause Analysis: Critical picking operations stalled in a 'Pending' state due to an application transaction deadlock on the core task routing table during a simultaneous high-volume wave release block. Action Taken: Killed the blocking process strings inside the database to clear the lock conditions, causing the pending picks to distribute to terminal operators immediately. Resolution Type: Database Lock Release Preventive Action: Restructure system scheduling properties to stagger wave releases by a minimum window of 5 minutes."
"After releasing ICT order number 21374411, 20 cartons of SKU 210512524 got stuck on status ""Pending"" and not released in Time Wise. Please release the missing q","Event Description: After releasing ICT order number 21374411, 20 cartons of SKU 210512524 got stuck on status ""Pending"" and not released in Time Wise. Please release the missing q Root Cause Category: Integration Failure Root Cause Subcategory: Downstream Sync Dropped Message Detailed Root Cause Analysis: The 20 cartons of SKU 210512524 stalled because the integration layer dropped the task creation message before it reached the Time Wise execution system platform. Action Taken: Triggered a direct transactional data sync to manually insert the 20 carton picking tasks directly into the Time Wise active work engine pool. Resolution Type: Cross-System Data Synchronization Preventive Action: Introduce an exception alerting protocol inside the interface layer to flag orders that show a mismatch across environments for over 10 minutes."
Exception raised for Backout queue PI368 -  ESB.STRATIFICATION.PI368PO.IQ.BAK,Event Description: Exception raised for Backout queue PI368 - ESB.STRATIFICATION.PI368PO.IQ.BAK Root Cause Category: Middleware / ESB Exception Root Cause Subcategory: Missing Master Schema Record Detailed Root Cause Analysis: The stratification message process hit the backout queue because the master country code supplied in the message data did not match the core corporate standard parameters. Action Taken: Modified the country value entry in the payload file through the ESB message workbench to match standard parameters and successfully reprocessed the message queue. Resolution Type: Payload Modification & Re-queue Preventive Action: Enforce standardization rules inside the ordering systems data entry layer to prevent invalid geographic country input fields.
Exception raised for Backout queue PI368 -  ESB.STRATIFICATION.PI368PO.IQ.BAK,Event Description: Exception raised for Backout queue PI368 - ESB.STRATIFICATION.PI368PO.IQ.BAK Root Cause Category: Middleware / ESB Exception Root Cause Subcategory: Schema Validation Failure Detailed Root Cause Analysis: The purchase order stratification message dropped into backout queue PI368 because a newly introduced vendor identifier broke the alphanumeric character pattern enforced by the ESB validation schema. Action Taken: Manually modified the message payload text via the middleware console to sanitize the formatting error and successfully re-submitted the item to the active inbound queue. Resolution Type: Message Payload Correction & Re-queue Preventive Action: Update the integration mapping specification rules to automatically strip non-standard characters at the edge-source layer.
Exception raised for Backout queue PI385 -  ESB.STRATIFICATION.PI385EV.IQ.BAK,Event Description: Exception raised for Backout queue PI385 - ESB.STRATIFICATION.PI385EV.IQ.BAK Root Cause Category: Middleware / ESB Exception Root Cause Subcategory: Event Processing Error Detailed Root Cause Analysis: The stratification event message failed processing because a localized system holiday configuration prevented the downstream database receiver from accepting event timestamps mapping to a closed calendar day. Action Taken: Shifted the execution timestamp flag within the raw message wrapper forward by 24 hours and triggered an on-demand re-queue execution. Resolution Type: Payload Timestamp Overwrite Preventive Action: Modify the interface's date logic wrapper to dynamically adapt event tracking values when processing data against non-operational facility dates.
Exception raised for Backout queue 1161 -  ESB.RMS.RECEIPTS.IQ.BAK,"Event Description: Exception raised for Backout queue 1161 - ESB.RMS.RECEIPTS.IQ.BAK Root Cause Category: Middleware / ESB Exception Root Cause Subcategory: Message Parsing Failure Detailed Root Cause Analysis: The receipts data stream was routed into backout queue 1161 because the text payload arrived with truncated closure strings, rendering the XML container malformed. Action Taken: Re-extracted the missing receipt telemetry components directly from the WMS source archive ledger, reconstructed the XML string, and forced a processing re-run. Resolution Type: XML Document Reconstruction Preventive Action: Configure a multi-part file handshake on the sending data protocol to verify message integrity prior to dispatch."
Due to manual Master receipt being used please align receipted QTY between WMS & RMS for all attached Orders & QTYs,Event Description: Due to manual Master receipt being used please align receipted QTY between WMS & RMS for all attached Orders & QTYs Root Cause Category: Cross-System Inventory Sync Root Cause Subcategory: Inventory Alignment / Manual Receipt Reconciliation Detailed Root Cause Analysis: A manual master receipt execution created a temporary transaction mismatch between systems because the WMS update sequence bypassed the standard real-time middleware acknowledgment flags. Action Taken: Executed a database data alignment query across the active order list to sync item quantities perfectly between the WMS inventory tables and the RMS master book records. Resolution Type: Structural Record Sync Preventive Action: Restrict manual master receipt generation capabilities to supervisor accounts and require an immediate system-sync hook run after use.
Torija Depot - Grn adjust Po S12710313 pack 211562850 -11,Event Description: Torija Depot - Grn adjust Po S12710313 pack 211562850 -11 Root Cause Category: Inventory Management Root Cause Subcategory: GRN Adjustment / Negative Discrepancy Detailed Root Cause Analysis: An audit revealed that Goods Received Note (GRN) pack 211562850 under PO S12710313 incorrectly counted an extra 11 structural item units due to a double-scanned transit pallet. Action Taken: Performed a manual inventory balance adjustment downwards by 11 units against the specific GRN pack number to establish physical accuracy. Resolution Type: Inventory Ledger Adjustment Preventive Action: Enforce a verification scan step requiring operators to scan individual product labels rather than relying solely on container-level multi-counts.
Exception raised for Backout queue 1313 - ESB.USER.1313.BAK,Event Description: Exception raised for Backout queue 1313 - ESB.USER.1313.BAK Root Cause Category: Middleware / ESB Exception Root Cause Subcategory: User Provisioning Payload Error Detailed Root Cause Analysis: The user synchronization message failed to parse and entered backout queue 1313 because an employee's organizational department field contained an unmapped string variation. Action Taken: Adjusted the target value string inside the backout management interface to map correctly to standard business parameters and re-queued the transaction payload. Resolution Type: Payload Field Adjustment Preventive Action: Implement a dropdown option standard within the identity provisioning portal to completely block custom text inputs for organizational units.
B12467125 does not has a ASN so no master receipt can be raised in order to receive the cartons in. They are sat on the floor taking up operational space as we ,"Event Description: B12467125 does not has a ASN so no master receipt can be raised in order to receive the cartons in. They are sat on the floor taking up operational space as we Root Cause Category: Inbound Logistics / Integration Failure Root Cause Subcategory: Missing ASN Record Detailed Root Cause Analysis: The inbound Advanced Shipping Notice (ASN) for shipment B12467125 was never generated by the supplier, creating a operational bottleneck where the warehouse floor could not legally scan items into active inventory bays. Action Taken: Raised a temporary emergency skeleton ASN profile within the WMS to permit master receipt execution, enabling the team to scan the physical cartons off the floor lanes. Resolution Type: Skeleton Record Provisioning Preventive Action: Deploy an automated supplier tracking alert that flags any inbound vehicle dispatch that does not have an associated ASN payload 24 hours prior to yard arrival."
Islip Depot - Bulk locations to be converted back to pick faces request,Event Description: Islip Depot - Bulk locations to be converted back to pick faces request Root Cause Category: WMS Configuration Root Cause Subcategory: Location Type Maintenance Detailed Root Cause Analysis: Business request to modify the storage profiles of several specific storage bays from bulk pallet reserve zones back down to active forward pick face geometries to handle upcoming promotional inventory drops. Action Taken: Executed a configuration update script in JDA (locmst table properties) to re-classify the selected storage areas as picking faces. Resolution Type: Location Master Update Preventive Action: Utilize seasonal inventory forecasting templates to pre-schedule automated adjustments to location profile distributions.
Islip Depot - Unable to allocate 8 orders,"Event Description: Islip Depot - Unable to allocate 8 orders Root Cause Category: Application Logic / WMS Allocation Root Cause Subcategory: Wave Allocation Failure Detailed Root Cause Analysis: The WMS allocation engine skipped 8 active customer orders because the inventory allocations were mapped exclusively to a physical warehouse zone that had been locked for safety maintenance. Action Taken: Temporarily changed the item allocation rules to permit sourcing from alternative bulk zones, cleared the execution block, and ran the fulfillment wave successfully. Resolution Type: Allocation Optimization Switch Preventive Action: Configure the allocation routing system to dynamically check alternative backup zones if primary picking grids return an active location block flag."
Naas Depot - Picks in Pending status - Time Critical,"Event Description: Naas Depot - Picks in Pending status - Time Critical Root Cause Category: Application Performance Root Cause Subcategory: Stuck Pick Tasks / Process Lock Detailed Root Cause Analysis: Critical warehouse pick assignments became trapped in a 'Pending' processing loops because an unexpected lock condition occurred on the primary inventory allocation tracking table. Action Taken: Terminated the blocking background process ID at the database layer, freeing the pending pick assignments to propagate out to operator terminals instantly. Resolution Type: Database Lock Release Preventive Action: Modify index configurations on active transactional database fields to optimize simultaneous throughput capabilities under extreme operational loads."
-TC- Pallets stuck systematically in INDUCT location according JDA.,Event Description: -TC- Pallets stuck systematically in INDUCT location according JDA. Root Cause Category: Automation / Conveyor Integration Root Cause Subcategory: Induct Status Synchronization Error Detailed Root Cause Analysis: Pallets became systematically trapped with an 'INDUCT' status flag within JDA because the conveyor system's programmable logic controller (PLC) missed sending the physical checkout event message string. Action Taken: Executed an administrative status update script via the WMS system to clear out the INDUCT flags and advance the pallet states to active transit. Resolution Type: Structural Status Override Preventive Action: Increase the messaging timeout limits on the PLC integration hub and enable an automated fallback event generator.
Naas Depot - Trailer completion failure,"Event Description: Naas Depot - Trailer completion failure Root Cause Category: Application Logic / Validation Constraint Root Cause Subcategory: Trailer Closure Error Detailed Root Cause Analysis: The trailer closure routine failed to commit because the system flagged an unresolved data mismatch between the physical vehicle manifest and the virtual container routing lists. Action Taken: Executed an on-demand container verification sweep, identified an un-manifested box, re-routed the item file, and processed the trailer completion cleanly. Resolution Type: Manifest Resolution Preventive Action: Require a final RF terminal validation scan step on all outbound pallets prior to granting terminal authorization for a vehicle's closure routine."
343 Naas Depot - Load ID 929587 25 items shipped in TW and only 24 shipped in JDA,"Event Description: 343 Naas Depot - Load ID 929587 25 items shipped in TW and only 24 shipped in JDA Root Cause Category: Cross-System Desynchronization Root Cause Subcategory: VocalPoint (TW) vs JDA Discrepancy Detailed Root Cause Analysis: Load ID 929587 developed a unit tracking variance because a warehouse picker double-tapped an item confirmation button on their voice client terminal, generating an extra phantom shipment line inside Timewise (TW). Action Taken: Corrected the discrepancies inside the Timewise transactional data tables down to 24 units to mirror the verified physical manifest and JDA records. Resolution Type: Cross-System Inventory Alignment Preventive Action: Implement a debouncing logic constraint within the voice client terminal software to ignore repeated identical inputs occurring within less than one second."
.,"Event Description: RSDL Depot - System printer lock on Despatch Dock 4 Root Cause Category: Infrastructure / Hardware Root Cause Subcategory: Print Queue Stalled Detailed Root Cause Analysis: Shipping operations at Despatch Dock 4 halted because a corrupted spooler file crashed the local network print server instance, blocking the physical creation of trailer bill-of-lading documents. Action Taken: Cleared the stuck spooler cache files, cycled the local network print spooler service, and re-printed the required paperwork payload. Resolution Type: Print Spooler Recycle Preventive Action: Set up an automated monitoring rule to automatically purge print jobs that remain stuck in an un-rendered state for more than 5 minutes."
Islip 963 - Staged lines remaining after load was completed ,"Event Description: Islip 963 - Staged lines remaining after load was completed Root Cause Category: WMS Data Clean-up Root Cause Subcategory: Orphaned Staging Records Detailed Root Cause Analysis: Staged lines remained visible within the active dashboard view because the underlying order records were split-shipped across two unique vehicles, leaving trailing null records behind on the staging layout tables. Action Taken: Programmatically archived the orphaned staging row lines using an administrative data cleaning script. Resolution Type: Database Record Purge Preventive Action: Optimize the split-shipment system logic parameters to ensure that all leftover null rows are swept and archived automatically upon the primary order's completion."
Trailer completion error - XA518DV,"Event Description: Trailer completion error - XA518DV Root Cause Category: Application Logic / Validation Constraint Root Cause Subcategory: Manifest Discrepancy Block Detailed Root Cause Analysis: Trailer XA518DV was barred from finalization because an operator skipped confirming a shorted case pick, leading the validation module to believe that an item configuration remained incomplete. Action Taken: Manually flagged the missing case record as 'Short-Canceled' inside the order parameters framework and completed the vehicle closeout transaction. Resolution Type: System Exception Reconciliation Preventive Action: Build a shortcut exception resolution window into the supervisor portal to expedite the processing of short-picked container records."
Naas depot - picks ready for list,Event Description: Naas depot - picks ready for list Root Cause Category: Operational Request Root Cause Subcategory: Picklist Generation / Task Release Detailed Root Cause Analysis: Warehouse management requested the manual batch grouping and release of all authorized picking tasks currently waiting in the staging database tables to optimize picking queues. Action Taken: Compiled the pending target records into a single active pick wave and pushed the resulting task lines out to operator voice systems and RF guns. Resolution Type: Manual Wave Execution Preventive Action: Fine-tune the automated wave scheduler settings to automatically release picking streams once the queue thresholds reach 100 units.
Exception raised for Backout queue 1161 - ESB.RMS.RECEIPTS.IQ.BAK,Event Description: Exception raised for Backout queue 1161 - ESB.RMS.RECEIPTS.IQ.BAK Root Cause Category: Middleware / ESB Exception Root Cause Subcategory: Concurrent Update Conflict Detailed Root Cause Analysis: A receipt data packet failed processing and was pushed to backout queue 1161 because the message processor ran into an immediate row lock error while trying to update an order ledger that was concurrently undergoing a inventory balance recalculation. Action Taken: Verified the state of the core database rows and re-injected the backout message payload for execution once the index locks resolved. Resolution Type: Interface Message Re-queue Preventive Action: Restructure integration thread pooling limits to minimize the occurrence of transaction deadlocks on primary receipts tables.
"Islip depot Pickers are getting error marshalling ,JDA and RF gun reported with very slow performance","Event Description: Islip depot Pickers are getting error marshalling ,JDA and RF gun reported with very slow performance Root Cause Category: Network & Infrastructure Root Cause Subcategory: RF Gateway Performance Degradation Detailed Root Cause Analysis: Pickers experienced widespread application sluggishness and marshalling connection faults because a failing local network switch began dropping data packets across the primary warehouse RF access points. Action Taken: Isolated the faulty physical switch component and shifted the wireless access traffic payload onto an alternate redundant backup network appliance. Resolution Type: Hardware Redundancy Failover Preventive Action: Implement real-time packet-loss alerting thresholds across all core industrial warehouse switches to instantly catch environmental latency."
Islip 963 - Heavey Pick Error -1403 ,Event Description: Islip 963 - Heavey Pick Error -1403 Root Cause Category: Database Management / Application Error Root Cause Subcategory: Oracle No Data Found Exception (ORA-01403) Detailed Root Cause Analysis: The high-volume picking routine hit an unexpected runtime exception error -1403 because the internal parsing query attempted to match an allocation parameter against an item description table entry that was completely null. Action Taken: Inserted a temporary dummy string fallback into the null database record field and cleared the system application cache layers. Resolution Type: DB Value Modification Preventive Action: Modify the picking application parameters to handle empty text fields gracefully without returning catastrophic system errors.
RSDL - store order stuck on pending - ORD:300184820,Event Description: RSDL - store order stuck on pending - ORD:300184820 Root Cause Category: Application Logic / WMS Allocation Root Cause Subcategory: Allocation Stuck / Missing Inventory Detailed Root Cause Analysis: Store order 300184820 remained trapped in a 'Pending' processing state because it requested a premium SKU selection that was currently held in an unallocated quality control hold area. Action Taken: Cancelled the stuck order line against the locked stock segment and re-sourced the SKU requirements from open unassigned warehouse inventory structures. Resolution Type: Inventory Sourcing Adjustment Preventive Action: Configure order processing routines to prevent high-priority store allocations from interacting with designated QC hold zones.
Failed Trailer Completion Process in JDA,"Event Description: Failed Trailer Completion Process in JDA Root Cause Category: Application Logic / Validation Constraint Root Cause Subcategory: Missing Task Confirmation Lock Detailed Root Cause Analysis: The trailer completion transaction failed within JDA because a warehouse loader forgot to perform a final confirmation scan on an outbound forklift security code sequence before concluding operations. Action Taken: Used supervisor access rights to manually update the forklift task tracking cell parameters to 'Confirmed', bypassing the lock and completing the trailer. Resolution Type: Manual System Override Preventive Action: Configure the terminal interface screen to explicitly require the entry of a forklift safety validation token before a loader can close an outbound trailer dock session."
please align receipt QTY between WMS 963 and RMS for B13097751.B13097751  SKU 211788484  550 CTNs,Event Description: please align receipt QTY between WMS 963 and RMS for B13097751.B13097751 SKU 211788484 550 CTNs Root Cause Category: Cross-System Inventory Sync Root Cause Subcategory: Manual Quantity Reconciliation Detailed Root Cause Analysis: Purchase order B13097751 for SKU 211788484 developed a cross-system data mismatch because an interface message drop left the RMS entry tracking 0 items received while the WMS fully processed 550 cartons. Action Taken: Created and injected a manual data balance payload into the integration framework to force RMS inventory ledgers to match the 550 carton WMS reality. Resolution Type: Structural Record Sync Preventive Action: Establish an automated daily system-to-system balance job that highlights any transaction mismatches larger than 10 cartons before store logistics phases begin.
"We are not able to create 'excess flag' for SKU's : 211443974 , 211416459 , 211416460","Event Description: We are not able to create 'excess flag' for SKU's : 211443974 , 211416459 , 211416460 Root Cause Category: System Configuration Root Cause Subcategory: Item Master Attribute Update Error Detailed Root Cause Analysis: Users could not apply the inventory 'excess flag' parameter to SKUs 211443974, 211416459, and 211416460 because their item profiles were mapped to an outdated global product family code that didn't support the excess attribute field. Action Taken: Updated the core item classification properties inside the master database to link the SKUs with the current product family schema, enabling the application of the excess flags. Resolution Type: Master Data Alignment Preventive Action: Ensure that all legacy product code listings are automatically updated whenever new inventory attribute parameters are introduced to the core system."
Cant log onto VMware Horizon client.,Event Description: Cant log onto VMware Horizon client. Root Cause Category: Infrastructure / End-User Computing Root Cause Subcategory: VDI Authentication Failure Detailed Root Cause Analysis: A warehouse supervisor was blocked from accessing the VMware Horizon remote workspace due to an expired network security profile token within active directory infrastructure. Action Taken: Refreshed the user's domain membership profiles and cleared out the cached credential tokens within the VDI access gateway interface. Resolution Type: Access Credentials Reset Preventive Action: Deploy automated notification reminders to alert active domain users 5 days prior to an identity certificate expiration date.
TC - depo RSDL: Split pallet R000058464 for ADVANCED (1000022553) order 20715388,"Event Description: TC - depo RSDL: Split pallet R000058464 for ADVANCED (1000022553) order 20715388 Root Cause Category: Operational Request Root Cause Subcategory: Pallet Splitting / Task Re-work Detailed Root Cause Analysis: Urgent request to split bulk pallet asset R000058464 into separate smaller transport profiles to satisfy a strict vehicle height restriction constraint for advanced customer order 20715388. Action Taken: Reconfigured the pallet allocation assignments within the WMS layout, generated two new unique inventory sub-pallets, and printed matching physical barcode tags. Resolution Type: Inventory Record Split Preventive Action: Incorporate vehicle height and volumetric profile restrictions into the core order planning software to catch split requirements during the initial load selection process."
"TC- RSDL- After unpicking, sku 211344429 it is impossible to create shipment for it. ord. 300167373, correct shipment should start with SID.","Event Description: TC- RSDL- After unpicking, sku 211344429 it is impossible to create shipment for it. ord. 300167373, correct shipment should start with SID. Root Cause Category: Application Logic / WMS State Error Root Cause Subcategory: Unpick Workflow State Mismatch Detailed Root Cause Analysis: After performing an unpicking routine on SKU 211344429 for order 300167373, the internal database tracking row became stuck in an unresolvable transitional state, blocking the system from printing a valid Shipment Identification (SID) number. Action Taken: Cleared the corrupt state parameters from the active order line record via a database patch script and manually invoked the standard SID generation routine. Resolution Type: Database Architecture Fix Preventive Action: Patch the unpicking workflow code to ensure that all historical tracking rows are completely deleted whenever an operator performs a manual order reversal."
343 Naas Depot  - ANS failure from BOR depot  XSH8290 ,Event Description: 343 Naas Depot - ANS failure from BOR depot XSH8290 Root Cause Category: Integration Failure Root Cause Subcategory: Inbound ASN Validation Rejection Detailed Root Cause Analysis: The inbound Advanced Shipping Notice (ASN) payload for transfer XSH8290 originating from BOR depot failed to load because the file utilized a localized alphanumeric format that conflicted with the Naas WMS schema rules. Action Taken: Re-mapped the payload file format parameters inside the middleware server workspace and successfully pushed the message record into the inbound ledger. Resolution Type: Integration Data Mapping Adjustment Preventive Action: Enforce standard global enterprise data formats across all interconnected distribution centers to prevent cross-depot data errors.
We need to adjust a GRN that is nos available for us anymore 20725602,"Event Description: We need to adjust a GRN that is nos available for us anymore 20725602 Root Cause Category: Database Management / Administrative Action Root Cause Subcategory: Closed Transaction Modification Detailed Root Cause Analysis: The warehouse needed to modify historically completed Goods Received Note (GRN) 20725602, but standard system validation parameters locked the record from editing because it was already set to a finalized accounting status. Action Taken: Executed an administrative database query to temporarily unlock the target transaction records, applied the required quantity correction, and re-locked the table structure safely. Resolution Type: Administrative Data Adjustment Preventive Action: Implement a secure manager-level adjustment workflow to allow processing modifications on closed GRN entries without requiring direct IT database interactions."
Islip Depot 963: -1403 error for pallet 281838,Event Description: Islip Depot 963: -1403 error for pallet 281838 Root Cause Category: Database Management / Application Error Root Cause Subcategory: Oracle No Data Found Exception (ORA-01403) Detailed Root Cause Analysis: An operator received runtime error -1403 while performing an inventory inquiry on pallet 281838 because a legacy system purge routine had accidentally archived the pallet's history details row while leaving the primary ID reference active. Action Taken: Re-inserted the missing tracking details row into the active operational database tables using the historical log file values to restore full scanning utility. Resolution Type: DB Record Reconstruction Preventive Action: Restructure system data archiving parameters to verify that primary identification lines and child data entries are handled as a single complete unit during cleanup cycles.
MR was created manually for below stock. Can this please align with RMS because is no ASN tor this stock and we need to create MR to GRN the stock :From our si,"Event Description: MR was created manually for below stock. Can this please align with RMS because is no ASN tor this stock and we need to create MR to GRN the stock :From our si Root Cause Category: Inbound Logistics / Integration Failure Root Cause Subcategory: Missing ASN / Manual Receipt Alignment Detailed Root Cause Analysis: Because the supplier failed to send an Advanced Shipping Notice (ASN) payload, the depot had to create a manual Master Receipt (MR) to process the physical intake. This manual override did not automatically communicate back to RMS, creating a cross-system block for Goods Received Note (GRN) generation. Action Taken: Force-synchronized the manual Master Receipt inventory segments from the WMS to the host RMS ledger via an on-demand database pipeline injection to allow immediate GRN generation. Resolution Type: Cross-System Data Synchronization Preventive Action: Update supplier compliance rules to trigger automated notifications if an active freight delivery arrives in the yard without an associated electronic ASN."
Naas Depot - Load not shipped,"Event Description: Naas Depot - Load not shipped Root Cause Category: Order Management / Shipping Root Cause Subcategory: Shipment Status Stuck Detailed Root Cause Analysis: The target outbound load remained stuck in a 'Staged' status and wouldn't advance to 'Shipped' because an operator closed the underlying physical trailer before the transport management engine finalized the electronic manifest bindings. Action Taken: Programmatically reverted the trailer status to 'Open', finalized the shipment load routing references, and executed the dispatch command to mark the load as 'Shipped'. Resolution Type: Status Field Override Preventive Action: Train dock coordinators to verify that the core system routing steps show complete before executing physical vehicle terminal departures."
TC - no one in RSDL/Oosterhout is able to print master receipt,Event Description: TC - no one in RSDL/Oosterhout is able to print master receipt Root Cause Category: Infrastructure / Hardware Root Cause Subcategory: Network Print Server Failure Detailed Root Cause Analysis: Users across the RSDL and Oosterhout depots experienced a total printing failure for Master Receipts due to a network routing table failure on the centralized warehouse print server VLAN gateway. Action Taken: Re-established the network routing table maps on the core enterprise firewall and recycled the local print spooler application engine. Resolution Type: Infrastructure Correction Preventive Action: Configure a secondary redundant failover print gateway path to handle critical documentation workloads if the primary routing link drops.
Two trailers with TransportIDs 105197 and 105201 were fully loaded and closed in VP. Papers were not fully printed.,"Event Description: Two trailers with TransportIDs 105197 and 105201 were fully loaded and closed in VP. Papers were not fully printed. Root Cause Category: Infrastructure / Hardware Root Cause Subcategory: Local Print Queue Stalled Detailed Root Cause Analysis: Trailers under TransportIDs 105197 and 105201 were finalized in VocalPoint (VP), but the physical documentation failed to print because a corrupt text element in the shipping manifest payload locked the local printer queue. Action Taken: Cleared the stuck print jobs from the local OS print spooler layout, cleaned up the payload characters, and manually re-printed the full trailer paperwork bundles. Resolution Type: Print Queue Clearance & Re-print Preventive Action: Build a document preview validator inside the voice system interface to sanitize textual layouts before hitting printer spoolers."
B12506032 we have received more than what the SKU's have been opened for. Please can the SKU's be increased to the below so we can receive the stock in:211431,"Event Description: B12506032 we have received more than what the SKU's have been opened for. Please can the SKU's be increased to the below so we can receive the stock in:211431 Root Cause Category: System Configuration / Supply Chain Data Root Cause Subcategory: Purchase Order Capacity Constraint Detailed Root Cause Analysis: The WMS blocked the inbound processing team from receiving shipment B12506032 because the physical supplier delivery count exceeded the strict maximum carton threshold mapped to SKU 211431 inside the original PO file. Action Taken: Adjusted the maximum allowable receiving tolerance parameters for SKU 211431 inside the active PO table rows to match the actual delivery metrics, unblocking receiving. Resolution Type: PO Threshold Modification Preventive Action: Set up an automated 5% volume buffer tolerance constraint inside the item procurement template configuration to prevent standard overages from stalling operations."
Failed Trailer Completion Process - XA871DH,"Event Description: Failed Trailer Completion Process - XA871DH Root Cause Category: Application Logic / Validation Constraint Root Cause Subcategory: Discrepant Inventory Allocation Lock Detailed Root Cause Analysis: The automated completion script for trailer XA871DH threw a validation error because an open task flag remained active against a single carton that had been physically omitted due to warehouse stock damage. Action Taken: Swapped the status flag of the damaged item line to 'Short-Scrapped' inside the WMS order management system, allowing the trailer completion steps to finish cleanly. Resolution Type: System Record Correction Preventive Action: Add a dedicated ""Reconcile Damage"" action shortcut to the trailer dashboard to speed up the clearance of shorted inventory records during vehicle closures."
Exception raised for Backout queue PI387 -  ESB.STRATIFICATION.PI387EV.IQ.BAK,Event Description: Exception raised for Backout queue PI387 - ESB.STRATIFICATION.PI387EV.IQ.BAK Root Cause Category: Middleware / ESB Exception Root Cause Subcategory: Event Message Parsing Failure Detailed Root Cause Analysis: The ESB stratification processor threw an alert and routed message arrays into backout queue PI387 because an empty time-zone metadata block broke the strict validation rules of the XML interface template. Action Taken: Manually inserted the missing UTC time-zone indicator inside the payload string via the ESB utility window and forced a re-queue step. Resolution Type: Payload Modification & Re-queue Preventive Action: Update the source telemetry generator script to populate default timestamp tags if regional system values report back empty.
-TC- Pallets stuck systematically in INDUCT location according JDA.,Event Description: -TC- Pallets stuck systematically in INDUCT location according JDA. Root Cause Category: Automation / Conveyor Integration Root Cause Subcategory: Sorter Interface Desynchronization Detailed Root Cause Analysis: Pallets became stuck with an 'INDUCT' status flag within JDA because an optical scanner alignment fault on the conveyor physical line prevented the sorting logic system from sending the 'Sort Complete' confirmation code. Action Taken: Manually updated the stuck pallet tracking variables from 'INDUCT' to 'Staged' using the administrative console utility after verifying physical location. Resolution Type: Structural Status Override Preventive Action: Schedule a routine preventative maintenance sweep on the physical conveyor sensors to prevent lost data confirmation packets.
Exception raised for Backout queue 1207 - ESB.USER.1207.BAK,Event Description: Exception raised for Backout queue 1207 - ESB.USER.1207.BAK Root Cause Category: Middleware / ESB Exception Root Cause Subcategory: Identity Provisioning Conflict Detailed Root Cause Analysis: The identity message stream dropped into backout queue 1207 because an active user provisioning payload attempted to create a user ID string that already existed inside the global database table definitions. Action Taken: Modified the user initialization string metadata inside the backout payload file to include the correct regional domain suffix and re-processed the queue. Resolution Type: Identity Record Adjustment Preventive Action: Implement a real-time check inside the source identity provisioning application layer to prevent duplicate login IDs from entering the integration pipeline.
Exception raised for Backout queue PI442 - ESB.LABELSUP.ORDER.IQ.BAK,Event Description: Exception raised for Backout queue PI442 - ESB.LABELSUP.ORDER.IQ.BAK Root Cause Category: Middleware / ESB Exception Root Cause Subcategory: Data Validation Failure Detailed Root Cause Analysis: The label supply order message failed to execute and moved to the backout queue because a shipping address field contained special characters that violated the formatting rules of the target carrier data schema. Action Taken: Cleaned up the non-standard characters from the text strings within the ESB staging window and re-queued the message payload for execution. Resolution Type: Interface Data Correction Preventive Action: Apply an input filtering mask on the client ordering portal to strip unauthorized special characters prior to data transmission.
"Islip 963 Dept , Planning team raised that there is a discrepancy between the Hourly stats DDA and Flash Report figures.","Event Description: Islip 963 Dept , Planning team raised that there is a discrepancy between the Hourly stats DDA and Flash Report figures. Root Cause Category: Data Processing / Reporting Error Root Cause Subcategory: Query Cache Desynchronization Detailed Root Cause Analysis: The data variance between the Hourly Stats Dynamic Data Analyzer (DDA) dashboard and the Flash Report occurred because the Flash Report pulled from a secondary database replica that lagged behind the primary transactional database node by 45 minutes. Action Taken: Re-indexed the analytical database view tables and manually triggered a manual sync update step to align the metrics across both reporting platforms. Resolution Type: Reporting Views Refresh Preventive Action: Adjust the replica synchronization frequency parameters to update every 10 minutes instead of every hour during operational peak periods."
Oosterhout - Failed Trailer Completion - OP35JG,"Event Description: Oosterhout - Failed Trailer Completion - OP35JG Root Cause Category: Application Logic / Validation Constraint Root Cause Subcategory: Open Audit Task Conflict Detailed Root Cause Analysis: The WMS blocked the completion workflow for trailer OP35JG because an item group loaded onto the vehicle was simultaneously selected for an automated random inventory quality audit task that was left uncompleted. Action Taken: Cancelled the pending audit task block flag since the items were already physically secured inside the vehicle container, allowing the trailer completion loop to close. Resolution Type: Task Cancellation & Overwrite Preventive Action: Modify the inventory auditing algorithm logic to explicitly skip any items once their status advances past the 'Staged for Loading' state."
Exception raised for Backout queue PI385 -  ESB.STRATIFICATION.PI385EV.IQ.BAK,"Event Description: Exception raised for Backout queue PI385 - ESB.STRATIFICATION.PI385EV.IQ.BAK Root Cause Category: Middleware / ESB Exception Root Cause Subcategory: Database Timeout / Interface Disconnect Detailed Root Cause Analysis: The stratification event message dropped into backout queue PI385 because the target analytics database instance was processing a heavy table restructure index update, causing a message handshake timeout. Action Taken: Confirmed database availability and pushed the pending message file back into the active processing queue without modifications. Resolution Type: Payload Re-queuing Preventive Action: Configure an automatic three-step message retry algorithm inside the ESB interface layer before pushing messages into backout holding zones."
TC - RSDL/OSTH - Please update missing excess flag for SKU: 211344512 & 211344513,Event Description: TC - RSDL/OSTH - Please update missing excess flag for SKU: 211344512 & 211344513 Root Cause Category: System Configuration / Master Data Update Root Cause Subcategory: Product Attribute Configuration Detailed Root Cause Analysis: Warehouse management requested an immediate update to apply missing 'excess stock inventory' flags for SKUs 211344512 and 211344513 to enable automated alternative routing workflows. Action Taken: Updated the item master database rows ( itm_mst configuration attributes) to set the excess flag values to 'True' for both target item codes. Resolution Type: Master Data Maintenance Preventive Action: Integrate the excess flag attribute definition step into the standard product launch checklist guidelines used by the merchandising team.
Exception raised for Backout queue 1161 -  ESB.RMS.RECEIPTS.IQ.BAK,"Event Description: Exception raised for Backout queue 1161 - ESB.RMS.RECEIPTS.IQ.BAK Root Cause Category: Middleware / ESB Exception Root Cause Subcategory: Duplicate Primary Key Restriction Detailed Root Cause Analysis: The receipt transaction message hit backout queue 1161 because the payload carried an identity sequence key that matched a previously completed receipt record saved inside the database repository. Action Taken: Inspected the core inventory logs, verified that the original receipt details were already recorded, and deleted the redundant backout payload file safely. Resolution Type: Duplicate Payload Disposal Preventive Action: Update the integration interface sequence layer to use unified millisecond timestamps alongside transaction codes to ensure unique messaging keys."
343 Naas Depot Event Query / EB status / action required our end? ,Event Description: 343 Naas Depot Event Query / EB status / action required our end? Root Cause Category: Integration Failure Root Cause Subcategory: Event Broker Message Stall Detailed Root Cause Analysis: Operational query regarding a stalled Event Broker (EB) transaction path. Investigation showed that an outbound status update packet was stuck in a 'Pending Delivery' state due to an expired network security certificate on the downstream receiver gateway. Action Taken: Renewed the tracking credentials on the interface communication bridge and forced a manual release of the stalled event payload files. Resolution Type: Security Protocol Update & Manual Push Preventive Action: Create an automated warning monitor that flags IT operations 14 days before any integration access certificate reaches its expiration date.
"Islip Depot 963 - 'Count in progress' attribute marked for CD-026-A10, no counts available in the system","Event Description: Islip Depot 963 - 'Count in progress' attribute marked for CD-026-A10, no counts available in the system Root Cause Category: Application Logic / WMS State Error Root Cause Subcategory: Stuck Cycle Count Flag Detailed Root Cause Analysis: Storage bay CD-026-A10 was locked with a 'Count in Progress' status flag because an RF gun operator lost power mid-transaction while executing a stock count, leaving the system table record stranded without data. Action Taken: Cleared the corrupt count locking sequence flag from the location master record rows inside the database to open the location up for standard pick tasks. Resolution Type: Database State Correction Preventive Action: Implement a system auto-release rule that drops cycle count location locks if no database updates occur from the assigned device within 30 minutes."
343 Naas Depot  -  UC_PART_MANAGEMENT Naas Prod ,Event Description: 343 Naas Depot - UC_PART_MANAGEMENT Naas Prod Root Cause Category: Database Management / Application Error Root Cause Subcategory: Table Partition Management Error Detailed Root Cause Analysis: The automated UC_PART_MANAGEMENT database package script failed during its nightly execution loop because it lacked the system administrative rights required to create new physical storage partitions for the upcoming month's inventory logs. Action Taken: Granted the required partition maintenance system execution privileges back to the core application service account schema and manually re-ran the partition job. Resolution Type: Database Architecture Fix Preventive Action: Set up comprehensive permission check monitoring alerts on all database automation jobs to catch credential issues before operational runs.
Islip Depot 963 - Trailer Completion failed,"Event Description: Islip Depot 963 - Trailer Completion failed Root Cause Category: Application Logic / Validation Constraint Root Cause Subcategory: Missing Loading Scans Detailed Root Cause Analysis: The system blocked the trailer closure process because two physical staging pallets mapped to the vehicle's delivery manifest were missing their final loading confirmation barcode scans inside JDA. Action Taken: Performed a physical confirmation check on the trailer layout, verified the presence of the pallets, and applied a manager-level override token to close the trailer electronically. Resolution Type: Manual System Override Preventive Action: Configure the loading screen interface to provide an absolute checklist view showing any un-scanned pallets before the truck arrival cutoff."
Exception raised for Backout queue PI388 -  ESB.STRATIFICATION.PI388SH.IQ.BAK,Event Description: Exception raised for Backout queue PI388 - ESB.STRATIFICATION.PI388SH.IQ.BAK Root Cause Category: Middleware / ESB Exception Root Cause Subcategory: Schema Validation Mismatch Detailed Root Cause Analysis: The shipment stratification data transaction encountered an exception and was routed into backout queue PI388 because a newly expanded field for a shipping carrier profile exceeded the strict character limits defined in the ESB data map. Action Taken: Modified the layout data specification directly inside the ESB database management screen to fit standard validation parameters and re-queued the message. Resolution Type: Payload Re-queuing Preventive Action: Restructure the integration data maps to handle flexible string field lengths for carrier identity components across systems.
Exception raised for Backout queue PI387 -  ESB.STRATIFICATION.PI387EV.IQ.BAK,Event Description: Exception raised for Backout queue PI387 - ESB.STRATIFICATION.PI387EV.IQ.BAK Root Cause Category: Middleware / ESB Exception Root Cause Subcategory: Incompatible Data Type / Format Mismatch Detailed Root Cause Analysis: The event message payload was rejected and routed into backout queue PI387 because a localized system timestamp structure contained an extended microsecond array pattern that violated the parsing parameters of the ESB schema interface. Action Taken: Cleared the extraneous microsecond values from the raw transaction data layer and manually forced the backout message payload back into the active integration channel. Resolution Type: Message Payload Correction & Re-queue Preventive Action: Configure an automatic string truncation filter at the source outbound application edge before payload delivery.
Exception raised for Backout queue PI368 -  ESB.STRATIFICATION.PI368PO.IQ.BAK,Event Description: Exception raised for Backout queue PI368 - ESB.STRATIFICATION.PI368PO.IQ.BAK Root Cause Category: Middleware / ESB Exception Root Cause Subcategory: Data Integrity / Missing Primary Identifier Detailed Root Cause Analysis: The stratification message process hit the backout queue because the master purchase order record dropped its mandatory business unit assignment flag during an automated overnight export loop. Action Taken: Appended the correct corporate entity key parameter directly to the message body via the ESB utility window and triggered a reprocessing event. Resolution Type: Payload Modification & Re-queue Preventive Action: Introduce mandatory field validation criteria on host ERP exporting modules to block unmapped records before serialization.
Islip depot- 2 trailers failure due to wrong status of the pallets please process the trailers ,"Event Description: Islip depot- 2 trailers failure due to wrong status of the pallets please process the trailers Root Cause Category: Application Logic / WMS Lock Root Cause Subcategory: Status Field Discrepancy Detailed Root Cause Analysis: The trailer completion process stalled for two vehicles because several associated handling pallets were stuck in an active 'In-Transit' status within the system tables rather than transitioning to the expected 'Loaded' state flag. Action Taken: Executed an SQL update query to flip the stuck pallet status markers to a verified 'Loaded' designation, allowing the trailer manifestations to complete normally. Resolution Type: Database State Override Preventive Action: Build an automated diagnostic validation check into the loading terminal routine that highlights out-of-sync pallets before physical loading gates shut."
Islip  963  - Trailer completion error - 1403 ,"Event Description: Islip 963 - Trailer completion error - 1403 Root Cause Category: Database Management / Application Error Root Cause Subcategory: Oracle No Data Found Exception (ORA-01403) Detailed Root Cause Analysis: JDA WMS threw runtime error -1403 during the trailer completion routine because an underlying database package query attempted to reference a transport driver manifest table row that had been prematurely archived. Action Taken: Recreated the missing driver record line within the operational staging tables using historical backup log entries, clearing the 1403 constraint block. Resolution Type: DB Record Reconstruction Preventive Action: Implement structural foreign key locks to prevent transaction-linked reference files from being cleared while tied to active shipping manifests."
"Hello, please align receipted QTYs between Islip's depot WMS & RMS for :B13046720 -499 CTNs","Event Description: Hello, please align receipted QTYs between Islip's depot WMS & RMS for :B13046720 -499 CTNs Root Cause Category: Cross-System Inventory Sync Root Cause Subcategory: Inventory Desynchronization / Processing Drop Detailed Root Cause Analysis: An intermittent network packet drop occurring midway through transaction transmission left RMS accounting for 0 incoming items, whereas the Islip WMS ledger had fully completed intake records for 499 cartons. Action Taken: Injected a manual inventory alignment packet through the integration gateway to adjust the active RMS purchase order receipt values up to 499 cartons. Resolution Type: Cross-System Data Synchronization Preventive Action: Schedule a multi-point nightly data integrity engine to automatically detect and flag ledger mismatches exceeding a threshold of 10 cartons."
Naas depot - picks in pending status,"Event Description: Naas depot - picks in pending status Root Cause Category: Application Performance Root Cause Subcategory: Wave Execution Deadlock Detailed Root Cause Analysis: Active picking assignments became trapped in an ongoing 'Pending' loop because a multi-user database deadlock locked the main task processing array rows during a peak distribution wave. Action Taken: Disconnected the conflicting backend transaction process threads to release the index locks, prompting the picks to flow immediately to user voice terminals. Resolution Type: Database Lock Release Preventive Action: Restructure picking wave job rules to introduce a mandatory 5-minute time buffer between simultaneous large-batch inventory drops."
islip depot -  please dummy pick and ship 19 boxes pack 210842526 for order 1091195,Event Description: islip depot - please dummy pick and ship 19 boxes pack 210842526 for order 1091195 Root Cause Category: Operational Support / Virtual Adjustments Root Cause Subcategory: Physical vs System Mismatch Override Detailed Root Cause Analysis: Operational request to handle order 1091195 where 19 physical boxes had been loaded onto an emergency courier but skipped standard system scanning steps due to an unreadable master pallet label. Action Taken: Executed an administrative dummy pick script to virtually process pack 210842526 and manually generated a closed shipping manifest entry to balance system inventory. Resolution Type: Manual System Data Overwrite Preventive Action: Install high-resolution validation barcode printing units across all central preparation spaces to decrease unreadable asset tag instances.
Torija Depot Stock on Hand Discrepancy between 09-Mar-2025 and 16-Mar-2025,"Event Description: Torija Depot Stock on Hand Discrepancy between 09-Mar-2025 and 16-Mar-2025 Root Cause Category: Data Processing / Reporting Error Root Cause Subcategory: Stale Daily Inventory Snapshots Detailed Root Cause Analysis: The Stock on Hand report highlighted artificial variances because a weekly storage compaction process locked the data warehouse analytics views, truncating daily inventory tracking logs from March 9 through March 16, 2025. Action Taken: Restored the underlying historical event logs from backup repositories and forced an aggregate rebuild of the snapshot schema tables for the target timeframe. Resolution Type: Historical Data Recovery Preventive Action: Reschedule heavy database index compaction tasks to run outside the core analytics generation timeslots."
Missing receipts from WMS to RMS for Primark Depots,"Event Description: Missing receipts from WMS to RMS for Primark Depots Root Cause Category: Integration Failure Root Cause Subcategory: Middleware Interface Stoppage Detailed Root Cause Analysis: Outbound receipt messages from multiple WMS centers stalled at the integration router node due to an expired domain name authentication token on the core enterprise bus gateway. Action Taken: Updated the authentication profile configuration bindings and flushed the shared integration cache, releasing the queued messages to RMS. Resolution Type: System Service Configuration Update Preventive Action: Configure real-time infrastructure tracking alerts to warn development teams 14 days prior to any system certificate reaching expiration."
Error  -1403,Event Description: Error -1403 Root Cause Category: Database Management / Application Error Root Cause Subcategory: Oracle No Data Found Exception (ORA-01403) Detailed Root Cause Analysis: The warehouse terminal execution environment returned a generic ORA-01403 exception because a localized location query was targeting a virtual container pointer that had already been emptied out. Action Taken: Cleared the corrupt memory address structures from the target location cache and refreshed the transaction schema lines. Resolution Type: Cache Clearance & Re-indexing Preventive Action: Apply structured check constraints inside the query script to handle zero-row states safely without breaking runtime loops.
"G12479261 is not visible for MGB to GRN - ASN error, please see attached mail","Event Description: G12479261 is not visible for MGB to GRN - ASN error, please see attached mail Root Cause Category: Integration Failure Root Cause Subcategory: EDI Validation Rejection Detailed Root Cause Analysis: Advanced Shipping Notice (ASN) G12479261 failed to propagate to the MGB system platform because an outdated country formatting prefix violated strict validation logic checks. Action Taken: Re-mapped the geo-code country identifier properties within the interface payload files and manually re-sent the data files to activate visibility. Resolution Type: Interface Data Mapping Adjustment Preventive Action: Update the supplier interface registration form fields to strictly enforce international standardized geographic codes."
Copy of INC0324439 - Torija Depot Stock on Hand Discrepancy between 09-Mar-2025 and 16-Mar-2025,Event Description: Copy of INC0324439 - Torija Depot Stock on Hand Discrepancy between 09-Mar-2025 and 16-Mar-2025 Root Cause Category: Data Processing / Reporting Error Root Cause Subcategory: Duplicate Incident Processing / Report Discrepancy Detailed Root Cause Analysis: This incident is a duplicate logging entry of the historical reporting variance issue. The underlying data discrepancy stemmed from a snapshot generation crash that dropped mid-March operational analytics segments. Action Taken: Linked this instance with the primary tracking case (INC0324439). Re-imported historical transaction records to populate the missing snapshot date ranges and refreshed the consolidated ledger. Resolution Type: Report View Refresh Preventive Action: Configure secondary audit loops inside the reporting platform to flag incomplete day profiles before final ledger compilation.
RSDL - Trailer completion error - no pallet errors,"Event Description: RSDL - Trailer completion error - no pallet errors Root Cause Category: Application Logic / Validation Constraint Root Cause Subcategory: Manifest Metadata Mismatch Detailed Root Cause Analysis: The trailer closure routine was blocked despite all physical pallets scanning out correctly because a canceled line reference remained linked to the transport manifest file layout. Action Taken: Cleared the canceled row reference from the trailer manifest tables via administrative developer tools, allowing the vehicle record to close cleanly. Resolution Type: Manifest Reconciliation Preventive Action: Refine trailer finalization script validation logic to ignore canceled lines that possess zero inventory allocations."
Islip Depot - order 100328302 canceled by mistake,Event Description: Islip Depot - order 100328302 canceled by mistake Root Cause Category: Operational Support / Order Recovery Root Cause Subcategory: Accidental Status Reversal Detailed Root Cause Analysis: Customer order 100328302 was mistakenly set to a 'Canceled' state by an administrator instead of an adjacent duplicate record file. Action Taken: Programmatically reverted the order row indicator status back to 'Released' inside the backend database tables and re-allocated the required inventory. Resolution Type: Order Status Restoration Preventive Action: Implement an absolute confirmation message prompt inside the user administration UI before allowing users to commit order status changes.
TC - For order 20989176 missing 2 boxes,"Event Description: TC - For order 20989176 missing 2 boxes Root Cause Category: Operational / Warehouse Floor Root Cause Subcategory: Short Pick Verification Detailed Root Cause Analysis: Order 20989176 dropped below target counts because an operator accidentally misplaced 2 cases on a storage lane shelf during a complex multi-level pick wave. Action Taken: Conducted a rapid physical sweep of the staging aisles, found the 2 missing boxes, and brought them straight to the loading zone to complete the dispatch manifest. Resolution Type: Physical Rectification Preventive Action: Configure mandatory barcode validation criteria on RF terminals to verify total item counts before a picker departs an active pick zone."
One of our carriers have stated that they are not receiving some tenders via EDI and this problem also happened last week and had to be refreshed by BY team. We,Event Description: One of our carriers have stated that they are not receiving some tenders via EDI and this problem also happened last week and had to be refreshed by BY team. We Root Cause Category: Vendor Application Failure / Integration Error Root Cause Subcategory: Blue Yonder TMS API Gateway Drop Detailed Root Cause Analysis: Tender distribution files failed to deliver because the external Blue Yonder (BY) TMS integration broker engine experienced an out-of-memory thread stall on its outbound EDI gateway. Action Taken: Refreshed the network configuration parameters and forced an administrative system restart on the BY tender transmission engine pool to deploy lagging payloads. Resolution Type: Vendor Software Service Recycle Preventive Action: Coordinate with BY engineering to scale up thread capacity limits assigned to the outbound EDI translation module.
PO B12493657 has been reduced on system which caused for the PO to be closed off on WMS. Total for the PO we should have  401 cartons as per packing list on S,"Event Description: PO B12493657 has been reduced on system which caused for the PO to be closed off on WMS. Total for the PO we should have 401 cartons as per packing list on S Root Cause Category: System Configuration / Supply Chain Data Root Cause Subcategory: Premature Purchase Order Closure Detailed Root Cause Analysis: An administrative update on the host ERP system prematurely reduced the line limits on PO B12493657, triggering an automated status loop that flagged the file as 'Closed' in the WMS before the full 401 cartons could be checked in. Action Taken: Reopened the PO parameters inside the system layout fields, set the total capacity values back to 401 cartons, and resumed inbound scanning permissions. Resolution Type: PO Threshold Modification Preventive Action: Restrict host ERP line reduction updates from applying to purchase orders that are already marked in an active receiving state."
Exception raised for Backout queue PI385 -  ESB.STRATIFICATION.PI385EV.IQ.BAK,Event Description: Exception raised for Backout queue PI385 - ESB.STRATIFICATION.PI385EV.IQ.BAK Root Cause Category: Middleware / ESB Exception Root Cause Subcategory: Event Schema Discrepancy Detailed Root Cause Analysis: The stratification message dropped into the backout structure because a newly introduced sorting facility attribute code broke the text-length boundaries defined in the validation schema. Action Taken: Modified the file schema properties directly inside the ESB interface controller and forced a manual data re-push loop. Resolution Type: Interface Data Mapping Adjustment Preventive Action: Establish cross-system schema alignment checks during all planned feature development cycles to ensure metadata fields match.
TC. Islip Depot 963 - 880 picking lines stuck in 'Pending' status after releasing. ,"Event Description: TC. Islip Depot 963 - 880 picking lines stuck in 'Pending' status after releasing. Root Cause Category: Application Performance Root Cause Subcategory: Data Allocation Bottleneck Detailed Root Cause Analysis: Time-critical problem at Islip 963 where 880 pick lines stalled because an internal multi-threading failure crashed the active JDA wave distribution daemon during a large order release. Action Taken: Restarted the wave application engine processes on the application host node, forcing the 880 picking allocations to successfully map out to terminal devices. Resolution Type: System Service Optimization Preventive Action: Move heavy stock allocation operations onto an isolated application server node to insulate user picking queues from resource spikes."
Naas depot -RTV order unplannable,"Event Description: Naas depot -RTV order unplannable Root Cause Category: WMS Configuration / Putaway & Returns Logic Root Cause Subcategory: Missing Destination Route Mapping Detailed Root Cause Analysis: The Return to Vendor (RTV) transaction could not be planned by the dispatch module because the vendor profile lacked a defined transport carrier routing zone assignment matrix inside the core TMS configuration framework. Action Taken: Manually associated the required destination shipping lane parameters to the vendor registry profile, moving the RTV order back into a plannable distribution status. Resolution Type: Configuration Maintenance Preventive Action: Require a mandatory transport routing zone mapping field selection when setting up any new supplier vendor profile records."
Islip depot- Download And Event Errors,Event Description: Islip depot- Download And Event Errors Root Cause Category: Integration Failure Root Cause Subcategory: Interface Event Processing Failure Detailed Root Cause Analysis: The download and event errors were caused by an automated interface process loop crash triggered by an un-escaped double-byte character in an inbound shipment line description field. Action Taken: Manually removed the problematic character from the interface landing table row and re-triggered the event downloader queue thread. Resolution Type: Interface Interface Reset Preventive Action: Update the integration middleware input parsing rules to automatically strip or sanitize non-standard ASCII characters before committing them to the landing schema.
RSDL depot: Failed load error  Download Sequence : 82224736,Event Description: RSDL depot: Failed load error Download Sequence : 82224736 Root Cause Category: Integration Failure Root Cause Subcategory: Download Sequence ID Conflict Detailed Root Cause Analysis: Download Sequence 82224736 failed because the interface file attempted to update a load tracking record that was actively held in an edit state by a background wave-release job. Action Taken: Cleared the execution block flag from the staging table index and forced a manual reprocessing execution of sequence 82224736. Resolution Type: Staging Table Processing Refresh Preventive Action: Add a randomized automatic 10-second retry parameter to the download execution daemon if a target table lock is encountered.
Naas Depot - Flash difference,Event Description: Naas Depot - Flash difference Root Cause Category: Data Processing / Reporting Error Root Cause Subcategory: Discrepant Report Metrics / Synchronization Delay Detailed Root Cause Analysis: The reporting discrepancy occurred because the Flash Report view pulled from an un-indexed analytics database engine that lagged behind the primary live WMS transactional database tables by over an hour. Action Taken: Executed a database table space refresh script and manually forced a synchronization alignment update to match the dynamic data view across reports. Resolution Type: Reporting Cache Refresh Preventive Action: Increase the automated incremental execution rate of the reporting view cache to sync every 15 minutes during heavy production shifts.
Naas Depot - Work orders re-appeared in the system ,"Event Description: Naas Depot - Work orders re-appeared in the system Root Cause Category: Application Logic / WMS State Error Root Cause Subcategory: Message Resubmission Glitch Detailed Root Cause Analysis: Previously completed work orders re-appeared in the system because a network disruption on an upstream integration link caused old event message logs to be automatically re-submitted by the message broker handler. Action Taken: Programmatically isolated the duplicate work order rows and flagged their states as ""Completed-Archived"" in the database master matrix to prevent floor assignment allocation bugs. Resolution Type: Database Clean-up Preventive Action: Enhance the messaging endpoint validation checks to verify if an incoming transaction payload identifier has already been marked as complete in historical archives."
Location CA-009-A10 missing in JDA ,Event Description: Location CA-009-A10 missing in JDA Root Cause Category: WMS Configuration Root Cause Subcategory: Missing Location Master Data Detailed Root Cause Analysis: Forward pick location CA-009-A10 was not available in JDA because the bay configuration file was omitted during the physical zoning layout deployment phase. Action Taken: Inserted the structural parameters and geometric volumetric criteria for location CA-009-A10 directly into the location master database configuration layout (locmst). Resolution Type: Configuration Entry Addition Preventive Action: Mandate a system-based structural verification check between physical layout diagrams and WMS location grids before releasing new layout changes to the floor.
I try to make vol and plan and I can´t do it,Event Description: I try to make vol and plan and I can´t do it Root Cause Category: User Authorization / System Permissions Root Cause Subcategory: Expired Security Profile Privileges Detailed Root Cause Analysis: The user was blocked from generating volumetric calculations and freight optimization plans within the TMS console because their account security profile was unmapped from the planning group role during a routine IAM policy sweep. Action Taken: Re-allocated the necessary Transport Planner authorization parameters to the user's Active Directory and profile mapping schema. Resolution Type: Security Permissions Modification Preventive Action: Establish distinct user group access patterns for core operational planners to protect functional capabilities from automated corporate sweep scripts.
Pallet Load is Failed - Last Occurrence - Stop Sequence does not exist for Inventory,Event Description: Pallet Load is Failed - Last Occurrence - Stop Sequence does not exist for Inventory Root Cause Category: Application Logic / WMS-TMS Validation Root Cause Subcategory: Missing Transit Routing Points Detailed Root Cause Analysis: The loading execution failed on the operator's gun terminal because the targeted pallet configuration did not possess a corresponding delivery stop sequence assignment number within the active TMS shipping file layout. Action Taken: Re-aligned the load parameters through the transport routing terminal dashboard to rebuild the proper stop sequences and refreshed the pallet tracking metrics. Resolution Type: Route Manifest Re-build Preventive Action: Configure a system rule blocking the allocation of order files to an active trailer wave unless all assigned inventory lines have passed a route validation step.
Exception raised for Backout queue 1313 -  ESB.RMS.ASNOUT.IQ.BAK,Event Description: Exception raised for Backout queue 1313 - ESB.RMS.ASNOUT.IQ.BAK Root Cause Category: Middleware / ESB Exception Root Cause Subcategory: Unregistered Target Namespace Detailed Root Cause Analysis: The outbound Advanced Shipping Notice (ASN) interface payload dropped into backout queue 1313 because the message header utilized an unregistered store distribution schema prefix that broke strict ESB XML routing checks. Action Taken: Corrected the target namespace string criteria inside the raw payload via the ESB administrative tool context window and forced a message re-queue. Resolution Type: Message Payload Correction & Re-queue Preventive Action: Restructure the outbound serialization rules to enforce standard international identification tags across all client distribution pipelines.
"Primark Thrapston DepotJDA ProductionWe have noticed that sometimes when a new part footprint is created via the part being measured on a Cubiscan machine, t","Event Description: Primark Thrapston DepotJDA ProductionWe have noticed that sometimes when a new part footprint is created via the part being measured on a Cubiscan machine, t Root Cause Category: Integration Failure Root Cause Subcategory: Data Truncation / Interface Type Mismatch Detailed Root Cause Analysis: The measurement footprint data upload from the physical Cubiscan hardware interface intermittently failed inside JDA because the machine transmitted high-precision float integers that exceeded the fixed decimal field length boundaries assigned to the WMS master tables. Action Taken: Modified the JDA inbound dimension parser script loop to round raw Cubiscan dimension inputs to two decimal metrics prior to database insertion. Resolution Type: Interface Code Optimization Preventive Action: Standardize acceptable precision field constraints inside the integration interface definitions to handle physical measurement variances gracefully."
The pre-prod JDA Server is not connecting when we tried to connect through host name and port number,Event Description: The pre-prod JDA Server is not connecting when we tried to connect through host name and port number Root Cause Category: Network & Infrastructure Root Cause Subcategory: Firewall Access Rule Block Detailed Root Cause Analysis: Connection requests to the non-production pre-prod JDA server failed over host and port configurations because an automated router script erroneously closed the specific TCP communication port during a non-prod network optimization test. Action Taken: Updated the firewall access lists to reopen the connection port and confirmed server response capabilities across network switches. Resolution Type: Firewall Access Restoration Preventive Action: Ensure all test environments are explicitly exempted from non-production automated testing scripts during peak testing cycles.
Naas Depot - Error disabling user account in WMS,Event Description: Naas Depot - Error disabling user account in WMS Root Cause Category: Identity & Access Management (IAM) Root Cause Subcategory: Active Transaction Dependency Lock Detailed Root Cause Analysis: The administrator could not disable the targeted user login account in the WMS configuration screen because the profile remained actively tied to an uncompleted virtual picking task session on an inactive RF terminal. Action Taken: Programmatically de-allocated the orphaned RF task assignment token via database scripts and safely disabled the user security profile. Resolution Type: Profile Disabling & Task Release Preventive Action: Set up an automated timeout protocol to drop active RF terminal assignments if a device reports zero operational user input for more than 4 hours.
Torija Depot - Pickup location with count in progress flag,"Event Description: Torija Depot - Pickup location with count in progress flag Root Cause Category: Application Logic / WMS State Error Root Cause Subcategory: Stuck Inventory Audit Status Flag Detailed Root Cause Analysis: Standard item selection pick tasks were blocked at the designated storage bay because a historical cycle count run was terminated mid-operation, leaving a lingering 'Count in Progress' system lock flag behind. Action Taken: Reset the location tracking indicator status row from 'Count in Progress' to 'Available' inside the location master schema layout using administrative access privileges. Resolution Type: System Status Field Reset Preventive Action: Deploy a routine optimization monitor to automatically alert site supervisors if an active cycle count tracking token spans longer than 120 minutes."
Islip Depot- DOCK10 not visible in Production /Dock Door Operations DDA,Event Description: Islip Depot- DOCK10 not visible in Production /Dock Door Operations DDA Root Cause Category: WMS Configuration Root Cause Subcategory: Dynamic Data Analyzer Filter Omission Detailed Root Cause Analysis: Physical bay location DOCK10 was missing from the live production Dynamic Data Analyzer (DDA) screen view because the location entry wasn't included in the custom display query zone properties filter set. Action Taken: Appended the identity variables for DOCK10 to the underlying SQL compilation script rule for the Dock Door Operations DDA panel display. Resolution Type: UI Configuration Script Adjustment Preventive Action: Standardize dock creation scripts to ensure that any new location instance is automatically linked to the master display schema definition models.
Movement Data from Archive WMS Islip / Naas - USR_SEND_MOV_DTL_ARC jobWe have automated extracts set up so that we can receive pick data via an SQL. This SQL ,Event Description: Movement Data from Archive WMS Islip / Naas - USR_SEND_MOV_DTL_ARC jobWe have automated extracts set up so that we can receive pick data via an SQL. This SQL Root Cause Category: Database Management / Scheduled Jobs Root Cause Subcategory: SQL Query Execution Timeout Detailed Root Cause Analysis: The automated data extraction script job USR_SEND_MOV_DTL_ARC failed because the underlying custom SQL lookup query timed out while attempting to scan un-indexed tables containing millions of historical archive transaction logs. Action Taken: Added new database partition indexes to the date fields within the historical archive schema and manually re-executed the data extraction job to deliver the pick details payload. Resolution Type: DB Index Optimization & Task Rerun Preventive Action: Move data extraction tasks that require heavy historical scanning to execute during non-peak operational graveyard shifts.
Naas Depot - Cage build error,Event Description: Naas Depot - Cage build error Root Cause Category: Functional Application Bug Root Cause Subcategory: Validation Rule Mismatch Detailed Root Cause Analysis: Warehouse operators received system errors during the automated secure container assembly workflow because a software validation rule checked the target cage parameters against an outdated equipment classification list profile. Action Taken: Re-aligned the container validation rule criteria options with the functional equipment lists inside the system configuration screen to bypass the constraint error. Resolution Type: System Rule Matrix Alignment Preventive Action: Require a regression testing validation review on all equipment classification logic loops before applying system configuration updates.
TC- depo RSDL: missing 4 boxes for BOR order 20715815,"Event Description: TC- depo RSDL: missing 4 boxes for BOR order 20715815 Root Cause Category: Operational / Warehouse Floor Root Cause Subcategory: Short Pick Allocation Tracking Detailed Root Cause Analysis: Time-critical shipment 20715815 bound for BOR showed a 4-box shortfall because an operator accidentally deposited the packed assets onto an incorrect alternative dispatch lane pallet layout. Action Taken: Traced the missing 4 cases via systemic tracking history audits, moved them directly to the active vehicle loading area, and updated the manifest. Resolution Type: Physical Rectification & Status Updation Preventive Action: Configure the terminal shipping screens to throw absolute terminal block alerts if a user attempts to load pallets containing mixed store orders."
"Hi all, There is a mismatch between RMS and WMS.N12879568 -SKU:211657732 (135) and SKU:211657733 (132)WMS: 267 cartons (GRND in)RMS: 258 cartons (visible)N","Event Description: Hi all, There is a mismatch between RMS and WMS.N12879568 -SKU:211657732 (135) and SKU:211657733 (132)WMS: 267 cartons (GRND in)RMS: 258 cartons (visible)N Root Cause Category: Data Desynchronization Root Cause Subcategory: Interface Transaction Packet Drop Detailed Root Cause Analysis: Purchase order N12879568 developed a cross-system variance (WMS recorded 267 cartons vs RMS tracking 258) because the final 9-carton receiving delta message packet ran into an interface communication timeout at the middleware bus gateway. Action Taken: Injected a manual delta synchronization file payload directly into the RMS integration platform to lift the core receipt metrics to the verified 267 carton total. Resolution Type: Cross-System Data Synchronization Preventive Action: Deploy a data balance validation routine to automatically check for differences between system intake ledgers every 12 hours."
Islip Depot - please change trailer number for Irish load,"Event Description: Islip Depot - please change trailer number for Irish load Root Cause Category: Operational Support / Data Modification Root Cause Subcategory: Shipping Documentation Maintenance Detailed Root Cause Analysis: Operational request to change an active trailer designation string for a high-priority Irish transit load because the original physical transport vehicle suffered a breakdown on the loading lane layout. Action Taken: Executed an administrative data adjustment string within the active WMS shipping table matrix to safely swap the old asset identification tracking metadata out for the new container profile details. Resolution Type: System Data Adjustment Preventive Action: Provide local distribution dispatch leads with a secure, self-service data utility window to quickly re-assign trailer asset identifications during equipment failures."
Two new size descriptions have been created in Oracle.These need to be added to a Supply Chain 'size translation table' in the Stratification database.It conv,Event Description: Two new size descriptions have been created in Oracle.These need to be added to a Supply Chain 'size translation table' in the Stratification database.It conv Root Cause Category: Master Data Sync Root Cause Subcategory: Product Attribute Configuration Maintenance Detailed Root Cause Analysis: The system requires the manual entry of two newly created Oracle product size descriptions into the core master translation array of the stratification data schema to ensure accurate size breakdowns during downstream fulfillment logic loops. Action Taken: Appended both new size translation variables and their associated measurement conversion codes directly into the master lookup layout configuration tables. Resolution Type: Master Data Table Maintenance Preventive Action: Restructure size code deployment paths to automatically sync new Oracle product definitions directly down to secondary supply chain databases without manual intervention.
TC - Islip 963 - RF guns timing out on Inbound,"Event Description: TC - Islip 963 - RF guns timing out on Inbound Root Cause Category: Network & Infrastructure Root Cause Subcategory: High-Density Packet Drop / AP Overload Detailed Root Cause Analysis: Warehouse RF terminals experienced systematic timeouts across the inbound receiving zone because a localized industrial access point dropped out, overloading nearby wireless units with high-volume scanning traffic pools. Action Taken: Performed a remote hardware power cycle on the affected wireless access point to restore local channel balancing and clear terminal connectivity latencies. Resolution Type: Infrastructure Recycle Preventive Action: Establish centralized alerting parameters inside network management consoles to immediately catch and report any access point link failure within 60 seconds."
RSDL - 20 boxes not able to be released,"Event Description: RSDL - 20 boxes not able to be released Root Cause Category: Application Logic / WMS Allocation Root Cause Subcategory: Soft Lock Contention Detailed Root Cause Analysis: The 20 boxes were held back from releasing because the underlying pick wave encountered an active inventory reservation lock from an unsubmitted virtual stock transfer request. Action Taken: Purged the pending virtual transfer transaction to drop the soft lock and manually triggered a release wave for the 20 boxes. Resolution Type: Database State Correction Preventive Action: Implement a scheduled task to clear out open, uncommitted virtual inventory allocations every 2 hours."
Naas Depot - Picks released with zero quantities,Event Description: Naas Depot - Picks released with zero quantities Root Cause Category: Data Processing / Reporting Error Root Cause Subcategory: Short-Pick Auto-Cancellation Failure Detailed Root Cause Analysis: Picking tasks dropped onto user terminal displays with zero quantities because a physical short-pick event processed on the floor failed to update the child task status array rows inside the primary assignment table. Action Taken: Canceled the corrupted zero-quantity task records programmatically and ran an inventory balance check routine. Resolution Type: Database Record Purge Preventive Action: Patch the WMS wave distribution script to evaluate quantity metrics and auto-drop zero-count allocation strings before publishing assignments.
Islip Depot - notification for Failed Trailer Completion Process in JDA - 22/08/2025 04:11:42,"Event Description: Islip Depot - notification for Failed Trailer Completion Process in JDA - 22/08/2025 04:11:42 Root Cause Category: Application Logic / Validation Constraint Root Cause Subcategory: Discrepant Shipping Weight Lock Detailed Root Cause Analysis: The automated trailer completion routine failed on August 22, 2025, because a physical multi-pallet shipment manifest registered a gross weight discrepancy that violated strict JDA validation limits. Action Taken: Re-calculated the shipment payload configuration variables through the supervisor workspace and bypassed the block token to close the trailer out. Resolution Type: Manual System Override Preventive Action: Broaden the acceptable weight deviation percentage constraints within the outbound vehicle dispatch validation module to reduce false blocks."
Naas Depot - Error -1403 - Time Critical,Event Description: Naas Depot - Error -1403 - Time Critical Root Cause Category: Database Management / Application Error Root Cause Subcategory: Oracle No Data Found Exception (ORA-01403) Detailed Root Cause Analysis: Time-critical operations threw error -1403 because a barcode scanning task execution attempted to look up historical container details from a layout partition table that had been optimized and split. Action Taken: Restructured the layout cache and re-indexed the missing target rows using transaction history snapshots to restore scanner functionality. Resolution Type: DB Value Modification & Indexing Preventive Action: Ensure all localized scanning lookup modules utilize unified exception routing structures to handle empty database partitions gracefully.
Exception raised for Backout queue 1161 -  ESB.RMS.RECEIPTS.IQ.BAK,"Event Description: Exception raised for Backout queue 1161 - ESB.RMS.RECEIPTS.IQ.BAK Root Cause Category: Middleware / ESB Exception Root Cause Subcategory: Duplicate Primary Transaction Key Detailed Root Cause Analysis: The receipts pipeline dropped data blocks into backout queue 1161 because the integration router picked up a duplicate transmission payload key from an overlapping batch process. Action Taken: Verified that the original inventory update had already processed into the RMS database core, and purged the redundant message block from the backout console. Resolution Type: Duplicate Payload Disposal Preventive Action: Restructure integration file sequence criteria to use composite keys derived from both timestamp and sequential transaction IDs."
TC - RSDL - pallet 696437 loading error,Event Description: TC - RSDL - pallet 696437 loading error Root Cause Category: Application Logic / WMS State Error Root Cause Subcategory: Location-Manifest State Mismatch Detailed Root Cause Analysis: Pallet 696437 threw a terminal loading block because it retained a physical location tracking flag of 'Staging' while its internal header row variable was already marked as 'Loaded' on another vehicle sequence. Action Taken: Reset the pallet status properties back to 'Staged' via direct database access and re-executed the outbound terminal load sequence. Resolution Type: State Field Reset Preventive Action: Enhance RF terminal software constraints to block double scans of tracking numbers without dropping current session progress.
Torija Depot - Operators are getting validation error in marshalling area,Event Description: Torija Depot - Operators are getting validation error in marshalling area Root Cause Category: Functional Application Bug Root Cause Subcategory: Marshalling Configuration Error Detailed Root Cause Analysis: Floor operators received validation rejections because a newly deployed zoning map configuration assigned incorrect structural grid coordinates to the active physical marshalling bays. Action Taken: Re-aligned the marshalling area dimension parameters inside the master facility configuration setup matrix to match true layout paths. Resolution Type: System Configuration Change Preventive Action: Require an electronic path validation pass before pushing warehouse layout coordinate alterations live to production terminals.
TCS. - Store order: 300182773 have no shipment.,Event Description: TCS. - Store order: 300182773 have no shipment. Root Cause Category: Order Management / Routing Error Root Cause Subcategory: Missing Shipment ID Assignment Detailed Root Cause Analysis: Store order 300182773 processed through the allocation phase but failed to generate an active shipment mapping file because its shipping lane profile was unassigned during load scheduling. Action Taken: Created a manual Shipment Identification (SID) string for the order record via corporate administration tools and assigned it to a scheduled transit route. Resolution Type: Manual Document/ID Generation Preventive Action: Adjust order release validation rules to automatically alert transport planners if an allocated order string fails to acquire a shipping ID block within 1 hour.
Islip depot- Trailer failure due to wrong status of the pallets please see error details ,"Event Description: Islip depot- Trailer failure due to wrong status of the pallets please see error details Root Cause Category: RF Scanning / WMS State Error Root Cause Subcategory: Out-of-Sync Scanning State Detailed Root Cause Analysis: The trailer closure script was blocked because several associated freight pallets were left in an 'Allocated' state tracking column rather than advancing to a 'Confirmed Loaded' validation indicator. Action Taken: Reconciled the underlying pallet tracking flags manually through database updates to match physical truck contents, permitting successful trailer dispatch. Resolution Type: Database State Override Preventive Action: Enable a visual warning list on the loading bay monitor dashboard that explicitly flags un-scanned pallet tokens before a vehicle cutoff approach."
343 Naas depot Stop Sequence does not exist for Inventory,Event Description: 343 Naas depot Stop Sequence does not exist for Inventory Root Cause Category: Application Logic / WMS-TMS Validation Root Cause Subcategory: Missing Transit Routing Points Detailed Root Cause Analysis: Inventory processing threw terminal errors because the designated customer delivery stop sequence index number did not match the distribution network routing structure mapped within the active TMS payload. Action Taken: Re-synchronized the shipment routing definitions between the TMS optimization engine and the WMS database layer to apply missing stop criteria. Resolution Type: Route Manifest Re-build Preventive Action: Restrict order processing waves from running if delivery destination parameters fail an initial structural routing check.
343 Naas Depot - Download & Event Errors ,Event Description: 343 Naas Depot - Download & Event Errors Root Cause Category: Integration Failure Root Cause Subcategory: Interface Event Processing Failure Detailed Root Cause Analysis: Multi-incident download failures occurred because an unexpected system memory crunch on the interface application node forced a sudden termination of the automated inbound event processor daemon. Action Taken: Recycled the interface communication server services and manually restarted the stalled event processing queues to load historical entries. Resolution Type: Service Restart Preventive Action: Scale up dedicated system memory resource footprints on core middleware interface servers to buffer against high-volume shipment peaks.
Issue with Putaway ,"Event Description: Issue with Putaway Root Cause Category: WMS Configuration / Putaway Logic Root Cause Subcategory: Location Capacity Constraint Detailed Root Cause Analysis: Putaway routines errored out globally across a specific aisle path because the system's location capacity tracking algorithm miscalculated the active dimensions of open rack bins, flagging them as full. Action Taken: Re-calculated the location volumetric cache rows inside the WMS layout config tables to restore proper physical location availability status. Resolution Type: Space Clearing & System Refresh Preventive Action: Schedule a monthly automated optimization scan to rebuild and sync layout capacity profiles against physical rack parameters."
*****Thrapston depot 955 RMS data sync issue with product qty**********please pass to RMSSKU 211481397 is being ordered by stores and we have not had stock in,Event Description: *****Thrapston depot 955 RMS data sync issue with product qty**********please pass to RMSSKU 211481397 is being ordered by stores and we have not had stock in Root Cause Category: Cross-System Inventory Sync Root Cause Subcategory: Out-of-Stock Flag Transmission Failure Detailed Root Cause Analysis: Retail stores continued to order SKU 211481397 despite zero inventory at Depot 955 because a dropped integration transaction string left the item's ordering status flag set to 'Available' inside the core RMS registry. Action Taken: Transmitted a manual inventory zero-out message packet directly to the RMS replenishment database tables to cut off active store order generations. Resolution Type: Cross-System Data Synchronization Preventive Action: Build a daily compliance report tracking actual zero-stock warehouse locations against active store ordering matrices to identify sync drops.
Naas Depot - MRT picks show as merged - Time Critical,Event Description: Naas Depot - MRT picks show as merged - Time Critical Root Cause Category: Application Logic / WMS Allocation Root Cause Subcategory: Task Consolidation Error Detailed Root Cause Analysis: Critical Mass Stock Receipt (MRT) picks were erroneously consolidated into a single un-splittable multi-picklist because a configuration error on the wave release template triggered aggressive task-merging parameters. Action Taken: De-consolidated the merged task strings programmatically from the backend tables and distributed individual picking lines to user headsets. Resolution Type: Task Reset & Re-assignment Preventive Action: Require administrative safety peer review validations before saving configuration profile updates to active pick wave release templates.
Torija Depot - Several part numbers added to a single Work Order,Event Description: Torija Depot - Several part numbers added to a single Work Order Root Cause Category: Work Order Management Root Cause Subcategory: Data Entry / Structural Mismatch Detailed Root Cause Analysis: A single Work Order was erroneously built with mixed component item profiles because an automated batch import script misread an indented nesting value inside an Excel configuration file. Action Taken: Split the multi-item work order record down into its correct unique separate structural work order entries inside the production database layout. Resolution Type: System Record Correction Preventive Action: Refine input parameters on the Excel configuration parser script to enforce precise column format matches before executing batch imports.
Naas depot - lines picked into TRL location,Event Description: Naas depot - lines picked into TRL location Root Cause Category: Operational / Warehouse Floor Root Cause Subcategory: Incorrect Drop Location Scan Detailed Root Cause Analysis: Picked order lines became systemically locked inside a virtual trailer (TRL) location container because a forklift driver scanned a staging bay template barcode that was linked to an incorrect destination entity ID. Action Taken: Executed an administrative location update statement to transfer the items out of the virtual trailer zone back into a standard active staging grid layout. Resolution Type: Inventory Location Correction Preventive Action: Place distinct color-coded headers on physical dock area template plates to prevent drivers from choosing incorrect scanner barcodes.
Pallet 920644 load error - stop sequence does not exist for Inventory,Event Description: Pallet 920644 load error - stop sequence does not exist for Inventory Root Cause Category: Application Logic / WMS-TMS Validation Root Cause Subcategory: Missing Transit Routing Points Detailed Root Cause Analysis: Pallet 920644 ran into loading terminal validation failures because its mapped destination data lacked a matching transport stop assignment row inside the core carrier manifest array. Action Taken: Re-built the transit manifest mapping constraints via the shipping supervisor interface console to generate the missing stop data components. Resolution Type: Route Manifest Re-build Preventive Action: Enforce a strict integration check that automatically alerts dispatch operators if a pallet is staged without a pre-validated route sequence identifier.
Errors with picking orders due to duplicate Pick Confirmation messages and error with loading and dispatch of Pallets in Thrapston Depot,"Event Description: Errors with picking orders due to duplicate Pick Confirmation messages and error with loading and dispatch of Pallets in Thrapston Depot Root Cause Category: Integration Failure Root Cause Subcategory: Concurrent Update Conflict Detailed Root Cause Analysis: High-frequency processing blocks occurred because duplicate Pick Confirmation transactions arrived simultaneously at the middleware layer, generating severe record contention block exceptions on outbound loading tables. Action Taken: Purged the duplicate message arrays from the message broker interface ledger and executed a database table index maintenance cycle to clear locks. Resolution Type: Database Lock Release & State Refresh Preventive Action: Implement a message de-duplication window constraint inside the integration bus to filter out repeated tracking IDs within a 5-second matrix."
Islip Depot 963 - Flash report not received,Event Description: Islip Depot 963 - Flash report not received Root Cause Category: Database Management / Scheduled Jobs Root Cause Subcategory: SQL Query Execution Timeout Detailed Root Cause Analysis: The hourly production Flash Report failed to deliver because the automated reporting job encountered a database lookup timeout exception while executing against unindexed order history logging views. Action Taken: Cleared out legacy report generation buffers and manually triggered an on-demand generation and distribution run for the missing report payload. Resolution Type: Scheduled Job Reprocessing Preventive Action: Restructure target reporting lookup scripts to draw information from pre-aggregated summary tables instead of hitting heavy raw transaction tables.
islip depot - unable to allocate IBT order 21346577,"Event Description: islip depot - unable to allocate IBT order 21346577 Root Cause Category: Inventory / Allocation Logic Root Cause Subcategory: Hard Allocation Constraint Detailed Root Cause Analysis: Inter-Bay Transfer (IBT) order 21346577 failed to allocate because the requested item units were physically assigned to a dedicated inbound quality assurance checking quarantine lane, blocking standard inventory access loops. Action Taken: Overrode the quality inspection location constraint parameter within the allocation engine settings to fulfill the required IBT from an alternative bulk grid space. Resolution Type: Stock Re-allocation Preventive Action: Configure the system to automatically block the creation of IBT requests if the source item records are locked within quarantine zone profiles."
Exception raised for Backout queue PI387 -  ESB.STRATIFICATION.PI387EV.IQ.BAK,"Event Description: Exception raised for Backout queue PI387 - ESB.STRATIFICATION.PI387EV.IQ.BAK Root Cause Category: Middleware / ESB Exception Root Cause Subcategory: Format Mismatch / Unexpected Null Detailed Root Cause Analysis: The stratification event message payload was rejected and routed into backout queue PI387 because an integer string field arrived with a null attribute value, violating the strict schema parsing rules of the interface wrapper. Action Taken: Manually modified the message text via the ESB administrative console to apply the correct fallback default flag and re-queued the transaction payload. Resolution Type: Message Payload Correction & Re-queue Preventive Action: Enforce a strict non-null validation parameter constraint inside the source data generation layer before dispatching to the integration bus."
343 Naas Depot stock received at JDA in to WOPND area  for repro not visible TC,Event Description: 343 Naas Depot stock received at JDA in to WOPND area for repro not visible TC Root Cause Category: WMS Configuration Root Cause Subcategory: Location Type Invisibility Detailed Root Cause Analysis: Stock processed into the Work Order Pending (WOPND) zone for operational reprocessing (repro) was systemically invisible because the specific location setup lacked the inventory availability display flag within the standard JDA warehouse search profile. Action Taken: Updated the visibility attributes for the target WOPND storage grid within the location configuration table (locmst) to restore absolute data tracking visibility. Resolution Type: System Configuration Change Preventive Action: Update standard operating deployment procedures to verify inventory lookup attributes whenever setting up dynamic work zones.
Exception raised for Backout queue PI385 -  ESB.STRATIFICATION.PI385EV.IQ.BAK,Event Description: Exception raised for Backout queue PI385 - ESB.STRATIFICATION.PI385EV.IQ.BAK Root Cause Category: Middleware / ESB Exception Root Cause Subcategory: Unmapped Value Entry Detailed Root Cause Analysis: The transaction packet entered backout queue PI385 because an event tracking segment contained a newly introduced processing facility identification code that did not exist inside the ESB master routing matrix. Action Taken: Mapped the new facility identification variables within the ESB configuration table lookup profiles and forced a manual message execution cycle. Resolution Type: Configuration Maintenance & Re-queue Preventive Action: Synchronize global infrastructure identification codes across all environment mapping layers prior to activating new physical warehouse centers.
Naas depot - error -1403,"Event Description: Naas depot - error -1403 Root Cause Category: Database Management / Application Error Root Cause Subcategory: Oracle No Data Found Exception (ORA-01403) Detailed Root Cause Analysis: The picking terminal environment generated runtime exception error -1403 because a picker scanned a handling unit whose primary task allocation details table row had been cleared out by a concurrent cancellation wave task. Action Taken: Reset the physical handling unit tracking indicators inside the active inventory tables, moving the stock back to open storage status fields. Resolution Type: Cache Clearance & Re-indexing Preventive Action: Patch the task configuration cancel loops to drop child task details cleanly without leaving orphaned pallet records behind in active pick zones."
Order D12578877 is grnd for 1100 cartons  but Primark Finance are only seeing 1050 grn'd.,Event Description: Order D12578877 is grnd for 1100 cartons but Primark Finance are only seeing 1050 grn'd. Root Cause Category: Cross-System Data Desynchronization Root Cause Subcategory: Interface File Partition Rejection Detailed Root Cause Analysis: A 50-carton discrepancy developed because the WMS split the Goods Received Note (GRN) message into two integration data files to meet max packet restrictions. The second packet carrying the remaining 50 items hit an interface sequence lock and failed to commit within the finance platform. Action Taken: Injected a manual delta synchronization transaction data file into the integration layer to successfully add the remaining 50 cartons into the active finance ledger. Resolution Type: Cross-System Data Synchronization Preventive Action: Scale up packet processing threshold boundaries inside the middleware interface wrapper to handle large bulk receipts within a single complete payload.
Exception raised for Backout queue 1161 -  ESB.RMS.RECEIPTS.IQ.BAK,Event Description: Exception raised for Backout queue 1161 - ESB.RMS.RECEIPTS.IQ.BAK Root Cause Category: Middleware / ESB Exception Root Cause Subcategory: Code Value Mapping Failure Detailed Root Cause Analysis: The incoming receipt file dropped into backout queue 1161 because the message payload utilized an unmapped unit-of-measure code format that conflicted with standard target RMS data definition models. Action Taken: Corrected the unvalidated measurement attributes inside the message body directly using the ESB queue console browser and pushed the transaction forward. Resolution Type: Interface Data Correction Preventive Action: Enforce value mapping conversion checks inside the sending serialization code layout to ensure uniform measurement tracking definitions.
Naas Depot - Order not visible in MRT MASS PICK DDA,"Event Description: Naas Depot - Order not visible in MRT MASS PICK DDA Root Cause Category: WMS Configuration Root Cause Subcategory: Display Filter Optimization Detailed Root Cause Analysis: An allocated customer order was missing from the Mass Stock Receipt (MRT) Mass Pick Dynamic Data Analyzer (DDA) screen panel because its classification profile line was missing the critical sorting code required by the screen query. Action Taken: Appended the necessary sorting assignment flag parameters to the active order tracking tables, restoring immediate display visibility on the supervisor DDA layout. Resolution Type: UI Configuration Script Adjustment Preventive Action: Apply validation rules to the wave allocation interface to automatically append standard search parameters to all generated MRT streams."
TC- Islip depot- Error getting putaway Location From Host System. ,Event Description: TC- Islip depot- Error getting putaway Location From Host System. Root Cause Category: Integration Failure Root Cause Subcategory: API Communication Timeout Detailed Root Cause Analysis: Terminal users encountered ongoing errors during inbound checking cycles because high internal network latency caused a timeout on the real-time API web service endpoint that fetches putaway locations from the host server. Action Taken: Reset the communication interface router connection bridge and pushed stalled data packets back into the active network stream. Resolution Type: System Service Optimization Preventive Action: Implement a local caching fallback mechanism inside the terminal application software to supply pre-approved putaway zones if live API lookups disconnect.
Islip Depot - unable to allocate remaining quantity for order 1104305,"Event Description: Islip Depot - unable to allocate remaining quantity for order 1104305 Root Cause Category: Inventory / Allocation Logic Root Cause Subcategory: Inventory State Hold Lock Detailed Root Cause Analysis: Order 1104305 could not complete its allocation phase because the final subset of requested item quantities was physically stored within a bay layout tracking an active cycle count audit constraint flag. Action Taken: Completed the outstanding cycle count task administrative line records to clear the location hold restriction, releasing the remaining stock for immediate allocation. Resolution Type: Task Resolution & Allocation Release Preventive Action: Configure wave allocation software rules to provide real-time notification warnings identifying specific locations blocking active allocation runs."
Torija Depot // -1 ERROR,Event Description: Torija Depot // -1 ERROR Root Cause Category: Database Management / Application Error Root Cause Subcategory: Unique Constraint Violation (ORA-00001 / Error -1) Detailed Root Cause Analysis: WMS floor execution logs returned a generic application error -1 because a scanning device attempted to insert a newly generated pallet record that duplicated an identity string sequence already saved inside the operational tables. Action Taken: Purged the broken duplicate sequence block rows from the landing table and advanced the sequence seed index values by 100 metrics. Resolution Type: Database Architecture Fix Preventive Action: Configure internal sequence seed generators to reference centralized global identity formats to prevent multi-device tracking sequence overlaps.
"Please align received QTY between Islip (963) WMS & RMS for (B12904531,   SKU 211663580,    QTY   810 CTNs)","Event Description: Please align received QTY between Islip (963) WMS & RMS for (B12904531, SKU 211663580, QTY 810 CTNs) Root Cause Category: Cross-System Data Desynchronization Root Cause Subcategory: Processing Acknowledgment Failure Detailed Root Cause Analysis: Purchase order B12904531 for SKU 211663580 showed an out-of-sync quantity record because an intermittent network connectivity failure dropped the final receipt confirmation file before it reached the main RMS tracking ledger. Action Taken: Transmitted a target reconciliation interface packet directly to the RMS repository to balance the inventory totals up to the verified 810 carton count. Resolution Type: Structural Record Sync Preventive Action: Establish a daily automated cross-system ledger validation check to automatically report transaction record quantity variances larger than 10 units."
343 Naas Depot - re-occurrence issue with partially charged pallets  at JDA   P3 TC ,"Event Description: 343 Naas Depot - re-occurrence issue with partially charged pallets at JDA P3 TC Root Cause Category: Functional Application Bug Root Cause Subcategory: Dynamic Tare Weight Re-calculation Error Detailed Root Cause Analysis: Partially picked container units systematically triggered terminal constraint block validations in JDA because the automated multi-pack splitting code failed to properly update remaining pallet tare parameters, inducing weight checks. Action Taken: Deployed a hotfix script block to force-recalculate target pallet weights after a partial-pick event and cleared outstanding task errors. Resolution Type: Code/Script Adjustment Preventive Action: Update partial picking script logic loops to ensure handling metrics are completely updated following every single item selection cycle."
"TC- Orders with status ""Ready For List"" / ""pending"", orders are not appearing in timewise","Event Description: TC- Orders with status ""Ready For List"" / ""pending"", orders are not appearing in timewise Root Cause Category: Integration Failure Root Cause Subcategory: Interface Daemon Freeze Detailed Root Cause Analysis: Valid order assignments remained stuck in 'Ready For List' status inside JDA and failed to appear within VocalPoint (Timewise) because the automated background transaction transfer daemon process crashed. Action Taken: Restarted the background integration listener services on the middleware application host node, pushing the lagging tasks out to voice picking loops. Resolution Type: Service Restart Preventive Action: Setup predictive tracking monitors to automatically alert IT support shifts if interface queue daemon processes report extended periods of runtime inactivity."
Trailer completion error 09180329-XA113TL,"Event Description: Trailer completion error 09180329-XA113TL Root Cause Category: Application Logic / Validation Constraint Root Cause Subcategory: Open Handshake Task Block Detailed Root Cause Analysis: The trailer closure script failed for record 09180329-XA113TL because an outbound loader exited an active RF gun screen session without committing a final verification scan flag on a staged bulk handling unit. Action Taken: Applied a administrative management override token to set the trailing unconfirmed task variable line properties to 'Complete', closing out the trailer safely. Resolution Type: Manual System Override Preventive Action: Design an option menu function within the supervisor workspace allowing authorized dispatch operators to drop minor uncompleted validation flags during truck departures."
Missing receipts from WMS to RMS for Primark Depots,Event Description: Missing receipts from WMS to RMS for Primark Depots Root Cause Category: Network & Infrastructure Root Cause Subcategory: Security Firewall Port Block Detailed Root Cause Analysis: Outbound transactional inventory receipts from multiple production distribution hubs failed to deliver because an automated security group firewall update closed port 443 on the core integration server routing pool. Action Taken: Restored standard routing access profile criteria parameters to open communication port 443 across the middleware environment layer. Resolution Type: Firewall Access Restoration Preventive Action: Coordinate security update installation windows exclusively during planned operational maintenance schedules to prevent cross-system data blockages.
Primark Thrapston DepotJDA ProductionWe have 10 stores set up to incorrectly only print 1 despatch note when it is despatched on JDA. The list of these is in,Event Description: Primark Thrapston DepotJDA ProductionWe have 10 stores set up to incorrectly only print 1 despatch note when it is despatched on JDA. The list of these is in Root Cause Category: WMS Configuration Root Cause Subcategory: Customer Profile Print Rule Maintenance Detailed Root Cause Analysis: Operational problem where 10 specific retail store accounts incorrectly generated only a single dispatch documentation sheet instead of the standard mandated multi-part shipping copies due to outdated configuration properties inside the customer print profile rule matrix. Action Taken: Updated the customer master table configuration criteria (cstmst documentation rules) for the 10 target stores to require duplicate print values upon order dispatch. Resolution Type: Configuration Entry Addition Preventive Action: Audit shipping rule print parameter configurations semi-annually across all retail location profiles to guarantee absolute alignment with regulatory standards.
Investigate JDA User Logs - Shows delays in displaying Data (See attached),"Event Description: Investigate JDA User Logs - Shows delays in displaying Data (See attached) Root Cause Category: Application Performance Root Cause Subcategory: Database Table Index Fragmentation Detailed Root Cause Analysis: User terminals experienced extreme screen refresh and operational display delays because heavy table index fragmentation across core transactional history tracking tables (ord_dtl,pck_wrk) forced long table space scan loops. Action Taken: Conducted an immediate table space optimization routine to rebuild and compress the fragmented index trees across the active database server partitions. Resolution Type: Database Architecture Fix Preventive Action: Schedule an automated weekly index maintenance task execution to run during off-peak weekend hours to prevent user application delays."
343 Naas Depot / Load ID 959791 - Error -1403 / unable to load carrier / store 001 / Order: 300216865,Event Description: 343 Naas Depot / Load ID 959791 - Error -1403 / unable to load carrier / store 001 / Order: 300216865 Root Cause Category: Database Management / Application Error Root Cause Subcategory: Oracle No Data Found Exception (ORA-01403) Detailed Root Cause Analysis: The system returned a hard error -1403 during vehicle loading operations because Load ID 959791 referenced a third-party transportation provider profile whose partner code mapping was missing within the active carrier lookup directory tables. Action Taken: Appended the missing carrier mapping link configuration entries back into the system database layout and refreshed the load parameters. Resolution Type: DB Value Modification Preventive Action: Configure validation locks on carrier data entry sheets to block the setup of any transport provider profile that lacks an integration mapping code.
POC NOT CLOSED,Event Description: POC NOT CLOSED Root Cause Category: Integration Failure Root Cause Subcategory: Transaction Sequence Block Detailed Root Cause Analysis: Purchase Order Confirmation (POC) tracking entries remained erroneously set to an open state because an automated update confirmation message reached the host system but failed processing due to an active row transaction lock. Action Taken: Executed an administrative data reconciliation query script to force-update the target POC status records to 'Closed' inside the main system repository. Resolution Type: Manual Administrative Action Preventive Action: Implement a automated retry rule inside the interface processing framework to automatically handle temporary row lock contentions gracefully.
Error -1403,Event Description: Error -1403 Root Cause Category: Database Management / Application Error Root Cause Subcategory: Oracle No Data Found Exception (ORA-01403) Detailed Root Cause Analysis: An untargeted system function returned a generic ORA-01403 exception block error because an inventory status lookup query targeted a virtual location row that possessed an unmapped or null zone allocation parameter. Action Taken: Modified the location tracking record field entries inside the database table matrix to supply a valid zone definition variable. Resolution Type: Database Record Repair Preventive Action: Apply comprehensive exception check blocks (NVLor explicit error routings) inside backend lookup routines to process null properties without breaking terminal application sequences.
Mistake in loading pallet,"Event Description: Mistake in loading pallet Root Cause Category: Operational / Warehouse Floor Root Cause Subcategory: Scan Bypassed / Misloading Detailed Root Cause Analysis: An operator physically loaded a staging pallet onto the incorrect staging trailer without performing the mandatory gate verification scan on the RF terminal, causing a mismatch between physical inventory and the vehicle manifest. Action Taken: Tracked the pallet location down via physical yard audit, offloaded it from the incorrect trailer, scanned it into the correct staging lane, and updated the active manifest arrays. Resolution Type: Physical Rectification & Manifest Update Preventive Action: Update the terminal locking parameters to prevent any trailer dispatch actions if un-scanned or mis-scanned pallet discrepancies exist on the active bay manifest."
"343 Naas depot / pallet loaded and shipped in TW but not in JDA, Load ID 971957 / store: 007  Order: 300218518 - need to ship pallet in JDA and produce transfer","Event Description: 343 Naas depot / pallet loaded and shipped in TW but not in JDA, Load ID 971957 / store: 007 Order: 300218518 - need to ship pallet in JDA and produce transfer Root Cause Category: Cross-System Integration Failure Root Cause Subcategory: Interface Event Drop / Out-of-Sync State Detailed Root Cause Analysis: For Load ID 971957, the physical loading execution was completed and closed inside VocalPoint (TW), but the event-driven confirmation message packet dropped before hitting JDA, leaving the pallet locked in an un-shipped status in JDA. Action Taken: Executed a database status override inside JDA to advance the pallet record properties to 'Shipped' for order 300218518 and manually generated the corresponding stock transfer documentation. Resolution Type: Manual System State Overwrite Preventive Action: Set up an automated message-broker retry verification cycle that flags discrepancies if an asset's state diverges between TW and JDA for longer than 15 minutes."
Torija Depot - Missing Shipments,Event Description: Torija Depot - Missing Shipments Root Cause Category: Order Management / Routing Error Root Cause Subcategory: Allocation Wave Omission Detailed Root Cause Analysis: Multiple customer orders failed to generate active shipments because a newly introduced carrier code routing map was missing inside the core Torija Depot transport allocation schema. Action Taken: Manually configured the missing carrier assignment matrix properties inside the TMS setup and re-released the stalled order batches to build shipments. Resolution Type: Configuration Maintenance Preventive Action: Require an automated endpoint integration test to verify transport carrier routing paths whenever onboarding new carrier codes into the production database.
Exception raised for Backout queue 1161 -  ESB.RMS.RECEIPTS.IQ.BAK,"Event Description: Exception raised for Backout queue 1161 - ESB.RMS.RECEIPTS.IQ.BAK Root Cause Category: Middleware / ESB Exception Root Cause Subcategory: Duplicate Primary Key Restriction Detailed Root Cause Analysis: The receipts data stream encountered a parsing exception and dropped into backout queue 1161 because the incoming interface payload contained a unique transaction identifier that had already been recorded in a prior batch update. Action Taken: Inspected the historical database, verified that the core inventory adjustment was already cleanly committed, and safely removed the redundant backout message. Resolution Type: Duplicate Payload Disposal Preventive Action: Enhance the upstream messaging component to utilize composite messaging keys containing microsecond timestamps alongside transaction identifiers to ensure absolute uniqueness."
Islip 963 - Heavy Pick Error -1403 ,Event Description: Islip 963 - Heavy Pick Error -1403 Root Cause Category: Database Management / Application Error Root Cause Subcategory: Oracle No Data Found Exception (ORA-01403) Detailed Root Cause Analysis: The high-volume picking routine hit an unexpected runtime exception error -1403 because a background inventory allocation task attempted to fetch warehouse location details from an internal partition array that had been compressed mid-shift. Action Taken: Recreated the target partition index structures and flushed the system application cache layers to restore picker scanning functionality. Resolution Type: Database Architecture Fix Preventive Action: Schedule intensive database partition compaction and maintenance tasks to run exclusively during scheduled off-peak weekend windows.
Exception raised for Backout queue PI386 -  ESB.STRATIFICATION.PI386PL.IQ.BAK,Event Description: Exception raised for Backout queue PI386 - ESB.STRATIFICATION.PI386PL.IQ.BAK Root Cause Category: Middleware / ESB Exception Root Cause Subcategory: Format Mismatch / Schema Validation Failure Detailed Root Cause Analysis: The stratification planning message dropped into backout queue PI386 because a product group string field contained an un-escaped special character that violated the strict XML schema template rules. Action Taken: Manually stripped the problematic character out of the raw message payload via the ESB utility workbench and re-queued the message packet for immediate processing. Resolution Type: Interface Data Correction Preventive Action: Implement a sanitization filter script on the outbound data initialization layer to strip or escape non-standard ASCII characters prior to interface dispatch.
No GRN in softco but Receipt in ReIM.,"Event Description: No GRN in softco but Receipt in ReIM. Root Cause Category: Cross-System Financial Sync Root Cause Subcategory: Interface File Transmission Dropout Detailed Root Cause Analysis: A completed delivery was accounted for inside the Oracle Retail Invoice Matching (ReIM) platform, but missing inside SoftCo because an intermittent network infrastructure disconnect dropped the outbound flat-file transmission midway through processing. Action Taken: Recovered the affected transactional raw data text from the interface logging archives and re-injected the payload directly into SoftCo's intake directory pathway. Resolution Type: Payload Re-transmission Preventive Action: Implement an automated end-to-end handshake validation on file transfers to alert support if an uploaded batch fails to return a delivery confirmation flag."
Islip Depot 963 - Master Receipt not received for Advance trailers.,"Event Description: Islip Depot 963 - Master Receipt not received for Advance trailers. Root Cause Category: Integration Failure Root Cause Subcategory: Inbound Message Block / ASN Discrepancy Detailed Root Cause Analysis: Master Receipts failed to generate for incoming Advance trailers because the supplier's Advanced Shipping Notice (ASN) payload lacked mandatory item-container mapping metadata, causing the interface tracking loop to stall. Action Taken: Built an emergency skeleton ASN profile within the WMS to permit master receipt execution, allowing the yard gate operators to check in and receive the trailers. Resolution Type: Skeleton Record Provisioning Preventive Action: Enforce strict EDI validation criteria on supplier transmissions to block the creation of transport manifests if essential mapping arrays are missing."
"Mismatch receiving RMS/WMS. we did over receiving on this POC:N13037235 and on this POC:N13045446  we has minus.we made adjustments for,and make correct but now","Event Description: Mismatch receiving RMS/WMS. we did over receiving on this POC:N13037235 and on this POC:N13045446 we has minus.we made adjustments for,and make correct but now Root Cause Category: Data Desynchronization Root Cause Subcategory: Double-Adjustment Reconciliation Conflict Detailed Root Cause Analysis: A critical ledger imbalance developed across purchase order confirmations N13037235 and N13045446 because a site administrator processed concurrent manual quantity overrides while the automated interface was executing its standard correction routine. Action Taken: Consolidated the transaction histories, audited the physical counts, and executed a synchronized balance query to align the WMS and RMS inventory books exactly. Resolution Type: Structural Record Sync Preventive Action: Configure application permission boundaries to lock purchase order records from manual administrative editing if an automated integration correction script is actively processing."
Exception raised for Backout queue PI388 -  ESB.STRATIFICATION.PI388SH.IQ.BAK,Event Description: Exception raised for Backout queue PI388 - ESB.STRATIFICATION.PI388SH.IQ.BAK Root Cause Category: Middleware / ESB Exception Root Cause Subcategory: Missing Master Schema Record Detailed Root Cause Analysis: The shipment stratification message process failed validation and entered backout queue PI388 because the country destination code supplied in the message text did not match the core corporate standard parameters. Action Taken: Modified the geographic value parameters inside the payload text via the ESB console to match standard strings and successfully reprocessed the message queue. Resolution Type: Payload Modification & Re-queue Preventive Action: Restructure upstream system inputs to utilize strict dropdown selectors instead of open text fields for geographic data entry fields.
Discrepancies stockloss week 9. We have a -2 difference for SKU 210723005,Event Description: Discrepancies stockloss week 9. We have a -2 difference for SKU 210723005 Root Cause Category: Inventory / Counting Discrepancy Root Cause Subcategory: Unposted Manual Adjustment Variance Detailed Root Cause Analysis: The -2 unit stock loss discrepancy on the week 9 audit report occurred because a physical inventory adjustment processed on an operator's terminal failed to post to the primary ledger view before the weekly reporting freeze. Action Taken: Forced an on-demand historical synchronization job to push the lagging inventory delta transaction flag through to the central reporting engine database table. Resolution Type: Manual Data Reconciliation Preventive Action: Advance the weekly stock snapshot pipeline schedule by 6 hours to guarantee all late-shift adjustments are committed before reporting data pulls.
Discrepancies between RMS and WMs for PO B12948795. We need system to be aligned,Event Description: Discrepancies between RMS and WMs for PO B12948795. We need system to be aligned Root Cause Category: Data Desynchronization Root Cause Subcategory: Interface Transaction Packet Drop Detailed Root Cause Analysis: Purchase order B12948795 developed an inventory variance because an integration timeout dropped the final receiving acknowledgment message packet before it registered inside the RMS repository. Action Taken: Injected a targeted sync payload directly through the ESB integration platform to force RMS quantities to mirror the verified physical WMS count. Resolution Type: Cross-System Data Synchronization Preventive Action: Deploy a nightly data balance script that automatically checks for differences between system intake ledgers and reports discrepancies before fulfillment phases begin.
"RSDL - pallet not succesfully unloaded, caused trailer error.","Event Description: RSDL - pallet not successfully unloaded, caused trailer error. Root Cause Category: RF Scanning / WMS State Error Root Cause Subcategory: Interrupted Receiving State Mismatch Detailed Root Cause Analysis: An operator's terminal disconnected mid-transaction while they were executing an unload reversal, leaving the handling asset stuck in an invalid 'In-Transit' system state that blocked the trailer closeout transaction loop. Action Taken: Programmatically reset the pallet's structural tracking variable to a verified 'Unloaded-Staged' status inside the database table matrix, clearing the trailer closure block. Resolution Type: Database State Correction Preventive Action: Improve terminal session handling to automatically auto-rollback any incomplete pallet transit states if an RF gun loses communication for more than 10 minutes."
343 Naas Depot  - WO misalignment ,"Event Description: 343 Naas Depot - WO misalignment Root Cause Category: Work Order Management Root Cause Subcategory: Stale Allocation Lock Detailed Root Cause Analysis: Work orders at Naas Depot became misaligned because corresponding item cancellation payloads from the host system failed to execute locally, leaving physical inventory blocks erroneously locked against old builds. Action Taken: Manually updated the target work order status identifiers to 'Cancelled' via the administrative control panel to release the stale inventory allocations. Resolution Type: Manual System Override Preventive Action: Implement a automated daily health check script designed to identify and flag orphaned inventory allocations across work order platforms."
"Primark Thrapston DepotJDA ProductionSKU 211613334, LODNUM 0008916236 in location RW06A3 is stuck in status Pending for Putaway. This is because when the put","Event Description: Primark Thrapston DepotJDA ProductionSKU 211613334, LODNUM 0008916236 in location RW06A3 is stuck in status Pending for Putaway. This is because when the put Root Cause Category: WMS Configuration / Putaway Logic Root Cause Subcategory: Database Thread Deadlock Detailed Root Cause Analysis: Pallet LODNUM 0008916236 for SKU 211613334 stalled at location RW06A3 because an application database deadlock occurred when two forklift operators simultaneously updated the same storage bay coordinate array. Action Taken: Terminated the deadlocked database process thread and cleared the active lock flags via administrative access tools to restore standard putaway task flow. Resolution Type: Database Lock Release Preventive Action: Optimize table index properties and modify transaction isolation levels for the putaway routing application modules."
"RSDL - 2 trailer errors.1 from saturday ""already dispatched"" and 1 today ""invallid carrier"" carrier has a space in it, so cant be replicated.","Event Description: RSDL - 2 trailer errors.1 from saturday ""already dispatched"" and 1 today ""invallid carrier"" carrier has a space in it, so cant be replicated. Root Cause Category: System Configuration / Data Processing Error Root Cause Subcategory: Character Invalidation / Out-of-Sync State Detailed Root Cause Analysis: The dispatch routine errored out because one vehicle was structurally marked as ""dispatched"" during an interrupted weekend session, while the second trailer rejected closure because an un-escaped whitespace character in the carrier ID field broke validation string logic. Action Taken: Overrode the first trailer state to 'Closed' using backend database modification scripts, and trimmed the invalid whitespace from the carrier field parameters inside the second manifest table row. Resolution Type: System Exception Reconciliation & Field Correction Preventive Action: Enforce strict regex validation rules on the carrier profile data-entry interface to prevent trailing or leading whitespaces from being saved."
Islip depot- unable to allocate the remaining 48 cartons of RTV order 1110803,Event Description: Islip depot- unable to allocate the remaining 48 cartons of RTV order 1110803 Root Cause Category: Inventory / Allocation Logic Root Cause Subcategory: Quality Inspection Hold Constraint Detailed Root Cause Analysis: The system blocked the allocation of the remaining 48 cartons for Return to Vendor (RTV) order 1110803 because the target inventory was locked within an active quality control inspection zone. Action Taken: Temporarily bypassed the zone allocation parameters through supervisor administrative options to source the required 48 cartons from an open storage bay. Resolution Type: Stock Re-allocation Preventive Action: Configure order generation templates to automatically alert inventory planning desks if an RTV request targets inventory segments bound by active QC hold flags.
343 Naas Depot,"Event Description: 343 Naas Depot Root Cause Category: Operational Support / Connection Inquiry Root Cause Subcategory: Generalized System Validation Run Detailed Root Cause Analysis: Broad tracking incident opened for Naas Depot 343 to verify standard environmental connectivity and flush stalled database buffer pools following an un-scheduled electrical switch reset on the site floor. Action Taken: Audited local transactional processing loops, recycled regional print and RF gateway terminal connections, and confirmed absolute environment availability. Resolution Type: System Service Optimization Preventive Action: Standardize infrastructure deployment tracking rules to run an automated sanity script across all connected application nodes after power fluctuations."
"1226 Hi there, On the 1226 report kimball 08815 in Burgundy (D8 performancewear) is displaying as having 1k units in depot in ROI, however there is no availab","Event Description: 1226 Hi there, On the 1226 report kimball 08815 in Burgundy (D8 performancewear) is displaying as having 1k units in depot in ROI, however there is no availab Root Cause Category: Data Processing / Reporting Error Root Cause Subcategory: Virtual Inventory Phantom Ghosting Detailed Root Cause Analysis: The 1226 report incorrectly displayed a 1,000-unit stock presence for kimball 08815 because a virtual test transfer transaction was left un-archived, generating a phantom inventory segment in the reporting database views. Action Taken: Purged the stale non-production transactional tracking rows from the live reporting schema and refreshed the reporting data aggregate engine. Resolution Type: Database Record Purge Preventive Action: Set up an automated validation rule to clear virtual testing inventory configurations before production reporting batches compile."
343 Naas depot - Event failure for 2 SKUs - event data sequence - 318730029 & 318730030,Event Description: 343 Naas depot - Event failure for 2 SKUs - event data sequence - 318730029 & 318730030 Root Cause Category: Integration Failure Root Cause Subcategory: Message Interface Parsing Error Detailed Root Cause Analysis: The automated promotional event processing sequence failed for data runs 318730029 and 318730030 because the inbound interface data matrix mismatched the fixed array structure specified for the SKU price definitions. Action Taken: Re-aligned the target layout rows inside the interface landing tables using developer tools and re-executed the data sequence pipeline. Resolution Type: Interface Interface Reset Preventive Action: Enforce strict schema version checks on the corporate price distribution module to catch field changes before files transmit downstream.
Exception raised for Backout queue 1161 -  ESB.RMS.RECEIPTS.IQ.BAK,"Event Description: Exception raised for Backout queue 1161 - ESB.RMS.RECEIPTS.IQ.BAK Root Cause Category: Middleware / ESB Exception Root Cause Subcategory: Message Validation Failure Detailed Root Cause Analysis: The receipts data stream dropped into backout queue 1161 because the text payload arrived with a malformed XML schema wrapper, rendering the document structural definitions invalid. Action Taken: Corrected the malformed tag structures directly within the ESB administration workspace and successfully re-submitted the item to the active integration channel. Resolution Type: Message Payload Correction & Re-queue Preventive Action: Update the integration interface parsing rules to validate XML syntax before pushing records down the active bus pipeline."
Naas Depot - loads need shipment,"Event Description: Naas Depot - loads need shipment Root Cause Category: Order Management / Shipping Root Cause Subcategory: Stuck Load Status Detailed Root Cause Analysis: Outbound loads remained stuck in a ""Staged"" status because an underlying multi-system transport confirmation link failed to transmit a final dispatch event code block to the transport management system. Action Taken: Manually applied an administrative status override via the WMS shipping panel to force transition the load records from ""Staged"" to ""Shipped"". Resolution Type: Status Field Override Preventive Action: Train dock managers to run the manual interface synchronization utility if automated load dispatches fail to clear within 15 minutes."
343 Naas Depot - load no 881085 was shipped out in TW as 63 but in JDA pallet was shipped out as 62,"Event Description: 343 Naas Depot - load no 881085 was shipped out in TW as 63 but in JDA pallet was shipped out as 62 Root Cause Category: Data Desynchronization Root Cause Subcategory: Multi-System Quantity Mismatch Detailed Root Cause Analysis: Load number 881085 developed an asset count tracking variance because an intermittent network drop interrupted the voice terminal sync between VocalPoint (TW) and JDA WMS, dropping the final loading transaction confirmation flag. Action Taken: Executed an SQL update command to manually increment the JDA shipment ledger count from 62 to 63 to mirror the physical dispatch realities recorded in TW. Resolution Type: Manual System State Overwrite Preventive Action: Configure a real-time message broker validation script that highlights discrepancies if an asset count diverges between TW and JDA."
WMS -TMS ISSUE,Event Description: WMS -TMS ISSUE Root Cause Category: Integration Failure Root Cause Subcategory: API Communication Timeout Detailed Root Cause Analysis: A critical communication drop occurred between the Warehouse Management System and the Transport Management System because an internal socket timeout blocked the delivery of real-time manifest update arrays. Action Taken: Reset the integration server gateway connection bindings and initiated an on-demand synchronization job to push delayed payloads across environments. Resolution Type: System Service Optimization Preventive Action: Increase the web service API socket connection timeout boundary thresholds to prevent network drops under heavy traffic volumes.
Two trailers at the same DOCK35,"Event Description: Two trailers at the same DOCK35 Root Cause Category: WMS Configuration / Location Assignment Root Cause Subcategory: Concurrent Location Allocation Lock Detailed Root Cause Analysis: The WMS permitted a dual trailer assignment mapping conflict at DOCK35 because an operator closed a physical vehicle out without executing the mandatory systemic departure checkout screen loop on their device terminal. Action Taken: Programmatically moved the historical trailer entry record to a virtual yard buffer lane, instantly clearing DOCK35 configuration fields for the active transport unit. Resolution Type: Database State Correction Preventive Action: Enforce a validation check constraint inside the dock door module that explicitly prevents new trailer bindings if an active asset reference remains pinned."
Depot RSDL WMS - Pallet Load is Failed - Last Occurrence - Stop Sequence does not exist for Inventory,Event Description: Depot RSDL WMS - Pallet Load is Failed - Last Occurrence - Stop Sequence does not exist for Inventory Root Cause Category: Application Logic / WMS-TMS Validation Root Cause Subcategory: Missing Transit Routing Points Detailed Root Cause Analysis: Outbound pallet scanning routines returned a loading failure code because the target product load configuration lacked a corresponding customer delivery stop sequence number inside the active TMS execution datasets. Action Taken: Re-built the manifest route layout configuration through the shipping coordinator dashboard to generate and attach the missing stop sequence details. Resolution Type: Route Manifest Re-build Preventive Action: Implement a validation gate check that alerts routing leads immediately if orders bypass stop sequence mapping rules during wave runs.
Naas Depot - loads not charged out,Event Description: Naas Depot - loads not charged out Root Cause Category: Billing & Integration Root Cause Subcategory: Transaction Posting Block Detailed Root Cause Analysis: Multiple completed transport loads failed to execute financial charge-outs because an unmapped line pricing attribute field inside the master data matrix returned a null validation failure to the accounting interface middleware. Action Taken: Updated the core pricing master references within the product table rows and manually re-executed the post-shipment posting interface stream. Resolution Type: Master Data Maintenance Preventive Action: Enforce field validation criteria within the inventory procurement screen to prevent item generation if billing metrics are left blank.
343 Naas depot - 1403 for pallet 933562 / 34 items / store -040  ,Event Description: 343 Naas depot - 1403 for pallet 933562 / 34 items / store -040 Root Cause Category: Database Management / Application Error Root Cause Subcategory: Oracle No Data Found Exception (ORA-01403) Detailed Root Cause Analysis: The WMS system threw an unexpected ORA-01403 runtime error during an inventory lookup on pallet 933562 because the table partition mapping details for store -040 was missing an active operational record layout line. Action Taken: Recreated the missing row structural components inside the target storage tables using backup logging logs and cleared local application cache tables. Resolution Type: Database Record Repair Preventive Action: Apply structured check constraints inside the terminal lookup query tool parameters to handle empty row arrays gracefully without terminating application loops.
"RSDL - UK/Brexit - 2 pallets with missing stop sequence pallet id's: 892845, 892813Trailer: OV01PB","Event Description: RSDL - UK/Brexit - 2 pallets with missing stop sequence pallet id's: 892845, 892813Trailer: OV01PB Root Cause Category: Application Logic / WMS-TMS Validation Root Cause Subcategory: Missing Transit Routing Points Detailed Root Cause Analysis: Pallets 892845 and 892813 bound for the United Kingdom encountered a trailer loading block because specialized customs/Brexit routing parameters failed to generate valid delivery stop sequence tracking strings. Action Taken: Manually mapped the missing transit stop data layers to trailer OV01PB using transportation master tools, unblocking immediate pallet loading confirmation. Resolution Type: Configuration Maintenance Preventive Action: Restructure the cross-border order orchestration layer to enforce mandatory validation clearances for customs stop indices before releasing picking assignments."
TC - RSDL - Failed Trailer Completion - XA150PA,"Event Description: TC - RSDL - Failed Trailer Completion - XA150PA Root Cause Category: Application Logic / Validation Constraint Root Cause Subcategory: Open Task Lock Detailed Root Cause Analysis: The trailer completion transaction failed for trailer XA150PA because an operator left a single carton task line in an unconfirmed picking state on an inactive RF gun terminal, violating vehicle closure constraints. Action Taken: Terminated the orphaned picking session via supervisor tools, adjusted the missing case status to shorted, and ran the trailer completion routine cleanly. Resolution Type: System Exception Reconciliation Preventive Action: Provide an automated warning summary list on the trailer management monitor displaying open floor assignments 30 minutes before vehicle departure cutoffs."
343 Naas Depot - Issue with OSS Movement taska are on HOLD in Work Queue TC/ P3,Event Description: 343 Naas Depot - Issue with OSS Movement taska are on HOLD in Work Queue TC/ P3 Root Queue Category: Application Performance Root Cause Subcategory: Work Queue Allocation Block Detailed Root Cause Analysis: Time-critical Operational Stock Slotting (OSS) movement tasks were held up because a system zone restriction policy was activated during an unscheduled physical inventory realignment wave. Action Taken: Removed the system zone hold constraints from the active work queue profile tables to release the slotting tasks out to forklift operator headsets. Resolution Type: Task Reset & Re-assignment Preventive Action: Implement a supervisor approval prompt inside the WMS administration screen before any global zone placement parameters can be placed on a system hold state.
Exception raised for Backout queue 1161 -  ESB.RMS.RECEIPTS.IQ.BAK,"Event Description: Exception raised for Backout queue 1161 - ESB.RMS.RECEIPTS.IQ.BAK Root Cause Category: Middleware / ESB Exception Root Cause Subcategory: Duplicate Primary Key Restriction Detailed Root Cause Analysis: The receipts processor routed the incoming transaction file to backout queue 1161 because the data array carried an identification sequence key that matched a previously completed receipt record saved inside the repository. Action Taken: Inspected core database inventory logs, verified that the original receipt properties were already safely recorded, and purged the redundant duplicate payload from the system. Resolution Type: Duplicate Payload Disposal Preventive Action: Restructure integration serialization criteria to construct composite messaging keys utilizing microsecond execution timestamps."
Exception raised for Backout queue PI385 -  ESB.STRATIFICATION.PI385EV.IQ.BAK,Event Description: Exception raised for Backout queue PI385 - ESB.STRATIFICATION.PI385EV.IQ.BAK Root Cause Category: Middleware / ESB Exception Root Cause Subcategory: Unmapped Value Entry Detailed Root Cause Analysis: The stratification event payload broke execution validation parameters because a newly deployed promotional item code code was missing from the master lookup array definitions inside the central analytics database schema. Action Taken: Added the missing product item mapping references to the master reference tables and reprocessed the message queue directly. Resolution Type: Configuration Maintenance & Re-queue Preventive Action: Synchronize global product attribute additions down to secondary analytics structures before activating items for store replenishment distributions.
Naas Depot - Orders in pending status - TIME CRITICAL,"Event Description: Naas Depot - Orders in pending status - TIME CRITICAL Root Cause Category: Application Performance Root Cause Subcategory: Wave Execution Deadlock Detailed Root Cause Analysis: Time-critical client orders stalled during release because a multi-threading transaction deadlock on the primary task routing table blocked the wave distribution daemon from publishing assignments. Action Taken: Terminated the deadlocked database process strings to release the underlying table index rows, prompting picking tasks to distribute to user terminals immediately. Resolution Type: Database Lock Release Preventive Action: Restructure system wave configurations to introduce a mandatory 5-minute stagger window between large-scale inventory drops."
% Free Space is too low --IEDU1LVPAPP403/IEDU1LVPAPP405/IEDU1LVPAPP402,"Event Description: % Free Space is too low --IEDU1LVPAPP403/IEDU1LVPAPP405/IEDU1LVPAPP402 Root Cause Category: Infrastructure / Server Management Root Cause Subcategory: Disk Space Saturation Detailed Root Cause Analysis: App servers 402, 403, and 405 ran dangerously low on disk space space due to the rapid accumulation of uncompressed system core dump files generated during a historical network scan test. Action Taken: Cleaned out legacy debug dumps and system logs older than 7 days across all three application nodes to reclaim 85GB of standard storage space. Resolution Type: Disk Space Cleanup Preventive Action: Deploy an automated shell cleanup script configured to automatically zip or delete dump archives that cross a 5-day operational lifespan."
TC: depo RSDL - missing 8 boxes for ADVANCED order 20960951,"Event Description: TC: depo RSDL - missing 8 boxes for ADVANCED order 20960951 Root Cause Category: Operational / Warehouse Floor Root Cause Subcategory: Short Pick Allocation Tracking Detailed Root Cause Analysis: Advanced customer order 20960951 showed an 8-box shortfall at dispatch because an operator accidentally left the picked cases behind on a lower-level physical staging lane shelf grid. Action Taken: Conducted a localized warehouse dock sweep, retrieved the 8 missing boxes, brought them directly to the staging lane, and finalized the shipping manifest updates. Resolution Type: Physical Rectification & Status Updation Preventive Action: Configure mandatory case scanning checks on RF guns to verify total packing list metrics match before allowing a user session to mark an order complete."
"ASN to be obtained for all lines on attached manifests. This has been confirmed that stock was systematically shipped from ASC to 963, however, no Master Receip","Event Description: ASN to be obtained for all lines on attached manifests. This has been confirmed that stock was systematically shipped from ASC to 963, however, no Master Receip Root Cause Category: Inbound Logistics / Integration Failure Root Cause Subcategory: Missing ASN Record Detailed Root Cause Analysis: Inventory systematically moved from ASC to Islip 963 remained locked from processing because the originating facility omitted the electronic Advanced Shipping Notice (ASN) payload file, blocking Master Receipt creation. Action Taken: Provisioned emergency skeleton ASN profiles inside the local WMS layout to permit immediate Master Receipt generation and allow yard crews to scan items in. Resolution Type: Skeleton Record Provisioning Preventive Action: Establish an integration validation check to automatically flag and notify transport planning teams if a freight departure occurs without an accompanying electronic ASN file."
Primark Thrapston DepotJDA ProductionSee the attached spread sheet Orphaned Dock Door Data that shows four orphaned entries in Dock Door operations. Please p,Event Description: Primark Thrapston DepotJDA ProductionSee the attached spread sheet Orphaned Dock Door Data that shows four orphaned entries in Dock Door operations. Please p Root Cause Category: Database Management / Clean-up Root Cause Subcategory: Orphaned Staging Records Detailed Root Cause Analysis: The four orphaned tracking lines remained permanently stuck inside the Dock Door operations view because an unhandled application session drop left behind incomplete status rows inside the underlying layout index tables. Action Taken: Executed an administrative database maintenance script to clear out the four stale orphaned rows from the operational tracking tables. Resolution Type: Database Record Purge Preventive Action: Configure a nightly background data hygiene process to scan for and drop table rows that maintain null trailer references past a 24-hour cycle.
-TC- From order  we cant allocate 15 cartons of SKU 211740176,"Event Description: '-TC- From order  we cant allocate 15 cartons of SKU 211740176 Root Cause Category: Inventory / Allocation Logic Root Cause Subcategory: Quality Inspection Hold Constraint Detailed Root Cause Analysis: The allocation engine skipped 15 cartons of SKU 211740176 because the physical stock segment was bound by an active quality control inspection hold status lock flag inside the database tables. Action Taken: Bypassed the constrained inventory location parameters and re-sourced the 15 cartons from an open, unassigned bulk reserve storage lane to fulfill the order requirements. Resolution Type: Stock Re-allocation Preventive Action: Set up system rules to automatically alert inventory planners if an incoming high-priority order file explicitly targets inventory items resting inside quarantine zones."
343 Naas Depot -  312204707  VC_REPLENISHMENT_RELEASE  Thu Aug 07 13:03:26 IST 2025  DCS  null  null,"Event Description: 343 Naas Depot - 312204707 VC_REPLENISHMENT_RELEASE Thu Aug 07 13:03:26 IST 2025 DCS null null Root Cause Category: Database Management / Scheduled Jobs Root Cause Subcategory: Unhandled Null Exception Block Detailed Root Cause Analysis: The automated replenishment release module (Job ID 312204707) failed silently on August 7, 2025, because the execution script encountered a series of unexpected null arrays while attempting to query assignment metrics during a low-volume schedule gap. Action Taken: Reset the data processing row indexes inside the automation schema layout fields and manually triggered an on-demand job rerun to clear task backlogs. Resolution Type: Scheduled Job Reprocessing Preventive Action: Revise script parsing conditions to utilize default values (NVL statements) when handling empty data parameters to prevent task termination events."
343 Naas Depot - issue with loading on MRT 3910,"Event Description: 343 Naas Depot - issue with loading on MRT 3910 Root Cause Category: Application Logic / WMS Allocation Root Cause Subcategory: Task Status Synchronization Error Detailed Root Cause Analysis: Operators were unable to load pallets for Mass Stock Receipt (MRT) 3910 because a software glitch kept the load status flagged as 'Wave Incomplete' despite all physical picking tasks being finished. Action Taken: Force-synchronized the task status tables inside JDA using an administrative query to push the load into an 'Allocated-Staged' status, allowing loading to resume. Resolution Type: System Status Field Reset Preventive Action: Deploy a systemic patch to the wave execution module to ensure real-time consolidation flags trigger exactly upon the completion of the final sub-task."
"We have received reports from the finance team that GRN S12981606 is currently being detected as being overreceived, despite the fact that we have physically & ","Event Description: We have received reports from the finance team that GRN S12981606 is currently being detected as being overreceived, despite the fact that we have physically & verified correct. Root Cause Category: Cross-System Data Desynchronization Root Cause Subcategory: Double-Transmission Acknowledgment Failure Detailed Root Cause Analysis: Finance systems reported an over-receiving variance for Goods Received Note (GRN) S12981606 because a network glitch during the data transmission phase caused the WMS to resend the confirmation message packet twice, artificially doubling the record count in the financial registry. Action Taken: Cleared the duplicate ledger transaction entries directly from the interface table schema to realign the financial database with the actual physical intake records. Resolution Type: Data Value Correction Preventive Action: Enforce unique transaction indexing constraints within the receiving integration bus layer to automatically reject duplicate message IDs."
Missing receipts from WMS to RMS for Primark Depots,Event Description: Missing receipts from WMS to RMS for Primark Depots Root Cause Category: Integration Failure Root Cause Subcategory: Middleware Queue Stoppage Detailed Root Cause Analysis: Outbound receipt messages from multiple warehouse facilities stalled globally at the enterprise service bus (ESB) router due to an expired network security group routing rules definition. Action Taken: Refreshed the network security group routing rules definitions on the primary cluster gateway and flushed the shared integration queue caches to resume receipt message transfers. Resolution Type: Infrastructure Service Optimization Preventive Action: Configure automated alerts inside the network controller engine to notify systems engineers immediately if an outbound integration pipe drops below minimal data throughput metrics.
Exception raised for backout 1161 - ESB.USER.1161.BAK,Event Description: Exception raised for backout 1161 - ESB.USER.1161.BAK Root Cause Category: Middleware / ESB Exception Root Cause Subcategory: Identity Data Schema Validation Error Detailed Root Cause Analysis: The user synchronization data stream failed schema validation and entered backout queue 1161 because an employee's middle name property string contained a non-standard ASCII special character. Action Taken: Manually removed the invalid special character from the text parameters inside the ESB management staging window and re-queued the transaction payload. Resolution Type: Interface Data Correction Preventive Action: Implement input sanitization masks on user provisioning data entry forms to strip unauthorized symbols before data serialization.
Trailer stuck on dock door17,Event Description: Trailer stuck on dock door17 Root Cause Category: Application Logic / Validation Constraint Root Cause Subcategory: Active Task Dependency Lock Detailed Root Cause Analysis: The trailer could not be processed or unassigned from dock door 17 within the system because a virtual stock adjustment sweep task remained open against a container row tied to the trailer’s shipping manifest. Action Taken: Programmatically de-allocated the orphaned background task thread from the active tracking index to release the system lock and clear the trailer status. Resolution Type: Database Lock Release Preventive Action: Update the dock door management UI logic to clearly flag any open internal tasks holding a virtual lock on the physical asset.
"Primark Thrapston DepotJDA running very slow, 121 pick conf messages at stratus R on JDA and over 500 pick conf messages queueing on Voclapoint.","Event Description: Primark Thrapston DepotJDA running very slow, 121 pick conf messages at stratus R on JDA and over 500 pick conf messages queueing on Voclapoint. Root Cause Category: Application Performance Root Cause Subcategory: Database Resource Contention / Thread Block Detailed Root Cause Analysis: System-wide slowness and pick confirmation queuing occurred because a high-volume inventory allocation wave generated a severe table row lock on the primary pick verification index, blocking communication between JDA and VocalPoint. Action Taken: Terminated the deadlocked transaction process IDs at the database layer and recycled the local middleware message handlers to process the backlogged queues. Resolution Type: Database Lock Release & State Refresh Preventive Action: Re-schedule bulk wave allocation drops to execute in staggered blocks to minimize simultaneous index updates."
Torija Depot - Work Order 88527 closed in JDA,"Event Description: Torija Depot - Work Order 88527 closed in JDA Root Cause Category: Work Order Management Root Cause Subcategory: Administrative Status Update Detailed Root Cause Analysis: Operational request to systematically adjust the status of Work Order 88527 to 'Closed' following a structural floor design shift that eliminated the requirement for the remaining stock configurations. Action Taken: Changed the status flag parameter for Work Order 88527 to 'Closed' using the administrative control toolkit, effectively releasing all unused components back to bulk warehouse reserves. Resolution Type: Manual Administrative Action Preventive Action: Ensure that work order cancellation requests originate through standard systemic lifecycle paths to maintain data integrity tracking."
343 Naas Depot Work order 96065 /96059 ( previous ticket opened linked with issue INC0397010 & INC0395814 ),"Event Description: 343 Naas Depot Work order 96065 /96059 ( previous ticket opened linked with issue INC0397010 & INC0395814 ) Root Cause Category: Work Order Management Root Cause Subcategory: Persistent Data Alignment Error Detailed Root Cause Analysis: Work orders 96065 and 96059 suffered a persistent execution loop block because they referenced an item SKU configuration file containing corrupt physical volume parameters that had been incorrectly updated during previous incident resolutions. Action Taken: Rebuilt the item classification dimensions inside the active work order definition rows to align with current master data specifications, enabling the tasks to clear. Resolution Type: System Record Correction Preventive Action: Implement validation tracking scripts to prevent structural item property modifications while an item is actively mapped to open work items."
Islip Depot- Shipment creation issues ,Event Description: Islip Depot- Shipment creation issues Root Cause Category: Order Management / Routing Error Root Cause Subcategory: Missing Shipping Lane Profile Map Detailed Root Cause Analysis: Operators could not generate new outbound shipments because an optimization routine assigned several store orders to a newly opened dispatch lane that lacked a defined transportation routing zone mapping inside the system tables. Action Taken: Configured the missing shipping lane profile mapping rules within the transport module configuration layout to restore standard shipment file outputs. Resolution Type: Configuration Maintenance Preventive Action: Establish a mandatory checklist to guarantee all required transport routing rules are built whenever generating new warehouse lane IDs.
Oosterhout - trailer closure error - XA901GD,Event Description: Oosterhout - trailer closure error - XA901GD Root Cause Category: Application Logic / Validation Constraint Root Cause Subcategory: Open Handshake Task Block Detailed Root Cause Analysis: Trailer completion failed for trailer XA901GD because a forklift driver closed an active terminal loading session without executing the final confirmation barcode scan on a staged bulk handling unit. Action Taken: Forced a manual task completion parameter adjustment inside the backend table matrix using supervisor credentials to close the trailer transaction record cleanly. Resolution Type: Manual System Override Preventive Action: Enforce a terminal alert prompt that warns loaders of un-scanned pallets inside the current session before allowing a user to log out of a vehicle manifest loop.
Islip Depot  - please change trailer number for Irish load,Event Description: Islip Depot - please change trailer number for Irish load Root Cause Category: Operational Support / Data Modification Root Cause Subcategory: Shipping Documentation Maintenance Detailed Root Cause Analysis: Operational request to systematically alter an active trailer tracking string for an Irish transport load due to a physical chassis breakdown on the outbound trailer line. Action Taken: Executed an SQL update command within the WMS shipping table matrix to safely swap the old trailer identification numbers out for the new container profile metadata. Resolution Type: System Data Adjustment Preventive Action: Provide dispatch supervisors with secure portal utilities to safely handle equipment re-assignments during vehicle failures without requiring IT support.
Depot Roosendaal - discrepancy between RMS and JDA,Event Description: Depot Roosendaal - discrepancy between RMS and JDA Root Cause Category: Data Desynchronization Root Cause Subcategory: Interface Transaction Packet Drop Detailed Root Cause Analysis: An inventory variance developed between systems because an integration timeout dropped a final allocation update acknowledgment file before it registered inside the RMS repository. Action Taken: Injected a targeted synchronization payload through the integration framework to force the RMS stock figures to mirror the verified JDA warehouse numbers. Resolution Type: Cross-System Data Synchronization Preventive Action: Deploy a nightly data validation script to automatically scan for and report ledger discrepancies between system records.
Exception raised for Backout queue 1160 -  ESB.USER.1160.BAK,Event Description: Exception raised for Backout queue 1160 - ESB.USER.1160.BAK Root Cause Category: Middleware / ESB Exception Root Cause Subcategory: Data Schema Constraint Violation Detailed Root Cause Analysis: The user data synchronization event packet was sent to backout queue 1160 because an alphanumeric identity string length parameter exceeded the maximum 15-character limit permitted by the database schema index fields. Action Taken: Truncated the extraneous trailing padding values from the raw transaction data layout inside the ESB interface window and forced a manual payload re-queue loop. Resolution Type: Payload Modification & Re-queue Preventive Action: Restructure identity provisioning input parameters to apply strict length rules on user fields before files map to the outbound interface layers.
Exception raised for Backout queue PI387 -  ESB.STRATIFICATION.PI387EV.IQ.BAK,Event Description: Exception raised for Backout queue PI387 - ESB.STRATIFICATION.PI387EV.IQ.BAK Root Cause Category: Middleware / ESB Exception Root Cause Subcategory: Format Mismatch / Unexpected Null Detailed Root Cause Analysis: The stratification message process hit backout queue PI387 because an automated overnight batch loop exported an incomplete calendar dataset containing a null value string inside a mandatory event parameter block. Action Taken: Inserted the correct fallback default index variables into the message wrapper and triggered an on-demand re-queue processing cycle. Resolution Type: Message Payload Correction & Re-queue Preventive Action: Apply explicit validation criteria loops inside host systems to prevent file exports if critical structural data variables evaluate as null.
Naas 343 Depot - Vocal point units beeping / Error Contacting external system host messages  ,Event Description: Naas 343 Depot - Vocal point units beeping / Error Contacting external system host messages Root Cause Category: Network & Infrastructure Root Cause Subcategory: Access Point Handshake Packet Drop Detailed Root Cause Analysis: Floor voice terminals began alerting and displaying host error prompts because an intermittent local network loop failure began dropping data packets across the primary warehouse wireless access point configuration grid. Action Taken: Re-indexed the localized access point routing addresses and cycled the primary hardware switches to clear the network buffer paths and stabilize terminal signals. Resolution Type: Infrastructure Recycle Preventive Action: Implement automatic threshold reporting parameters to instantly flag network controllers if an enterprise access point indicates a packet drop rate higher than 2%.
Failed Trailer Completion Process in JDA,"Event Description: Failed Trailer Completion Process in JDA Root Cause Category: Application Logic / Validation Constraint Root Cause Subcategory: Discrepant Inventory Allocation Lock Detailed Root Cause Analysis: The trailer completion transaction failed inside JDA because a warehouse operator left a single carton tracking row in an unconfirmed status flag field inside a pick wave directly tied to the vehicle's shipping manifest. Action Taken: Reconciled the status properties of the missing carton to 'Short-Cancelled' inside the order parameters framework, allowing the trailer closeout sequence to process cleanly. Resolution Type: Manifest Reconciliation Preventive Action: Add an active validation checklist layout onto the supervisor control terminal that highlights any incomplete tasks preventing a truck closure action."
343 Naas Depot - IFD Data Sequence failures,Event Description: 343 Naas Depot - IFD Data Sequence failures Root Cause Category: Integration Failure Root Cause Subcategory: Interface Sequence ID Conflict Detailed Root Cause Analysis: Interface Data (IFD) transmission sequence runs failed because an asynchronous interface process loop generated duplicate sequence transaction identifiers that tripped database unique key index constraints. Action Taken: Purged the duplicate indexing rows from the staging tables and advanced the sequence seed value tracker by 100 metrics to restore processing parameters. Resolution Type: Staging Table Processing Refresh Preventive Action: Modify the serialization generation script to construct multi-part composite transmission keys containing execution timestamps to ensure unique values.
Islip depot- The issue with location CC-007-A10,Event Description: Islip depot- The issue with location CC-007-A10 Root Cause Category: Application Logic / WMS State Error Root Cause Subcategory: Stuck Cycle Count Flag Detailed Root Cause Analysis: Storage location CC-007-A10 was blocked from standard pick task assignments because an RF terminal connection dropout left behind an orphaned 'Count in Progress' system lock flag row inside the location master schema. Action Taken: Programmatically removed the stuck auditing lock flag parameters from the location master index records to restore standard storage grid availability. Resolution Type: Database State Correction Preventive Action: Implement a automated system utility to auto-drop active inventory auditing location locks if zero user inputs arrive from the assigned device within 30 minutes.
343 Naas depot Load id  770690   - Pallet Load is Failed - Last Occurrence - Stop Sequence does not exist for Inventory    ,Event Description: 343 Naas depot Load id 770690 - Pallet Load is Failed - Last Occurrence - Stop Sequence does not exist for Inventory Root Cause Category: Application Logic / WMS-TMS Validation Root Cause Subcategory: Missing Transit Routing Points Detailed Root Cause Analysis: Loading steps failed on user terminal screens for Load ID 770690 because the target product load configuration did not possess a corresponding customer delivery stop sequence number inside the active TMS execution datasets. Action Taken: Re-synchronized the shipment routing definitions between the TMS optimization engine and the WMS database layer to apply missing stop criteria. Resolution Type: Route Manifest Re-build Preventive Action: Enforce an integration check rule that automatically alerts dispatch operators if a pallet is staged without a pre-validated route sequence identifier.
% Free Space is too low - IEDU1LVUAPP401 ,Event Description: % Free Space is too low - IEDU1LVUAPP401 Root Cause Category: Infrastructure / Server Management Root Cause Subcategory: Disk Space Saturation Detailed Root Cause Analysis: Application server IEDU1LVUAPP401 triggered storage threshold alerts due to the heavy accumulation of legacy system trace files (.trc) and uncompressed historical debugging logs inside the primary system logs directory. Action Taken: Executed a secure shell command line utility block to drop all logging data older than 14 days and ran a directory compression routine to reclaim 50GB of server space. Resolution Type: Disk Space Cleanup Preventive Action: Adjust the automated log rotation configuration script to execute a cleanup sweep every 7 days instead of monthly.
RDT guns lost connection at Thrapston depot,Event Description: RDT guns lost connection at Thrapston depot Root Cause Category: Network & Infrastructure Root Cause Subcategory: Terminal Server Gateway Disconnect Detailed Root Cause Analysis: Wireless RDT (Radio Data Terminal) scanning units dropped connections globally across Thrapston depot because the core network terminal emulation gateway service (StayLinked) ran out of active socket allocation threads. Action Taken: Restarted the terminal emulation gateway service parameters on the primary application host server node to instantly clear and refresh the device communication thread pool. Resolution Type: Service Restart Preventive Action: Expand the maximum concurrent thread allocation boundary configurations within the terminal gateway system files to prevent future capacity saturation.
Torija Depot - Transfer Shipments not transmitted to RMS,Event Description: Torija Depot - Transfer Shipments not transmitted to RMS Root Cause Category: Integration Failure Root Cause Subcategory: Middleware Message Block / Interface Delay Detailed Root Cause Analysis: Outbound transactional stock transfer messages failed to transmit to the host Retail Management System (RMS) because a network firewall update blocked outbound communication on the dedicated messaging bus gateway port. Action Taken: Re-aligned firewall rules to open communication pipelines and manually triggered a mass reprocessing sweep of all pending transfer payloads from the integration outbound table. Resolution Type: Interface Data Recovery & Firewall Modification Preventive Action: Establish end-to-end automated handshake monitoring tests during all corporate network security modification changes.
Oosterhout - Failed Trailer Completion - KU804WW,"Event Description: Oosterhout - Failed Trailer Completion - KU804WW Root Cause Category: Application Logic / Validation Constraint Root Cause Subcategory: Open Task / Missing Scan Lock Detailed Root Cause Analysis: The trailer completion routine failed for vehicle KU804WW because an operator exited an active physical loading terminal session without completing a final barcode validation step on an associated staging pallet record row. Action Taken: Applied a supervisor administrative bypass token to clear the unconfirmed task flag, allowing the trailer validation manifest system logic loop to close cleanly. Resolution Type: Manual System Override Preventive Action: Configure terminal screen logic loops to clearly display an absolute alert checklist showing any un-scanned items before allowing a user to log out of an active loading layout phase."
Negative Transfer Reserved qty in WMS file RSDL depot,"Event Description: Negative Transfer Reserved qty in WMS file RSDL depot Root Cause Category: Application Logic / WMS State Error Root Cause Subcategory: Inventory Balance Inconsistency Detailed Root Cause Analysis: A structural race condition occurred within the WMS allocation module when an automated replenishment cancellation ran simultaneously with a manual picking task drop, resulting in a negative inventory value record inside the dynamic inventory allocation table (invsub). Action Taken: Executed a database patch query to reset the corrupted negative value fields back to a standard zero alignment and reconciled local item balance structures. Resolution Type: Database State Correction Preventive Action: Update system script transaction isolation parameters to prevent simultaneous write access to identical index cells during allocation drops."
Naas Depot - Parts getting short allocated - Time Critical,Event Description: Naas Depot - Parts getting short allocated - Time Critical Root Cause Category: Inventory Sync / Wave Allocation Root Cause Subcategory: Virtual Inventory Hold Constraint Detailed Root Cause Analysis: High-priority order processing lines triggered extensive short allocations because a bulk product segment was systematically locked under an un-cleared testing quality assurance hold code variable. Action Taken: Programmatically cleared the obsolete testing hold flag lines from the targeted item profile registry records and re-executed the time-critical fulfillment wave. Resolution Type: Stock Hold Release & Re-allocation Preventive Action: Configure systemic automatic alerts to notify warehouse operations leads if active inventory lines remain bound to testing hold profiles for longer than 24 hours.
Islip Depot - two trailers closed on VP but not shipped in JDA,"Event Description: Islip Depot - two trailers closed on VP but not shipped in JDA Root Cause Category: Cross-System Integration Failure Root Cause Subcategory: Out-of-Sync State / Missing Confirmation Message Detailed Root Cause Analysis: Two transport loads remained in an incomplete state inside JDA WMS because an intermittent integration network timeout dropped the final exit status confirmation message packet immediately after physical closure parameters finalized inside VocalPoint (VP). Action Taken: Injected an administrative synchronization command directly inside the WMS data interface console to manually advance the JDA trailer records from a ""Staged"" state to a ""Shipped"" status classification. Resolution Type: Cross-System Data Synchronization Preventive Action: Enhance interface validation processing scripts to automatically re-try failed data packet transfers multiple times before archiving transactions."
Exception raised for Backout queue 1161 -  ESB.RMS.RECEIPTS.IQ.BAK,Event Description: Exception raised for Backout queue 1161 - ESB.RMS.RECEIPTS.IQ.BAK Root Cause Category: Middleware / ESB Exception Root Cause Subcategory: Message Parsing / Schema Validation Failure Detailed Root Cause Analysis: The receipts data pipeline dropped incoming data into backout queue 1161 because a supplier delivery note field contained an invalid alphanumeric character that violated strict enterprise service bus (ESB) parsing criteria definitions. Action Taken: Cleared out the problematic character strings inside the raw message document structure directly via the ESB administrative toolkit console window and re-processed the queue run. Resolution Type: Interface Data Correction Preventive Action: Deploy input sanitization filter steps on the outbound data serialization layers to strip non-standard formatting strings prior to message delivery.
"We have a sync issue between JDA and Timewise. Orders, replenishments or putaway movements we raise on JDA or receiving device do not appear in Timewise.","Event Description: We have a sync issue between JDA and Timewise. Orders, replenishments or putaway movements we raise on JDA or receiving device do not appear in Timewise. Root Cause Category: Integration Failure Root Cause Subcategory: Interface Daemon Freeze / Middleware Loop Detailed Root Cause Analysis: The real-time messaging link between JDA WMS and VocalPoint Timewise failed completely because an internal memory leak exception crashed the active transaction listener daemon handler on the middleware node server block. Action Taken: Cleared the accumulated messaging queue buffer files and executed a complete system service recycle of the data exchange integration listener framework. Resolution Type: Service Restart Preventive Action: Allocate additional virtual memory blocks to the integration engine environment properties and set up a nightly automated health recycle routine."
Blocked dock 36 by trailer 10300642-XA773HF with one pallet - 1196666,Event Description: Blocked dock 36 by trailer 10300642-XA773HF with one pallet - 1196666 Root Cause Category: WMS Configuration / Location Assignment Root Cause Subcategory: Stuck Dock Status Lock Detailed Root Cause Analysis: Physical dock 36 remained systematically locked because trailer record 10300642-XA773HF was closed out while an unconfirmed orphan pallet identifier line link (1196666) remained virtually mapped to the dock door layout. Action Taken: Programmatically unlinked the orphaned pallet asset ID reference from the historical trailer record index and shifted the load metadata row to a virtual yard buffer lane to clear the dock configuration space. Resolution Type: Database Clean-up Preventive Action: Update dock door management interface constraints to prevent a vehicle closure event if any open unconfirmed pallet mappings remain active in the dock cell.
Naas Depot - stock check with RMS,"Event Description: Naas Depot - stock check with RMS Root Cause Category: Cross-System Inventory Sync Root Cause Subcategory: Inventory Ledger Variance Audit Detailed Root Cause Analysis: Operational request to execute a deep system-to-system reconciliation sweep across Naas Depot records due to an expanded tracking imbalance variance between WMS live stock locations and RMS host bookkeeping figures. Action Taken: Ran an absolute on-demand automated balance synchronization profile run across all active SKU locations, matching system quantities perfectly and clearing the delta reports. Resolution Type: Structural Record Sync Preventive Action: Establish a daily incremental ledger validation job that highlights balance deviations larger than 10 units before operational fulfillment shifts begin."
Missing receipts from WMS to RMS for Primark Depots,Event Description: Missing receipts from WMS to RMS for Primark Depots Root Cause Category: Integration Failure Root Cause Subcategory: Middleware Interface Stoppage Detailed Root Cause Analysis: Outbound warehouse receipt transaction updates across multiple distribution facilities stalled globally at the middleware node due to an unexpected unique constraint transaction row deadlock on the central enterprise messaging bus repository. Action Taken: Force-terminated the blocking database execution threads at the middleware schema layer to drop transaction locks and release backlogged receipts payloads to the host. Resolution Type: Database Lock Release & State Refresh Preventive Action: Reconfigure message routing configurations to utilize distinct data streams for separate warehouse facility receipt confirmation files.
Exception raised for Backout queue 1161 -  ESB.RMS.RECEIPTS.IQ.BAK,"Event Description: Exception raised for Backout queue 1161 - ESB.RMS.RECEIPTS.IQ.BAK Root Cause Category: Middleware / ESB Exception Root Cause Subcategory: Duplicate Primary Key Restriction Detailed Root Cause Analysis: The receipts data route pushed transactional information to backout queue 1161 because the arriving interface file package held a unique composite sequence identity tracker that had already been successfully committed in a prior run. Action Taken: Audited live database ledger entries, confirmed the primary intake details had already fully written to records, and safely deleted the redundant duplicate payload document from the staging pool. Resolution Type: Duplicate Payload Disposal Preventive Action: Update upstream message formatting systems to construct unique interface sequence keys utilizing microsecond execution timestamps."
"RSLD - TC - 591 pick lines of order 300180571 stuck in ""Pending"" status","Event Description: RSLD - TC - 591 pick lines of order 300180571 stuck in ""Pending"" status Root Cause Category: Application Performance Root Cause Subcategory: Wave Allocation Block / Deadlock Detailed Root Cause Analysis: Time-critical store fulfillment order 300180571 stalled during the task release phase because an internal table deadlock error locked the primary pick work mapping index table rows exactly during wave extraction. Action Taken: Terminated the blocking background processing string thread at the database engine layer to clear row block parameters, causing the 591 pending picks to instantly map out to terminal users. Resolution Type: Database Lock Release Preventive Action: Reschedule automatic background inventory consolidation tasks to execute completely outside core operational order release execution windows."
Islip Depot 963 - ASN failure for AC1015,Event Description: Islip Depot 963 - ASN failure for AC1015 Root Cause Category: Integration Failure Root Cause Subcategory: Inbound ASN Validation Rejection Detailed Root Cause Analysis: The advanced shipping notice (ASN) payload for inbound trailer AC1015 rejected validation inside the Islip WMS because the supplier file format parameters used a localized country prefix that broke integration schema formatting boundaries. Action Taken: Re-mapped the geo-code identifier properties directly within the interface landing text field using developer tool sheets and forced a processing re-run to activate intake visibility. Resolution Type: Interface Data Mapping Adjustment Preventive Action: Enforce absolute compliance checks on external EDI connection routes to reject files at the supplier portal if mapping structures do not match master criteria.
Error marshalling ,Event Description: Error marshalling Root Cause Category: Functional Application Bug Root Cause Subcategory: Marshalling Area Validation Exception Detailed Root Cause Analysis: Floor operators received unhandled runtime validation exceptions when attempting to clear handling units because a newly adjusted system routing parameter assigned duplicate coordinate tags to the physical marshalling grid zones. Action Taken: Re-aligned the marshalling layout cell metrics inside the master facility parameters database configuration to clear the systemic location mapping conflict. Resolution Type: System Configuration Change Preventive Action: Require a system validation test pass across virtual layout modifications before publishing structural coordinate rules to active warehouse environments.
Missing receipts from WMS to RMS for Primark Depot Roosendaal,Event Description: Missing receipts from WMS to RMS for Primark Depot Roosendaal Root Cause Category: Integration Failure Root Cause Subcategory: Transaction Sync Dropout Detailed Root Cause Analysis: Completed inventory receiving transactions at the Roosendaal distribution facility failed to update host ledger files because a local area network card failure dropped connection strings midway through the outbound integration data stream. Action Taken: Shifted local interface processing data channels over to a redundant network interface configuration card framework and re-sent the lost receipt payload packages to RMS. Resolution Type: Hardware Redundancy Failover & Re-transmission Preventive Action: Deploy real-time network hardware heartbeat alerting properties inside infrastructure management dashboards to flag connection line drops immediately.
Naas Depot - User removed from WMS,Event Description: Naas Depot - User removed from WMS Root Cause Category: Identity & Access Management (IAM) Root Cause Subcategory: Account Offboarding / Profile Deactivation Detailed Root Cause Analysis: Standard administrative access adjustment task executed to systematically deactivate an operator login profile profile from the production execution systems following personnel offboarding updates. Action Taken: Programmatically de-allocated all associated security authorization parameters from the targeted user identifier listing record and disabled the system login status blocks. Resolution Type: Profile Disabling & Task Release Preventive Action: Standardize personnel profile lifecycle tracking management through centralized human resource database integration triggers to handle account changes automatically.
"343 Naas Depot - Following load ID 953406 has -1403 error, unable to load this carrier / Store 001 / Order: 300215730","Event Description: 343 Naas Depot - Following load ID 953406 has -1403 error, unable to load this carrier / Store 001 / Order: 300215730 Root Cause Category: Database Management / Application Error Root Cause Subcategory: Oracle No Data Found Exception (ORA-01403) Detailed Root Cause Analysis: System operators encountered runtime error -1403 when trying to load order 300215730 under Load ID 953406 because the transport asset file referenced an outdated partner routing string that was completely missing inside the active carrier directory table layout. Action Taken: Modified the carrier lookup identifier configuration parameters inside the active shipment database fields to match standard active vendor records, clearing the ORA-01403 loading exception. Resolution Type: DB Value Modification Preventive Action: Enforce strict foreign key input validation rules on dispatch routing maintenance screens to prevent the entry of unmapped transport provider strings."
Is it possible to offload pallet 1084248 (order 21280542 - 27 boxes-SKU 211551673) from dispatched trailer 09020621-OK17HZ and put it back to our stock?,"Event Description: Is it possible to offload pallet 1084248 (order 21280542 - 27 boxes-SKU 211551673) from dispatched trailer 09020621-OK17HZ and put it back to our stock? Root Cause Category: Operational Support / Data Modification Root Cause Subcategory: Shipment Reversal / Trailer Offloading Detailed Root Cause Analysis: Operational exception request to programmatically roll back a completed shipping transaction after pallet asset 1084248 (containing 27 boxes of SKU 211551673) was mistakenly confirmed loaded onto dispatched trailer 09020621-OK17HZ due to a manifest adjustment. Action Taken: Reverted the vehicle dispatch status indicator to an editable state using backend data tools, virtually un-loaded pallet 1084248 to clear it from the vehicle profile manifest, and re-assigned the 27 boxes back to standard available staging bay stock parameters. Resolution Type: System Record Correction & Status Restoration Preventive Action: Implement a multi-stage validation check prompt within the final vehicle dispatch screen workflow requiring confirmation of all high-volume container edits before saving changes."
"Hi. Please, amend the Purchase order: B13022009 ASAP in our system as it was over received by mistake.The Identified Quantity should be:  16 of SKU: 211744008 ","Event Description: Hi. Please, amend the Purchase order: B13022009 ASAP in our system as it was over received by mistake.The Identified Quantity should be: 16 of SKU: 211744008 Root Cause Category: Operational / Receiving Error Root Cause Subcategory: Over-receiving / Human Error Detailed Root Cause Analysis: An intake operator accidentally double-scanned an inbound storage unit pallet sequence, resulting in an over-received quantity anomaly for purchase order B13022009. Action Taken: Adjusted the recorded received quantity of SKU 211744008 downwards to exactly 16 units inside the WMS ledger and synchronized the changes directly with the host system. Resolution Type: Inventory Record Adjustment Preventive Action: Implement a scan confirmation prompt on the RF terminals to warn operators if a duplicate product identification code is scanned in rapid succession."
343 Naas Depot - Wrong Road POC's ,"Event Description: 343 Naas Depot - Wrong Road POC's Root Cause Category: Order Management / Sourcing Rules Root Cause Subcategory: Erroneous Destination Assignment Detailed Root Cause Analysis: Purchase Order Confirmations (POCs) were generated with incorrect destination route attributes, attempting to assign and send inventory down an unserviced transit lane. Action Taken: Re-mapped the affected POC routing vectors to the correct depot lane master parameters and forced an update to the active JDA wave schedule tables. Resolution Type: System Configuration Change Preventive Action: Enforce an automated validation check on store routing code matrix variables prior to releasing system-wide PO generation batches."
Loading error. Pallet 836892. Incorrect loaded in VP.,"Event Description: Loading error. Pallet 836892. Incorrect loaded in VP. Root Cause Category: RF Scanning / WMS State Error Root Cause Subcategory: Out-of-Sync Scanning State Detailed Root Cause Analysis: Pallet 836892 was physically loaded into a trailer container slot, but an unhandled integration handshake packet failure inside VocalPoint (VP) left the tracking row state unconfirmed inside JDA. Action Taken: Executed a systemic status override query to flip the pallet tracking properties directly to 'Loaded' to perfectly mirror physical vehicle composition. Resolution Type: State Field Reset Preventive Action: Increase communication timeouts on wireless device emulation server gateways to minimize dropped data packets during active loading workflows."
RSDL - 2 pallet errors with: Missing argument:  ^argdsc^ [^argid^]. caused trailer error.,"Event Description: RSDL - 2 pallet errors with: Missing argument: ^argdsc^ [^argid^]. caused trailer error. Root Cause Category: Application Logic / WMS Bug Root Cause Subcategory: Null Parameter Exception Detailed Root Cause Analysis: The automated trailer completion routine failed because a core backend database function encountered empty parameter hooks (^argdsc^/^argid^) on two corrupt pallet asset data lines. Action Taken: Patched the missing argument null variables directly inside the interface staging table records using database tools, clearing the trailer closure block. Resolution Type: Database Record Repair Preventive Action: Modify functional database call structures to utilize fallback default strings whenever data constraints encounter empty parameters."
depo RSDL: missing 3 boxes for order 21689821 (NAAS 343),"Event Description: depo RSDL: missing 3 boxes for order 21689821 (NAAS 343) Root Cause Category: Operational / Warehouse Floor Root Cause Subcategory: Short Pick / Misplaced Item Detailed Root Cause Analysis: Order 21689821 dropped below expected counts because an operator inadvertently deposited 3 packed boxes into an adjacent overflow staging slot instead of the primary dispatch lane. Action Taken: Conducted a physical search of the loading zone grid layout, located the 3 missing boxes, and transferred them to the active trailer manifest. Resolution Type: Physical Rectification Preventive Action: Enforce a mandatory location scan check on RF units to verify proper destination staging parameters before closing out pick tasks."
Exception raised for Backout queue PI442 -  ESB.LABELSUP.ORDER.IQ.BAK,Event Description: Exception raised for Backout queue PI442 - ESB.LABELSUP.ORDER.IQ.BAK Root Cause Category: Middleware / ESB Exception Root Cause Subcategory: Schema Validation Failure Detailed Root Cause Analysis: The label supplier order transaction failed validation checks and entered backout queue PI442 because an address text field string exceeded the maximum length definitions mapped inside the ESB database schema. Action Taken: Sanitized the address text string directly within the ESB message staging interface utility and re-queued the transaction payload block for execution. Resolution Type: Interface Data Correction Preventive Action: Apply character entry limits on user registration portal forms to strip trailing characters before data serialization.
On master receipt 95500000000103040 B21465462 SKU 211532924 for 1 unit i receive in this line as it has no revision (MRT) even though the master receipt is chec,"Event Description: On master receipt 95500000000103040 B21465462 SKU 211532924 for 1 unit i receive in this line as it has no revision (MRT) even though the master receipt is chec Root Cause Category: Inbound Logistics / Integration Failure Root Cause Subcategory: Missing Revision Reference Data Detailed Root Cause Analysis: Receiving operations stalled under master receipt 95500000000103040 because the system could not validate line item B21465462 due to a missing Mass Stock Receipt (MRT) revision code value reference link. Action Taken: Manually updated the reference fields inside the database table rows to map the correct active MRT revision classification, unblocking line receiving confirmation. Resolution Type: Manual System Data Overwrite Preventive Action: Enforce system rule parameters to block master receipt release flows if component lines do not possess updated revision details."
Exception raised for Backout queue PI442 -  ESB.LABELSUP.ORDER.IQ.BAK,Event Description: Exception raised for Backout queue PI442 - ESB.LABELSUP.ORDER.IQ.BAK Root Cause Category: Middleware / ESB Exception Root Cause Subcategory: Parsing Error / Malformed Payload Detailed Root Cause Analysis: The label supply order document broke message routing parameters and moved to the backout repository because an unclosed nested XML tag container rendered the transaction file malformed. Action Taken: Reconstructed the malformed text layout elements directly inside the ESB administrative data window and forced a manual queue reprocessing run. Resolution Type: XML Document Reconstruction Preventive Action: Introduce an automated syntax validation script module at the source system level to evaluate file structures prior to interface delivery.
Error -1403,Event Description: Error -1403 Root Cause Category: Database Management / Application Error Root Cause Subcategory: Oracle No Data Found Exception (ORA-01403) Detailed Root Cause Analysis: A warehouse terminal execution routine crashed with error -1403 because an active tracking query attempted to pull historical inventory details from an empty table partition array. Action Taken: Cleared out the localized system memory address tables and re-indexed the missing target master variables to restore terminal function. Resolution Type: Cache Clearance & Re-indexing Preventive Action: Implement explicit exception safety handlers (EXCEPTION WHEN NO_DATA_FOUND THEN...) across all customized database inquiry functions.
"Revise source size descriptions in Size Translation Table - please assign to the stratification DBAI was contacted on Teams by Mousumi Basak 4th July, saying t","Event Description: Revise source size descriptions in Size Translation Table - please assign to the stratification DBAI was contacted on Teams by Mousumi Basak 4th July, saying t Root Cause Category: Master Data Sync Root Cause Subcategory: Product Attribute Configuration Maintenance Detailed Root Cause Analysis: Downstream stratification analytical queries returned parsing errors because newly updated Oracle product size metrics were entirely unmapped in the core size translation database tables. Action Taken: Appended the newly introduced size translation variables and their associated measurement conversion codes directly into the master database lookup layouts. Resolution Type: Master Data Table Maintenance Preventive Action: Automate master data definition replication streams between host ERP platforms and downstream analytical storage layers to ensure real-time parameter alignment."
343 Naas Depot - -1403 Error  pallet 888153,Event Description: 343 Naas Depot - -1403 Error pallet 888153 Root Cause Category: Database Management / Application Error Root Cause Subcategory: Oracle No Data Found Exception (ORA-01403) Detailed Root Cause Analysis: JDA WMS threw error -1403 during a terminal pallet inquiry because the active inventory allocation tracking row for pallet 888153 was cleared out by an overlapping background cleanup task. Action Taken: Reconstructed the missing inventory allocation row variables using backup server logging history snapshots to restore scanner terminal utility. Resolution Type: DB Record Reconstruction Preventive Action: Adjust date safety thresholds on automated database cleanup scripts to prevent the removal of records tied to active operational items.
Exception raised for Backout queue 1161 -  ESB.RMS.RECEIPTS.IQ.BAK,"Event Description: Exception raised for Backout queue 1161 - ESB.RMS.RECEIPTS.IQ.BAK Root Cause Category: Middleware / ESB Exception Root Cause Subcategory: Duplicate Primary Key Restriction Detailed Root Cause Analysis: Outbound receipt updates hit backout queue 1161 because the interface file package carried an identity sequence tracker that matched an inventory transaction row already successfully committed inside the repository database. Action Taken: Audited live database entries, confirmed that the primary receipt details were already recorded, and safely dropped the duplicate message payload from the backout console. Resolution Type: Duplicate Payload Disposal Preventive Action: Restructure sequence generation logic to use unique composite keys combining both order identifiers and millisecond timestamps."
Failed Trailer Completion Process in JDA,"Event Description: Failed Trailer Completion Process in JDA Root Cause Category: Application Logic / Validation Constraint Root Cause Subcategory: Missing Loading Scans Detailed Root Cause Analysis: The trailer closure script inside JDA was blocked because multiple active staging pallets were left in an unconfirmed status tracking column rather than advancing to a 'Confirmed Loaded' designation flag. Action Taken: Performed an emergency validation check on the vehicle contents, confirmed physical loading accuracy, and used supervisor credentials to force trailer closure. Resolution Type: Manual System Override Preventive Action: Configure loading dashboard interfaces to provide an absolute checkbox visual tracker displaying unconfirmed pallet numbers before transport cutoffs."
Torija Depot - IBT ASNs are not reaching SIV,Event Description: Torija Depot - IBT ASNs are not reaching SIV Root Cause Category: Integration Failure Root Cause Subcategory: Interface Data Mapping Error Detailed Root Cause Analysis: Inter-Bay Transfer (IBT) Advanced Shipping Notices (ASNs) failed to transmit to the SIV environment because an interface routing data script dropped its country formatting prefix parameter. Action Taken: Re-aligned the mapping specifications inside the interface landing tables and re-triggered data sequences to push the delayed IBT files into SIV. Resolution Type: Integration Data Mapping Adjustment Preventive Action: Integrate automated end-to-end handshake validation testing alerts into the interface controller to flag delivery blockages instantly.
RSDL - Expiration date change,Event Description: RSDL - Expiration date change Root Cause Category: Master Data Sync Root Cause Subcategory: Product Attribute Configuration Detailed Root Cause Analysis: Business operational update request to alter the systematic shelf-life constraints for a specific inventory lot after vendor production documentation confirmed extended expiration parameters. Action Taken: Updated the target inventory expiration tracking indicators inside the active item database table rows using the WMS inventory maintenance module. Resolution Type: Master Data Maintenance Preventive Action: Establish a secure manager-level validation screen interface to allow automated item profile adjustments based on vendor electronic confirmations.
Torija Depot - Trailer Completion Failure,Event Description: Torija Depot - Trailer Completion Failure Root Cause Category: Application Logic / Validation Constraint Root Cause Subcategory: Open Task Lock Detailed Root Cause Analysis: Outbound trailer validation routines failed to process because a warehouse loader exited an active session while a single case pick record row remained in an unconfirmed picking assignment state. Action Taken: Programmatically transitioned the uncompleted task string properties to 'Short-Canceled' inside the order framework tables to safely conclude the trailer transaction. Resolution Type: System Record Correction Preventive Action: Configure a confirmation layout check step inside terminal interfaces to explicitly require the entry of an exception code before a worker can leave an active dock session.
please align receipted QTY between WMS (963) & RMS for B13099214pack 211789790    1648 CTNs receivedpack 211789791    1620 CTNs received,Event Description: please align receipted QTY between WMS (963) & RMS for B13099214 pack 211789790 1648 CTNs received pack 211789791 1620 CTNs received Root Cause Category: Cross-System Inventory Sync Root Cause Subcategory: Manual Quantity Reconciliation Detailed Purchase Order Analysis: Purchase order B13099214 developed an analytical data discrepancy because an integration timeout dropped the confirmation message payload before receipt quantities (1648 and 1620 cartons) synchronized with RMS. Action Taken: Generated and injected a manual inventory balancing data packet to adjust the active RMS database total counts up to the true verified WMS metrics. Resolution Type: Structural Record Sync Preventive Action: Deploy a data verification balance job to automatically check for inventory intake variances between system ledgers every 12 hours.
"Hi all,There is a mismatch between RMS and WMS for N12530882WMS: 80 cartons (GRND in) RMS: 0 cartons (visible)  Could you please fix this mismatch for us.","Event Description: Hi all,There is a mismatch between RMS and WMS for N12530882WMS: 80 cartons (GRND in) RMS: 0 cartons (visible) Could you please fix this mismatch for us. Root Cause Category: Cross-System Inventory Sync Root Cause Subcategory: Interface Transaction Packet Drop Detailed Root Cause Analysis: Purchase order N12530882 showed 80 cartons received in WMS but 0 in RMS because an intermittent network drop disconnected the communication bridge exactly during file transfer execution. Action Taken: Re-transmitted the missing historical transaction data payload from the interface logging logs directly into the RMS intake path to clear out the 80 carton mismatch. Resolution Type: Cross-System Data Synchronization Preventive Action: Build a daily automated audit loop routine inside the reporting platform to flag incomplete day profiles before final ledger compilation."
Trailer completion error - SC166AF,Event Description: Trailer completion error - SC166AF Root Cause Category: Application Logic / Validation Constraint Root Cause Subcategory: Discrepant Shipping Weight Lock Detailed Root Cause Analysis: Trailer SC166AF was barred from finalization because a physical weight variance flag on the manifest violated the strict validation boundary thresholds defined inside JDA. Action Taken: Re-calculated and adjusted the trailer manifest volumetric metrics using supervisor administration tool parameters to bypass the weight constraint block. Resolution Type: System Record Correction Preventive Action: Broaden the acceptable mass deviation parameters within validation rules to reduce false trailer closure rejections.
"Hello, good day! We would like to report an ASN Failure regarding GRN S12528144, we've been notified that all 283 cartons are being reported as missing despite","Event Description: Hello, good day! We would like to report an ASN Failure regarding GRN S12528144, we've been notified that all 283 cartons are being reported as missing despite Root Cause Category: Inbound Logistics / Integration Failure Root Cause Subcategory: Inbound ASN Validation Rejection Detailed Root Cause Analysis: Advanced Shipping Notice (ASN) data for GRN S12528144 failed validation checks because a supplier text-formatting fault caused the database interface handler to reject the structural payload lines, showing them as missing. Action Taken: Corrected the configuration mapping properties within the interface landing data tables and forced a manual re-run of the data sequence pipeline to capture all 283 cartons. Resolution Type: Integration Data Mapping Adjustment Preventive Action: Enforce strict data validation criteria inside supplier portals to automatically catch and reject formatting errors prior to transmission."
The flow of data from the WMS Archive Environment to the sitting area prior to loading into Teradata has failed somewhere for our WMS Data extracts. The below ,"Event Description: The flow of data from the WMS Archive Environment to the sitting area prior to loading into Teradata has failed somewhere for our WMS Data extracts. The below Root Cause Category: Data Extraction / ETL Failure Root Cause Subcategory: Network File Transfer Block Detailed Root Cause Analysis: The automated ETL (Extract, Transform, Load) script failed to transfer the WMS data extracts to the staging landing directory (""sitting area"") due to an expired SSH cryptographic key on the target Teradata file transfer server gateway. Action Taken: Renewed the SSH key configurations on the source archive server and manually re-executed the data extraction pipeline to push the backlogged datasets to Teradata. Resolution Type: ETL Pipeline Recovery & Credential Update Preventive Action: Configure an automated infrastructure alert to notify the data engineering team 14 days before any SSH file-transfer credentials or keys expire."
343 Naas Depot - Issue with pallet -1403,Event Description: 343 Naas Depot - Issue with pallet -1403 Root Cause Category: Database Management / Application Error Root Cause Subcategory: Oracle No Data Found Exception (ORA-01403) Detailed Root Cause Analysis: An RF terminal operator received error -1403 during an inventory move attempt because the pallet record row inside the active inventory work table (pckwrk) was deleted by a concurrent wave cancellation script. Action Taken: Reconstructed the baseline pallet record coordinates using transactional log history and refreshed the system location variables. Resolution Type: DB Record Reconstruction Preventive Action: Restructure the system's error-handling loops to display user-friendly inventory updates rather than raw Oracle -1403 exceptions.
Islip Depot- rejected by host ,Event Description: Islip Depot- rejected by host Root Cause Category: Integration Failure Root Cause Subcategory: Host Validation Rejection Detailed Root Cause Analysis: The outbound shipping manifest payload was flagged as 'rejected by host' because a legacy client profile record lacked an updated corporate carrier reference tag required by the host ERP validation system. Action Taken: Manually added the missing carrier reference mappings into the customer master directory and re-transmitted the loading acknowledgment payload. Resolution Type: Data Value Correction Preventive Action: Establish strict regex validation barriers on customer onboarding fields to block profile completion if mandatory master data parameters are missing.
PO B12986335 is not showing as receipted in RMS/Finance systems.  We have received full amount as expected 1092 ctns. GRN still showing as OPEN even through we,Event Description: PO B12986335 is not showing as receipted in RMS/Finance systems. We have received full amount as expected 1092 ctns. GRN still showing as OPEN even through we Root Cause Category: Cross-System Data Desynchronization Root Cause Subcategory: Interface Acknowledgment Loss Detailed Root Cause Analysis: Purchase order B12986335 remained flagged as open in RMS/Finance despite the depot completing intake for 1092 cartons because a network switch failover dropped the outbound transactional message packet before it reached the interface repository. Action Taken: Generated and injected an on-demand reconciliation message packet directly into the integration layer to force-close the GRN and match RMS quantities to the physical 1092 count. Resolution Type: Structural Record Sync Preventive Action: Implement a nightly background data validation daemon that cross-references open WMS intake metrics against RMS records to instantly flag drops.
"one SKU for a cancelled order/shipment is stuck ""In Process"" and shows no data when I try and shipment cancel it. can you move this line to cancelled status ple","Event Description: one SKU for a cancelled order/shipment is stuck ""In Process"" and shows no data when I try and shipment cancel it. can you move this line to cancelled status ple Root Cause Category: Application Logic / WMS State Error Root Cause Subcategory: Status Synchronization Lock Detailed Root Cause Analysis: The item line became stuck in an ""In Process"" transition state because an unexpected terminal disconnect midway through an unpicking instruction left an orphaned record lock on the shipping manifest layout. Action Taken: Executed an SQL script to programmatically clear the table row locks and changed the item line tracking status variable directly to 'Cancelled'. Resolution Type: Database State Correction Preventive Action: Enhance the unpicking framework script to include an automatic rollback check that runs if an active user terminal session times out."
"We would like to report an RMS integration failure for the SKU 211515258, received on GRN S12651336. We have been notified that 283 cartons are missing, but upo","Event Description: We would like to report an RMS integration failure for the SKU 211515258, received on GRN S12651336. We have been notified that 283 cartons are missing, but upo Root Cause Category: Integration Failure Root Cause Subcategory: Processing Packet Drop Detailed Root Cause Analysis: RMS reported a 283-carton shortage because the corresponding data packet was split due to message size boundaries, and the second chunk encountered a processing lock error on the interface landing table. Action Taken: Recovered the un-processed message payload chunk from the integration bus archive and forced a manual interface push to align the 283 cartons in RMS. Resolution Type: Cross-System Data Synchronization Preventive Action: Increase the maximum data transfer payload buffer limit settings inside the ESB interface channel parameters to avoid multi-packet splitting scenarios."
343 Naas Depot - 10 EOL orders failed at Naas Prod P3 TC ,Event Description: 343 Naas Depot - 10 EOL orders failed at Naas Prod P3 TC Root Cause Category: Application Logic / WMS Allocation Root Cause Subcategory: End-of-Life Ordering Constraint Detailed Root Cause Analysis: The 10 End-of-Life (EOL) orders failed wave allocation because a systemic safety parameter blocked item selection for product stock numbers whose product lifecycles were flagged as expired in master data. Action Taken: Temporarily bypassed the EOL item constraint filters via administrative parameters and ran an explicit emergency release to clear the 10 time-critical orders. Resolution Type: Manual System Override Preventive Action: Restructure EOL item definitions to allow an operational depletion window so trailing warehouse inventory allocations can complete smoothly.
Pallet 884473 (quantity 34) - picked and loaded on 06/05. Task completed in VP/JDA. Pallet appeared on dispatch report. After 2 days on 08/05 pallet was unloade,"Event Description: Pallet 884473 (quantity 34) - picked and loaded on 06/05. Task completed in VP/JDA. Pallet appeared on dispatch report. After 2 days on 08/05 pallet was unloade Root Cause Category: Cross-System Desynchronization Root Cause Subcategory: Delayed Event Execution Error Detailed Root Cause Analysis: Pallet 884473 mistakenly reverted statuses because a delayed physical operator terminal scan from an offline RF gun queued a historical 'unload pallet' instruction that executed two days late, overriding the completed dispatch state. Action Taken: Corrected the inventory ledger history files inside the production database to re-verify the pallet's shipped status and aligned tracking metrics. Resolution Type: System Record Correction Preventive Action: Enforce a strict terminal execution time boundary rule that auto-rejects queued message packets if their generation timestamp spans older than 12 hours."
Exception raised for Backout queue 1161 -  ESB.RMS.RECEIPTS.IQ.BAK,"Event Description: Exception raised for Backout queue 1161 - ESB.RMS.RECEIPTS.IQ.BAK Root Cause Category: Middleware / ESB Exception Root Cause Subcategory: Duplicate Primary Key Restriction Detailed Root Cause Analysis: The message was pushed into backout queue 1161 because the receipt transaction payload contained a unique composite index token that already matched an existing committed row inside the database tables. Action Taken: Confirmed that the original receipt record data was fully processed, and removed the duplicate file payload from the backout workspace. Resolution Type: Duplicate Payload Disposal Preventive Action: Revise upstream serialization code frameworks to construct interface keys that include millisecond execution parameters."
343 Naas Depot - MTDO8  OSS (  20 tasks on HOLD in Work Queue Operations) ,Event Description: 343 Naas Depot - MTDO8 OSS ( 20 tasks on HOLD in Work Queue Operations) Root Cause Category: Application Performance Root Cause Subcategory: Work Queue Allocation Block Detailed Root Cause Analysis: The 20 Operational Stock Slotting (OSS) movement tasks under process profile MTDO8 were locked in a hold status because they targeted a narrow-aisle warehouse grid layout that had been placed on a systemic block flag for facility cleaning. Action Taken: Re-mapped the held task records to alternative open staging grids using work queue utility windows to distribute the tasks out to driver headsets. Resolution Type: Task Reset & Re-assignment Preventive Action: Add an automated UI validation warning that prompts users before saving zone block flags if active work orders are actively targeting those grids.
Naas Depot - Unable to ship load 761779,"Event Description: Naas Depot - Unable to ship load 761779 Root Cause Category: Order Management / Shipping Root Cause Subcategory: Stuck Load Status Detailed Root Cause Analysis: Load 761779 was blocked from completing the shipping transaction loop because an unconfirmed carton reference line record remained open on an operator's terminal session, preventing vehicle closure logic rules from processing. Action Taken: Manually flagged the unconfirmed task string as shorted using supervisor permissions, allowing the dispatch script to successfully ship out the load. Resolution Type: Status Field Override Preventive Action: Display a visual countdown tracker on the main dispatch window to flag any un-scanned items before trailer gate departure thresholds approach."
Islip Depot  - please change trailer number for Irish load,"Event Description: Islip Depot - please change trailer number for Irish load Root Cause Category: Operational Support / Data Modification Root Cause Subcategory: Shipping Documentation Maintenance Detailed Root Cause Analysis: Operational request to change an active trailer tracking string for an Irish transit load because the primary physical transit vehicle suffered a mechanical failure on the loading lane layout. Action Taken: Executed an SQL update command within the WMS shipping table matrix to safely swap the old trailer identification numbers out for the new container profile metadata. Resolution Type: System Data Adjustment Preventive Action: Provide dispatch leads with a secure, self-service data utility window to safely adjust trailer identifications during equipment breakdown anomalies."
Double picked pallet from pick list 2604331,Event Description: Double picked pallet from pick list 2604331 Root Cause Category: Operational / Warehouse Floor Root Cause Subcategory: Duplicate Scanning / Double Pick Detailed Root Cause Analysis: A pallet on pick list 2604331 was double-picked because an operator bypass constraint on the voice system allowed a user to repeat an identical confirmation pass code sequence without tripping an inline safety validation. Action Taken: Conducted an immediate inventory reconciliation step to virtually remove the phantom picked pallet record and returned the extra physical stock back to standard reserve grids. Resolution Type: Inventory Record Adjustment Preventive Action: Enhance the voice system application's task processing logic to explicitly require distinct barcode input scans for multi-pallet picking runs.
"After unpicking pack ID 211016856 from pallets: 716639, 717509, 717468 we cannot find the boxes in the system.","Event Description: After unpicking pack ID 211016856 from pallets: 716639, 717509, 717468 we cannot find the boxes in the system. Root Cause Category: Application Logic / WMS State Error Root Cause Subcategory: Unpick Workflow State Mismatch Detailed Root Cause Analysis: Following an unpicking instruction on pack ID 211016856, the component box entries vanished from standard UI view screens because the system assigned a temporary non-production virtual inventory type to the unpicked records instead of returning them to standard staging parameters. Action Taken: Updated the inventory type flags for the unpicked boxes within the active database rows, immediately restoring visibility inside the warehouse inventory screens. Resolution Type: Database Record Repair Preventive Action: Patch the unpicking workflow software module to ensure that all reversed container lines automatically map back to valid warehouse staging location types."
Torija Depot - Pending for putaway issue,"Event Description: Torija Depot - Pending for putaway issue Root Cause Category: WMS Configuration / Putaway Logic Root Cause Subcategory: Database Thread Deadlock Detailed Root Cause Analysis: Multiple incoming receipts became stuck in a 'Pending for Putaway' state because an application database deadlock occurred when two operators concurrently scanned drop-off tasks targeting the exact same storage bay index cells. Action Taken: Cleared the deadlocked process threads at the database layer to drop the row lock constraints, restoring standard task updates to operator terminals. Resolution Type: Database Lock Release Preventive Action: Optimize table indexing constraints on active transaction lines to minimize row block scenarios during simultaneous high-volume material processing."
RSDL - Store order stuck in pending,Event Description: RSDL - Store order stuck in pending Root Cause Category: Application Logic / WMS Allocation Root Cause Subcategory: Allocation Stuck / Missing Inventory Detailed Root Cause Analysis: The store order remained trapped in a pending processing loop because it requested a unique promotional item bundle that was bound under a global quality assurance quarantine hold code block. Action Taken: Canceled the allocation against the locked stock segment and re-routed the order criteria parameters to pull requirements from an open bulk inventory location instead. Resolution Type: Inventory Sourcing Adjustment Preventive Action: Configure order generation systems to explicitly skip and alert site managers if an active wave targets items held inside quarantine zone mappings.
343 - Naas Depot - Download & Event Errors - Event error - 318679472 / Load ID 0004310509 / SKU - 211719884,Event Description: 343 - Naas Depot - Download & Event Errors - Event error - 318679472 / Load ID 0004310509 / SKU - 211719884 Root Cause Category: Integration Failure Root Cause Subcategory: Interface Event Processing Failure Detailed Root Cause Analysis: Event run 318679472 failed for Load ID 0004310509 because the inbound message payload for SKU 211719884 contained an unexpected alphanumeric character that broke the interface's data formatting validations. Action Taken: Manually stripped out the non-standard text string elements within the interface landing table row and re-executed the data sequence pipeline on demand. Resolution Type: Interface Interface Reset Preventive Action: Apply comprehensive input formatting criteria parameters inside outbound data serialization code blocks to sanitize datasets before transmission.
31 new size descriptions have been created in Oracle.These need to be added to a Supply Chain 'size translation table' in the Stratification database.It conve,Event Description: 31 new size descriptions have been created in Oracle.These need to be added to a Supply Chain 'size translation table' in the Stratification database.It conve Root Cause Category: Master Data Sync Root Cause Subcategory: Product Attribute Configuration Maintenance Detailed Root Cause Analysis: The system required the manual entry of 31 newly created Oracle product size definitions into the core master translation array of the stratification data schema to ensure accurate size breakdowns during downstream fulfillment logic loops. Action Taken: Appended all 31 new size translation variables and their corresponding measurement conversion codes directly into the master lookup layout configuration tables. Resolution Type: Master Data Table Maintenance Preventive Action: Re-engineer size code deployment pipelines to automatically replicate new Oracle product profiles directly to downstream databases without requiring manual database administration intervention.
Printing internal Reports e.g. Master Receipt is resulting in Error 536,"Event Description: Printing internal Reports e.g. Master Receipt is resulting in Error 536 Root Cause Category: Infrastructure / Hardware Root Cause Subcategory: Network Print Server Failure Detailed Root Cause Analysis: Attempting to print internal reports returned system Error 536 because a corrupted document spooler cache crashed the central print server engine web application instance, blocking document assembly requests. Action Taken: Cleared the corrupted spooler files from the target application directories and executed an administrative restart on the local print server framework services. Resolution Type: Print Spooler Recycle Preventive Action: Schedule a routine, automated weekly maintenance task to compress print queues and drop inactive temporary document caches."
We have been notified that 473 cartons are missing across 2 SKUs from GRN S12792771. We have checked all the master receipt data and we can confirm that we've r,"Event Description: We have been notified that 473 cartons are missing across 2 SKUs from GRN S12792771. We have checked all the master receipt data and we can confirm that we've r Root Cause Category: Cross-System Inventory Sync Root Cause Subcategory: Interface Transaction Packet Drop Detailed Root Cause Analysis: A 473-carton tracking discrepancy emerged on GRN S12792771 because an abrupt network gateway disconnection occurred midway through file delivery, dropping the final inventory alignment transaction string before it registered in the host database repository. Action Taken: Recovered the historical transaction data from interface log entries and pushed a targeted manual sync update to align host records to the verified WMS reality. Resolution Type: Cross-System Data Synchronization Preventive Action: Implement an automated daily transaction verification sweep that compares intake metrics between system ledgers to flag missing packets."
Order Data extracts for Thrapston & Torija has not been created:ReportDate DateMissed YearWeek DepotID ReportName DataMissingFromDate DataMissingToDate JDA In,Event Description: Order Data extracts for Thrapston & Torija has not been created:ReportDate DateMissed YearWeek DepotID ReportName DataMissingFromDate DataMissingToDate JDA In Root Cause Category: Data Extraction / ETL Failure Root Cause Subcategory: Scheduled Job Execution Failure Detailed Root Cause Analysis: The automated database cron job responsible for generating the unified order data extracts for Thrapston and Torija depots timed out because an un-indexed historical search query encountered massive row totals inside the transactional logging tables. Action Taken: Optimized the underlying SQL extraction script queries with targeted date partitions and manually executed the data pipeline to deliver the backlogged report files to the target directory. Resolution Type: Scheduled Job Reprocessing Preventive Action: Restructure extraction scripts to draw from pre-aggregated summary tables rather than scanning raw transaction tables directly.
"Please check that all files have alligned on container MRSU7728714, PO's B13322732, B13279534, B13175445 & B13136555 on master receipt 95500000000110237. ASN di","Event Description: Please check that all files have alligned on container MRSU7728714, PO's B13322732, B13279534, B13175445 & B13136555 on master receipt 95500000000110237. ASN di Root Cause Category: Integration Failure Root Cause Subcategory: ASN Inbound Processing Drop Detailed Root Cause Analysis: The automated Advanced Shipping Notice (ASN) message mapping failed to link to master receipt 95500000000110237 for container MRSU7728714 because an incorrect vendor sub-code suffix in the payload configuration triggered an integration validation rejection. Action Taken: Generated a manual data override patch script to safely align and link the missing PO lines into the core master receipt file, matching system records across the batch. Resolution Type: Structural Record Sync Preventive Action: Update upstream vendor interface fields to enforce strict structural profile matching validations before data files transmit to the WMS middleware gateway."
Trailer OV82DB ex. BOR is not showing up complete in Red PraIrie (ASN).,"Event Description: Trailer OV82DB ex. BOR is not showing up complete in Red PraIrie (ASN). Root Cause Category: Cross-System Integration Failure Root Cause Subcategory: Missing Status Confirmation Message Detailed Root Cause Analysis: Trailer OV82DB bound from the BOR facility failed to reflect a complete status inside the RedPrairie WMS application layer because an intermittent interface communication drop dropped the final exit acknowledgment transaction packet. Action Taken: Forced an on-demand synchronization payload injection through the middleware data console to manually advance the trailer status record properties to ""Complete"". Resolution Type: Cross-System Data Synchronization Preventive Action: Configure a real-time message broker retry verification cycle that automatically retries failed data file transfers three times before archiving."
TC. - For ICT order 21754392 allocate stuck order quantity.,"Event Description: TC. - For ICT order 21754392 allocate stuck order quantity. Root Cause Category: Inventory / Allocation Logic Root Cause Subcategory: Soft Inventory Reservation Lock Detailed Root Cause Analysis: Time-critical Inter-Company Transfer (ICT) order 21754392 failed to allocate completely because the required SKU quantity was held under a stale ""Soft Lock"" reservation state left behind by an aborted web portal shipment request. Action Taken: Cleared out the orphaned allocation lock via backend database utility scripts and manually re-queued the wave release sequence to fulfill the stuck order balance. Resolution Type: Database State Correction Preventive Action: Implement a scheduled task to automatically clear out uncommitted, hanging soft locks from the allocation tables if inactive for over 30 minutes."
Islip Depot 963 -  Error 'Unable to move to a parent which is already pending to another location' while receiving,Event Description: Islip Depot 963 - Error 'Unable to move to a parent which is already pending to another location' while receiving Root Cause Category: Application Logic / JDA Bug Root Cause Subcategory: Nested Handling Unit Sequence Lock Detailed Root Cause Analysis: Warehouse operators encountered terminal validation blocks during intake because the receiving software ran into a state conflict loop when an asset attempt tried to nest a container ID into a parent license plate number that was simultaneously flagged for a separate drop task. Action Taken: Terminated the deadlocked pick/drop task references via the WMS administrative workspace and reset the asset status parameters back to standard unassigned staging metrics. Resolution Type: Task Reset & Re-assignment Preventive Action: Adjust the handling unit assignment workflow logic bounds to prevent structural multi-nested mapping assignments while active tasks are pending.
Primark Thrapston DepotJDA Production and PPTI have been alerted to the fact that the Inventory Display DDA for Thrapston JDA does not allow the user to sear,Event Description: Primark Thrapston DepotJDA Production and PPTI have been alerted to the fact that the Inventory Display DDA for Thrapston JDA does not allow the user to sear Root Cause Category: WMS Configuration Root Cause Subcategory: Dynamic Data Analyzer Filter Omission Detailed Root Cause Analysis: The Inventory Display Dynamic Data Analyzer (DDA) screen panel restricted user queries because an explicit user lookup index field configuration was inadvertently left unmapped within the screen's XML query filter properties layout. Action Taken: Modified the UI configuration schema files to append the missing search index variables into the active production DDA layout definition panel. Resolution Type: UI Configuration Script Adjustment Preventive Action: Require a standard checklist validation pass across all core screen profile layouts before promoting configurations to production environments.
"3 GRNs were receipted prior ASN was transmitted to WMS. GRN 211308044, SKU 21494613 - 175 cartons, GRN 21494617, SKU 211308043 - 100 cartons,GRN 21495336, SK","Event Description: 3 GRNs were receipted prior ASN was transmitted to WMS. GRN 211308044, SKU 21494613 - 175 cartons, GRN 21494617, SKU 211308043 - 100 cartons,GRN 21495336, SK Root Cause Category: Inbound Logistics / Integration Failure Root Cause Subcategory: Out-of-Sequence Intake Execution Detailed Root Cause Analysis: Receiving operations processed 3 individual Goods Received Notes (GRNs) manually via supervisor override prompts before the vendor's electronic ASN payload file arrived at the WMS interface, breaking standard system reconciliation pipelines. Action Taken: Manually matched the historical ASN record configurations against the completed GRN ledger updates inside the production backend tables to force-align inventory books across systems. Resolution Type: Cross-System Inventory Alignment Preventive Action: Revise intake authorization guidelines to strictly prevent manual supervisor overrides for standard vendor shipments unless the trailer has cleared yard gate validation filters."
"Transfers 21498277, 21499135, 21499781, 21499155, 21499102, 21499106 and 21498866 created on 26/09/2025 - all going from ROO (10966) to MGB (10940) looks strang","Event Description: Transfers 21498277, 21499135, 21499781, 21499155, 21499102, 21499106 and 21498866 created on 26/09/2025 - all going from ROO (10966) to MGB (10940) looks strang Root Cause Category: System Configuration / Data Processing Error Root Cause Subcategory: Automated Replenishment Script Multiplier Bug Detailed Root Cause Analysis: The unusual batch of stock transfer orders emerged because a configuration logic bug inside the automated multi-depot replenishment scheduling system applied an extra multiplier factor flag to open stock requirements. Action Taken: Cancelled all listed transfer order strings programmatically in the WMS tables to immediately free up local inventory allocations and ran an on-demand inventory synchronization script. Resolution Type: Order Re-routing & Cancellation Preventive Action: Update the core replenishment script parameters to include structural caps that automatically block and alert managers if transfer volumes exceed typical operational parameters."
Attached list of lines where RMS do not match what was receipted on WMS. I have checked each line and can confirm that all MR had ASN number. Please could RMS a,Event Description: Attached list of lines where RMS do not match what was receipted on WMS. I have checked each line and can confirm that all MR had ASN number. Please could RMS a Root Cause Category: Data Desynchronization Root Cause Subcategory: Interface Transaction Packet Drop Detailed Root Cause Analysis: Discrepancies emerged between execution receipts and host records despite valid Advanced Shipping Notices because an internal table index lock blocked the integration interface from posting the final confirmation strings to RMS. Action Taken: Extracted the complete historical receipt transaction datasets from the WMS logs and re-injected the files directly through the integration layer to reconcile the RMS host books. Resolution Type: Structural Record Sync Preventive Action: Deploy a nightly data validation script to automatically scan for and report ledger discrepancies between system records before fulfillment workflows initiate.
RSDL - pallet: 133164 with error: Missing argument:  ^argdsc^ [^argid^].,"Event Description: RSDL - pallet: 133164 with error: Missing argument: ^argdsc^ [^argid^]. Root Cause Category: Application Logic / WMS Bug Root Cause Subcategory: Null Parameter Runtime Exception Detailed Root Cause Analysis: The pallet transaction sequence failed on screen because an unhandled runtime exception occurred when a core system macro function hit empty argument cells (^argdsc^/^argid^) inside a broken container record line. Action Taken: Repaired the missing parameter value lines directly inside the database table row indices using administrative tools, restoring full scanner terminal utility. Resolution Type: Database Record Repair Preventive Action: Update application code parameters to utilize fallback default data values if functional variables encounter an unexpected empty string value."
We need you to restart printer server spooler. Current delay between printing from JDA to any laser printer is about 5 minutes. During this time JDA session is ,"Event Description: We need you to restart printer server spooler. Current delay between printing from JDA to any laser printer is about 5 minutes. During this time JDA session is Root Cause Category: Infrastructure / Hardware Root Cause Subcategory: Print Spooler Memory Leak Detailed Root Cause Analysis: JDA user sessions hung and experienced print processing delays of approximately 5 minutes because a massive accumulation of corrupted print spooler temp files choked memory allocations on the network print server. Action Taken: Purged the corrupted spooler file cache layers from the system directory and executed an administrative restart on the centralized print server framework services. Resolution Type: Print Spooler Recycle Preventive Action: Schedule a routine, automated weekly maintenance script task during off-peak windows to compress print queues and clear old temporary document caches."
343 Naas Depot - -1403 error load id 929391,"Event Description: 343 Naas Depot - -1403 error load id 929391 Root Cause Category: Database Management / Application Error Root Cause Subcategory: Oracle No Data Found Exception (ORA-01403) Detailed Root Cause Analysis: JDA WMS threw runtime error -1403 during a carrier loading transaction step for Load ID 929391 because the transport asset file referenced an unmapped vendor route code string inside the carrier master table layout. Action Taken: Modified the carrier configuration parameters inside the active database field indexes to link the correct vendor data, clearing out the ORA-01403 loading block exception. Resolution Type: DB Value Modification Preventive Action: Enforce strict foreign key input validation rules on dispatch data entry forms to prevent the entry of unmapped transport provider strings."
TC - RSDL - pallet 737352 loading data error,"Event Description: TC - RSDL - pallet 737352 loading data error Root Cause Category: RF Scanning / WMS State Error Root Cause Subcategory: Status Field Discrepancy Lock Detailed Root Cause Analysis: Time-critical loading steps for pallet 737352 errored out because the handling unit record tracking line was locked in a transitional 'In-Transit' system state flag instead of advancing to a standard 'Staged' marker. Action Taken: Executed an administrative database patch script to manually adjust the stuck pallet record status parameters back to 'Staged', unblocking terminal loading scans. Resolution Type: State Field Reset Preventive Action: Improve terminal session handling code boundaries to automatically roll back incomplete pallet transit states if a user device communication drop occurs mid-transaction."
Order number D12505490 is set up for us to receive 416 cartons on JDA but we physically got 574 cartons.  On Core the supplier booking is set up for 574 so ther,"Event Description: Order number D12505490 is set up for us to receive 416 cartons on JDA but we physically got 574 cartons. On Core the supplier booking is set up for 574 so ther Root Cause Category: System Configuration / Supply Chain Data Root Cause Subcategory: Purchase Order Threshold Constraint Detailed Root Cause Analysis: JDA WMS blocked the receiving operation because the physical delivery count exceeded the fixed maximum 416 carton threshold mapped within the original PO file integration layout, despite the host booking showing 574 cartons. Action Taken: Modified the maximum allowable receiving tolerance parameters for the PO line inside the active database table rows to exactly 574 cartons, unblocking immediate inbound checking. Resolution Type: PO Threshold Modification Preventive Action: Establish an automated pre-arrival validation script that cross-checks Core supplier bookings against JDA PO limits to flag and adjust differences prior to yard vehicle intake."
Exception raised for Backout queue PI387 -  ESB.STRATIFICATION.PI387EV.IQ.BAK,Event Description: Exception raised for Backout queue PI387 - ESB.STRATIFICATION.PI387EV.IQ.BAK Root Cause Category: Middleware / ESB Exception Root Cause Subcategory: Alphanumeric Format Mismatch Detailed Root Cause Analysis: The stratification interface processor dropped message arrays into backout queue PI387 because an extended timestamp format string inside the event payload broke the strict validation rules of the XML interface template. Action Taken: Cleaned up the formatting strings from the text files directly inside the ESB staging window and re-queued the message payload block for immediate processing. Resolution Type: Message Payload Correction & Re-queue Preventive Action: Enforce strict data validation criteria logic loops inside host exporting modules to clean up data string structures before interface delivery.
Torija Depot - IBT ASNs are not reaching SIV,Event Description: Torija Depot - IBT ASNs are not reaching SIV Root Cause Category: Integration Failure Root Cause Subcategory: Interface Data Mapping Error Detailed Root Cause Analysis: Inter-Bay Transfer (IBT) Advanced Shipping Notices failed to reflect inside the SIV target tracking system because an outbound interface formatting routine inadvertently dropped mandatory destination warehouse prefix data tags. Action Taken: Updated the configuration mapping specifications within the interface landing tables and forced a manual re-run of the data sequence pipeline to deliver the files to SIV. Resolution Type: Integration Data Mapping Adjustment Preventive Action: Set up secondary automated balance audit loops inside the integration hub to flag incomplete interface profiles before data serialization steps finalize.
TC- depo RSDL: Split pallet R000084458 for Torija (935) order 20725449,"Event Description: TC- depo RSDL: Split pallet R000084458 for Torija (935) order 20725449 Root Cause Category: Operational Request Root Cause Subcategory: Pallet Splitting / Task Re-work Detailed Root Cause Analysis: Time-critical request to systematically split bulk pallet configuration asset R000084458 into separate smaller sub-units to satisfy strict vehicle transport loading height profiles for Torija order 20725449. Action Taken: Reconfigured the pallet allocation assignments within the WMS layout, generated two new unique inventory sub-pallets, and printed matching physical barcode tags. Resolution Type: Inventory Record Split Preventive Action: Incorporate vehicle physical constraint boundaries into the core order planning software rules to catch split requirements during initial wave drops."
Naas Depot - Picks in pending status,"Event Description: Naas Depot - Picks in pending status Root Cause Category: Application Performance Root Cause Subcategory: Database Resource Contention / Thread Deadlock Detailed Root Cause Analysis: Active picking assignments became systemically trapped in a 'Pending' processing loop because a multi-user database deadlock locked the main task processing rows during a peak distribution wave drop. Action Taken: Disconnected the conflicting backend transaction process threads to drop the underlying index locks, prompting the picking tasks to distribute to operator headsets instantly. Resolution Type: Database Lock Release & State Refresh Preventive Action: Restructure picking wave job scheduling rules to introduce a mandatory 5-minute time buffer between simultaneous high-volume wave releases."
Exception raised for Backout queue PI385 -  ESB.STRATIFICATION.PI385EV.IQ.BAK,Event Description: Exception raised for Backout queue PI385 - ESB.STRATIFICATION.PI385EV.IQ.BAK Root Cause Category: Middleware / ESB Exception Root Cause Subcategory: Unmapped Master Data Value Entry Detailed Root Cause Analysis: The event payload was routed into backout queue PI385 because a newly introduced sorting facility zone code did not match any active data profile inside the core database master lookups. Action Taken: Appended the new facility zone classification definitions to the core database mapping tables and reprocessed the message files directly from the backout console. Resolution Type: Configuration Maintenance & Re-queue Preventive Action: Establish a hard validation block to prevent the activation of new facility zones unless mapping files have synchronized across all integration layers.
TORIJA DEPOT - GRN discrepancies between WMS & RMS,"Event Description: TORIJA DEPOT - GRN discrepancies between WMS & RMS Root Cause Category: Data Desynchronization Root Cause Subcategory: Interface Transaction Packet Drop Detailed Root Cause Analysis: Discrepancies developed across multiple Goods Received Notes because an integration timeout dropped final receiving data packets at the middleware gateway, leaving WMS and RMS systems out of alignment. Action Taken: Executed an on-demand database alignment query across the mismatched GRN records to synchronize system counts between the WMS inventory tables and the RMS master books. Resolution Type: Cross-System Data Synchronization Preventive Action: Establish an automated daily system-to-system balance job that highlights balance deviations larger than 10 units before operational fulfillment shifts begin."
Torija Depot - Complete shipments stuck in JDA,Event Description: Torija Depot - Complete shipments stuck in JDA Root Cause Category: Application Logic / WMS Lock Root Cause Subcategory: Shipment Status Synchronization Block Detailed Root Cause Analysis: Outbound orders remained frozen in a 'Complete' status because a database lock on the parent route table prevented the final automated transaction script from advancing the records to 'Shipped'. Action Taken: Force-released the database table index locks and executed an administrative status transition query to advance the stuck shipments to fully shipped status. Resolution Type: Database Lock Release & State Refresh Preventive Action: Adjust database transaction isolation parameters during high-volume end-of-shift cycles to minimize row contention locks.
Oosterthout - DDA PRI - Conveyable Flag doesn't work for all users,"Event Description: Oosterthout - DDA PRI - Conveyable Flag doesn't work for all users Root Cause Category: WMS Configuration Root Cause Subcategory: User Profile Permission Mismatch Detailed Root Cause Analysis: The ""Conveyable"" item classification filter inside the Primary Dynamic Data Analyzer (DDA PRI) dashboard failed for certain user accounts because their localized screen layouts utilized an outdated security schema mapping. Action Taken: Synchronized and redeployed the standard corporate user role definitions across all local Oosterhout group security profiles. Resolution Type: UI Configuration Script Adjustment Preventive Action: Restructure UI display deployments to force automatic profile inherits from a single master security template."
RSDL - Failed Trailer Completion Process - 05010856-XA017HJ,"Event Description: RSDL - Failed Trailer Completion Process - 05010856-XA017HJ Root Cause Category: Application Logic / Validation Constraint Root Cause Subcategory: Open Handshake Task Block Detailed Root Cause Analysis: The automated trailer completion routine failed for vehicle 05010856-XA017HJ because an operator logged out of an RF gun terminal while a single carton pick confirmation remained in an active, unconfirmed state. Action Taken: Located the orphan case selection line, updated its systemic tracking parameter to 'Short-Cancelled' after physical absence was confirmed, and re-executed the trailer completion loop. Resolution Type: System Record Correction Preventive Action: Provide an interactive warning menu screen inside the supervisor console that explicitly calls out uncompleted task rows prior to trailer departure locks."
"Increased number of missing Receipt Confirmation messaged in RMS. The issue seems to be happening for a few weeks now, where RMS doesn't registers Receipts for","Event Description: Increased number of missing Receipt Confirmation messaged in RMS. The issue seems to be happening for a few weeks now, where RMS doesn't registers Receipts for Root Cause Category: Integration Failure Root Cause Subcategory: Middleware Queue Stalled / Interface Latency Detailed Root Cause Analysis: A growing backlog of receipt confirmations failed to register in RMS because an internal buffer leak within the enterprise service bus (ESB) Java Virtual Machine caused data packet transfers to drop under peak operational spikes. Action Taken: Cleared out the interface dead-letter landing tables, scaled up server memory allocations, and re-injected the backlogged transaction payloads directly to the RMS repository. Resolution Type: Interface Data Recovery & Service Tuning Preventive Action: Set up automated infrastructure tracking scripts to alert systems engineering if the queue volume on the outbound receipt channel remains elevated for over 10 minutes."
Exception raised for Backout queue 1217 -  ESB.USER.1217.BAK,Event Description: Exception raised for Backout queue 1217 - ESB.USER.1217.BAK Root Cause Category: Middleware / ESB Exception Root Cause Subcategory: Data Schema Constraint Violation Detailed Root Cause Analysis: The user security synchronization message failed to compile and shifted into backout queue 1217 because a personnel department text field string exceeded the maximum 20-character database schema limits. Action Taken: Truncated the extraneous trailing padding characters inside the message body via the ESB utility workbench and successfully forced a manual payload re-queue loop. Resolution Type: Interface Data Correction Preventive Action: Enforce strict field character length validation masks on the source human resource system data entry forms before record serialization.
Naas depot - unable to unpick load,"Event Description: Naas depot - unable to unpick load Root Cause Category: Application Logic / WMS State Error Root Cause Subcategory: Unpick Workflow State Mismatch Detailed Root Cause Analysis: The unpicking sequence was systematically blocked because the handling units were already electronically bound to a closed shipping manifest layout file, creating a status state conflict within the database. Action Taken: Executed an administrative data query to temporarily revert the parent load record status back to an editable condition, successfully completed the unpick routing, and updated the inventory books. Resolution Type: System Record Correction & Status Restoration Preventive Action: Patch the unpicking workflow software module to safely handle multi-nested container rows without tripping system boundary violations."
"When uploading financial upload template with invoice data TMS fails the request with user error message ""Received date is invalid, no accounting period matches","Event Description: When uploading financial upload template with invoice data TMS fails the request with user error message ""Received date is invalid, no accounting period matches Root Cause Category: System Configuration / Supply Chain Data Root Cause Subcategory: Open Fiscal Period Discrepancy Detailed Root Cause Analysis: The Transport Management System (TMS) rejected the invoice data template mapping because the document upload included transaction timestamps that fell inside a newly introduced fiscal calendar segment that had not yet been formally opened in the system. Action Taken: Updated the master accounting calendar parameters inside the TMS environment registry settings to officially activate the required target financial period window. Resolution Type: Configuration Maintenance Preventive Action: Ensure that upcoming regional operational fiscal timelines are systematically opened 7 days prior to their physical start dates."
343 Naas Depot   Error getting put away location from JDA on Put Away ,Event Description: 343 Naas Depot Error getting put away location from JDA on Put Away Root Cause Category: WMS Configuration / Putaway Logic Root Cause Subcategory: Location Capacity Constraint Detailed Root Cause Analysis: Forklift drivers received system location lookup failures during intake processing because the putaway allocation engine reached maximum volumetric inventory density limits set across the local storage bay profile matrix. Action Taken: Cleared completed pallet records from local staging areas to open up warehouse space and forced a capacity recalculation update check inside the JDA location tables. Resolution Type: Space Clearing & System Refresh Preventive Action: Adjust spatial volumetric profiles inside the system layout configurations for high-volume receiving zones to enable dynamic overflow routing logic.
Roosendaal - Discrepancy between reserved quantity between JDA and RMS,"Event Description: Roosendaal - Discrepancy between reserved quantity between JDA and RMS Root Cause Category: Data Desynchronization Root Cause Subcategory: Interface Transaction Packet Drop Detailed Root Cause Analysis: An assignment tracking mismatch emerged because an intermittent middleware socket dropout dropped an order allocation change message, leaving the RMS reservation volume frozen while JDA correctly adjusted metrics. Action Taken: Generated and executed an on-demand synchronization payload injection directly through the integration layer to realign the RMS host bookkeeping records with live JDA inventory counts. Resolution Type: Cross-System Data Synchronization Preventive Action: Implement a nightly automated balance checking utility script to cross-evaluate inventory reservations across environments and flag delta properties before shift launches."
Loading error with pallet 837094.,"Event Description: Loading error with pallet 837094. Root Cause Category: RF Scanning / WMS State Error Root Cause Subcategory: Status Field Discrepancy Lock Detailed Root Cause Analysis: Pallet 837094 returned terminal loading faults on the operator's RF scan device because its underlying data tracking variable was trapped in a transitional 'In-Transit' flag state instead of advancing to 'Staged'. Action Taken: Programmatically updated the stuck pallet tracking indicator variable from 'In-Transit' back down to a verified 'Staged' status within the database master matrix, unblocking loading scans. Resolution Type: State Field Reset Preventive Action: Refine terminal scanning interface validation boundaries to gracefully ignore fast double-scans of identical item barcodes instead of throwing exception loops."
Thrapston Primark DepotJDA ProductionNine lines on order 21302275 have double allocated. Please see the attached spread sheet for details. Please investigate,Event Description: Thrapston Primark DepotJDA ProductionNine lines on order 21302275 have double allocated. Please see the attached spread sheet for details. Please investigate Root Cause Category: Application Logic / WMS Allocation Root Cause Subcategory: Concurrent Wave Execution Bug Detailed Root Cause Analysis: The double allocation error occurred across nine specific order lines because a multi-threading race condition enabled two simultaneous allocation wave runs to claims and bind the exact same physical warehouse stock tokens. Action Taken: Manually removed the duplicate allocation rows from the active picking work tracking indexes (pckwrk) and restored correct item allocation levels inside the database. Resolution Type: Database State Correction Preventive Action: Restructure automated batch wave schedule routines to serialize release requests within the message broker queue to avoid overlapping execution loops.
Error de host -1403,Event Description: Error de host -1403 Root Cause Category: Database Management / Application Error Root Cause Subcategory: Oracle No Data Found Exception (ORA-01403) Detailed Root Cause Analysis: The warehouse floor execution layer threw runtime exception error -1403 because a localized inventory scanning inquiry script targeted an item metadata tracking pointer cell that contained a completely null value. Action Taken: Inserted a standard placeholder string directly into the null database record row space and cleared out the active system application cache layers to fix terminal function. Resolution Type: DB Value Modification & Cache Clearance Preventive Action: Incorporate explicit safety checks (NVL statements) inside custom scanning lookup procedures to process empty fields without terminating runtime loops.
Islip Depot - trailer closed on VP but not shipped in JDA (08272104-20001),Event Description: Islip Depot - trailer closed on VP but not shipped in JDA (08272104-20001) Root Cause Category: Cross-System Integration Failure Root Cause Subcategory: Out-of-Sync State / Missing Confirmation Message Detailed Root Cause Analysis: Trailer 08272104-20001 remained stuck in an incomplete status state within JDA because a localized network failure dropped the final exit status confirmation message packet immediately after VocalPoint (VP) closure execution. Action Taken: Injected an administrative synchronization command through the data console interface to manually advance the JDA trailer record fields to a 'Shipped' classification. Resolution Type: Cross-System Data Synchronization Preventive Action: Configure a real-time message broker retry verification cycle that automatically retries failed data file transfers three times before archiving.
- TC - RSDL - Pallets stuck systematically in INDUCT location according JDA.,Event Description: '- TC - RSDL - Pallets stuck systematically in INDUCT location according JDA. Root Cause Category: Automation / Conveyor Integration Root Cause Subcategory: Sorter Interface Desynchronization Detailed Root Cause Analysis: Handling units became systematically stuck with an 'INDUCT' tracking flag inside JDA because an optical scanner alignment fault on the physical conveyor loop prevented the sorting controller from sending the 'Sort Complete' validation code string. Action Taken: Executed an administrative status update statement via the WMS utility tools to advance the stuck pallet variables from 'INDUCT' back to a standard active transit condition. Resolution Type: Structural Status Override Preventive Action: Schedule a routine preventative maintenance and calibration window on the physical conveyor tracking sensors to prevent missing data confirmation packets.
Retrigger the relevant MRT orders w.r.t. the attached details,"Event Description: Retrigger the relevant MRT orders w.r.t. the attached details Root Cause Category: Operational Request Root Cause Subcategory: Picklist Generation / Task Release Detailed Root Cause Analysis: Warehouse leadership requested the manual batch grouping, resetting, and re-release of specified Mass Stock Receipt (MRT) order records that had failed initial automatic distribution passes due to earlier system capacity limits. Action Taken: Reset the failed order wave parameters within the database landing table and successfully forced an on-demand wave release to distribute picking tasks to floor operators. Resolution Type: Manual Wave Execution Preventive Action: Fine-tune automated wave scheduling threshold rules to optimize allocation sweeps when warehouse capacity levels run tight."
Islip - 963 - Pallet 4125630 - 81080 Error,Event Description: Islip - 963 - Pallet 4125630 - 81080 Error Root Cause Category: Functional Application Bug Root Cause Subcategory: Marshalling Area Validation Exception Detailed Root Cause Analysis: Pallet 4125630 returned validation error 81080 during clearing routines because the terminal parsing engine encountered an invalid warehouse location coordinate tag that had been incorrectly applied during an earlier lane update. Action Taken: Reconfigured the location attribute fields for the pallet record within the active tracking table rows to map a verified marshalling grid code block. Resolution Type: Database Record Repair Preventive Action: Restructure virtual layout modification tools to validate geographic grid strings before publishing adjustments to live production terminal screens.
Store 003 Dun Laoghaire  rigit 3267 no seal report and dispatch,"Event Description: Store 003 Dun Laoghaire rigit 3267 no seal report and dispatch Root Cause Category: Operational Support / Data Modification Root Cause Subcategory: Missing Shipping Field Reference Detailed Root Cause Analysis: The system blocked the automated dispatch and documentation run for vehicle rigit 3267 bound for Store 003 because the dock layout profile was missing the mandatory security container seal identification number sequence. Action Taken: Manually applied an authorized administrative placeholder seal sequence number inside the transport manifest data layer, unblocking immediate document creation and vehicle departure. Resolution Type: System Data Adjustment Preventive Action: Ensure that security identification prompt screens explicitly enforce mandatory character inputs before permitting truck loading stages to conclude."
I am unable to startup VocalPoint Console.,Event Description: I am unable to startup VocalPoint Console. Root Cause Category: Infrastructure / Server Management Root Cause Subcategory: Web Application Pool Crash Detailed Root Cause Analysis: The local supervisor workstation failed to launch the VocalPoint Console because the application's underlying IIS web service pool crashed on the host infrastructure following an automatic network security definition update. Action Taken: Recycled the core VocalPoint IIS application routing pools on the server and verified workstation console access capabilities. Resolution Type: Service Restart Preventive Action: Coordinate security update installation paths exclusively during planned off-peak system maintenance slots to insulate active application nodes from dropouts.
Store orders for BOR depot are not dropping into TMS. It's been almost an hour and still not getting the shipments. Rest of depots are working normally and depo,Event Description: Store orders for BOR depot are not dropping into TMS. It's been almost an hour and still not getting the shipments. Rest of depots are working normally and depo Root Cause Category: Integration Failure Root Cause Subcategory: Interface Route Channel Failure Detailed Root Cause Analysis: Store fulfillment orders specific to the BOR depot profile failed to materialize inside the Transport Management System because an outdated EDI customer mapping listener string rejected incoming data payloads. Action Taken: Corrected the unaligned data mapping link fields inside the integration router profile panel and forced a manual data re-push loop to populate BOR shipments inside the TMS. Resolution Type: Integration Data Mapping Adjustment Preventive Action: Run an automated end-to-end integration mapping connectivity verification pass whenever updating warehouse profile configurations inside the master database registries.
Islip Depot - 963 - ASN Failure,Event Description: Islip Depot - 963 - ASN Failure Root Cause Category: Inbound Logistics / Integration Failure Root Cause Subcategory: Inbound ASN Validation Rejection Detailed Root Cause Analysis: The inbound Advanced Shipping Notice (ASN) payload file failed processing checks at the Islip 963 WMS edge layer because a supplier transmission layout utilized an incompatible date configuration syntax that broke strict interface constraints. Action Taken: Adjusted the date configuration variables within the interface landing text fields using database workbench tools and re-ran the data sequence pipeline to activate intake tracking. Resolution Type: Integration Data Mapping Adjustment Preventive Action: Enforce strict configuration checking parameters on supplier upload portals to catch formatting faults before transaction payloads serialize downstream.
ERROR: Batch psm_tbl_stats_gather_set3 failed on PROD 9500,"Event Description: ERROR: Batch psm_tbl_stats_gather_set3 failed on PROD 9500Root Cause Category: DatabaseRoot Cause Subcategory: Table Lock / Resource ContentionDetailed Root Cause Analysis: The batch failed because an exclusive table lock held by a long-running ad-hoc reporting query blocked the statistics gathering thread from acquiring metadata locks within the system timeout limit.Action Taken: Identified and terminated the blocking ad-hoc reporting session, cleared the locked queue, and manually restarted the batch job.Resolution Type: Operational InterventionPreventive Action: Reschedule the database statistics gathering window to a lower-activity period and set up automated timeouts for ad-hoc user queries during production batch runs."
ST119: Item not scanning: 119/Crossgates Mall/Jaida /Unable to scan the product on till,Event Description: ST119: Item not scanning: 119/Crossgates Mall/Jaida /Unable to scan the product on tillRoot Cause Category: POS / Store ApplicationRoot Cause Subcategory: Data Synchronization FailureDetailed Root Cause Analysis: A newly introduced product SKU failed to propagate to the local store database at site 119 due to a temporary network drop during the midday item master push.Action Taken: Triggered a manual delta-sync configuration pull for the item master directly to store 119 and verified that the item details were successfully updated and scannable.Resolution Type: Data Sync CorrectionPreventive Action: Improve the local POS client logic to automatically flag and retry failed or partial database sync operations prior to opening hours.
ST528: item scanning wrong price: 528 / Romford / NLP-MPE-PSM / Products on wrong price,"Event Description: ST528: item scanning wrong price: 528 / Romford / NLP-MPE-PSM / Products on wrong priceRoot Cause Category: Master Data / PricingRoot Cause Subcategory: Promotion Configuration ErrorDetailed Root Cause Analysis: The active promotional markdown sequence for the affected SKU was configured with an incorrect start date in the central data platform, causing tills to default to regular retail pricing.Action Taken: Corrected the promotion scheduling effective dates in the central pricing system and deployed an immediate price modification broadcast out to store 528.Resolution Type: Configuration UpdatePreventive Action: Implement an automated validation step in the pricing system that checks and alerts when promotional rules don't align with planned commercial campaign launch windows."
ERROR: Batch rv_ret_sales_nrt failed on PROD 9500,"Event Description: ERROR: Batch rv_ret_sales_nrt failed on PROD 9500Root Cause Category: Interface / Ingestion PipelineRoot Cause Subcategory: Missing Inbound Data SourceDetailed Root Cause Analysis: The near-real-time (NRT) sales processing script aborted because the expected point-of-sale data transaction feed file did not arrive in the ingestion directory due to an upstream gateway block.Action Taken: Coordinated with the integration team to re-transmit the missing source payload, confirmed arrival on the SFTP hub, and resumed the batch step.Resolution Type: Batch RerunPreventive Action: Update the NRT batch orchestrator loop logic to pause and wait with a 15-minute retry buffer instead of immediately throwing a fatal exception when a file is absent."
ERROR: Batch ext_bm_trading_sub_ss_ds_resa_1wk failed on PROD 9500,"Event Description: ERROR: Batch ext_bm_trading_sub_ss_ds_resa_1wk failed on PROD 9500Root Cause Category: Infrastructure / PerformanceRoot Cause Subcategory: Out of Memory (OOM)Detailed Root Cause Analysis: The weekly processing job exceeded its allocated JVM heap space capacity while trying to sort a massive volume of historical transactional data generated during a holiday weekend promotion.Action Taken: Dynamically increased the execution thread allocation memory size parameters in the configuration file and ran a successful clean restart of the weekly job.Resolution Type: Resource Parameter ModificationPreventive Action: Refactor the extraction query architecture to split data loading tasks into smaller, manageable record chunks instead of buffering entire tables inside application memory."
ERROR: Batch rv_ret_sales_nrt failed on PROD 9500,"Event Description: ERROR: Batch rv_ret_sales_nrt failed on PROD 9500Root Cause Category: DatabaseRoot Cause Subcategory: Transaction DeadlockDetailed Root Cause Analysis: The sales batch hit a hard database deadlock when it attempted to execute bulk updates against the inventory schema at the exact moment a secondary inventory adjustments script started execution.Action Taken: Terminated the lower-priority inventory adjustments job to unlock the tables and re-executed the sales batch process, which then completed successfully.Resolution Type: Job Restart / Sequencing ChangePreventive Action: Modify the master batch schedule constraints within Control-M to ensure that real-time transactional updates and general internal updates do not share overlapping schedules."
ERROR: Batch zero_stk_cleardown failed on PROD 9500,"Event Description: ERROR: Batch zero_stk_cleardown failed on PROD 9500Root Cause Category: Infrastructure / StorageRoot Cause Subcategory: Disk Space ExhaustedDetailed Root Cause Analysis: The file execution script crashed because the target partition /var/log/app hit 100% data capacity due to an unchecked accumulation of historical dump files generated by an legacy debug module.Action Taken: Cleaned out outdated historical audit logs, archived necessary dump files, cleared room on the disk partition, and manually restarted the batch script.Resolution Type: Storage CleanupPreventive Action: Deploy a strict server log-rotation agent policy and configure an early warning threshold alert to notify support when storage usage crosses 85%."
ERROR: Batch ext_1382_c_c_hourly_sales_report failed on PROD 9500,"Event Description: ERROR: Batch ext_1382_c_c_hourly_sales_report failed on PROD 9500Root Cause Category: Network / ConnectivityRoot Cause Subcategory: SFTP Session TimeoutDetailed Root Cause Analysis: The extraction task timed out while establishing a secure handshake with the external server because of a temporary network routing interruption on the core corporate outbound firewall link.Action Taken: Monitored network stability, verified that route channels had successfully restored back to active health, and triggered a successful manual retry of the report transfer.Resolution Type: Transient Retry ExecutionPreventive Action: Introduce an automated retry block configuration (3 verification tries spaced 5 minutes apart) directly inside the file transfer module code framework."
ERROR: Batch aom1002_load_aptos_eu failed on PROD 9500,"Event Description: ERROR: Batch aom1002_load_aptos_eu failed on PROD 9500Root Cause Category: Data Quality / ParsingRoot Cause Subcategory: Malformed Input FormattingDetailed Root Cause Analysis: The file loader encountered an error when it parsed an incoming data file containing an unescaped delimiter character within a free-form customer comment field, which disrupted the data schema.Action Taken: Sanitized the corrupted text entry string manually to restore appropriate field compliance rules and executed a rerun of the ingestion engine.Resolution Type: Data SanitizationPreventive Action: Enforce strict textual encapsulation standards (such as double-quote text qualifiers) within the upstream application data generation exports."
ERROR: Batch rv_ret_1pm_4pm_1317 failed on PROD 9500,"Event Description: ERROR: Batch rv_ret_1pm_4pm_1317 failed on PROD 9500Root Cause Category: Database / Query OptimizationRoot Cause Subcategory: SQL Query TimeoutDetailed Root Cause Analysis: An analytics SQL query ran past its 30-minute system execution cap due to heavy index fragmentation across major historical transactional data tables.Action Taken: Ran a manual table check, rebuilt the fragmented primary index layouts, and successfully re-ran the reporting batch without any delays.Resolution Type: Index Optimization MaintenancePreventive Action: Schedule routine weekly index reorganizations and statistic rebuild scripts ahead of critical weekend reporting jobs."
ERROR: Batch aom1002_load_aptos_eu failed on PROD 9500,"Event Description: ERROR: Batch aom1002_load_aptos_eu failed on PROD 9500Root Cause Category: Data Quality / ConstraintsRoot Cause Subcategory: Unique Key Constraint ViolationDetailed Root Cause Analysis: The ingestion stream encountered a processing fault when it attempted to insert a transaction log entry containing a primary ID key sequence that had already been successfully recorded.Action Taken: Located the duplicated record block within the staging layer table, skipped the redundant element row, and executed a clean recovery run of the pipeline.Resolution Type: Record ModificationPreventive Action: Implement a preprocessing step in the data pipeline that automatically drops or isolates exact duplicate entries prior to initiating core table insertion routines."
ERROR: Batch rv_ret_sales_nrt failed on PROD 9500,"Event Description: ERROR: Batch rv_ret_sales_nrt failed on PROD 9500Root Cause Category: Security / Access ManagementRoot Cause Subcategory: Expired Service Account CredentialsDetailed Root Cause Analysis: The batch execution routine failed authentication tasks because the Active Directory password credentials assigned to the system service account expired due to an automated policy cycle rule.Action Taken: Renewed the account password profile with security compliance groups, updated the credential reference vault, and restarted the batch pipeline.Resolution Type: Access Level RestorationPreventive Action: Set up active system notifications to alert the engineering group 14 days before any automated batch service account password expires."
ERROR: Batch nb_tbl_maintenance_lclrbld_tables failed on PROD 9500,Event Description: ERROR: Batch nb_tbl_maintenance_lclrbld_tables failed on PROD 9500Root Cause Category: Database / Storage AllocationRoot Cause Subcategory: Tablespace Space Limit BreachedDetailed Root Cause Analysis: The background index rebuild job halted because the target temporary tablespace exceeded its maximum storage allocation allowance due to a heavy data archiving operation running in parallel.Action Taken: Allocated an extension to the database temporary tablespace parameters and resumed the index management batch run from the last checkpoint.Resolution Type: Capacity Expansion AdjustmentPreventive Action: Establish dynamic auto-extend parameters on tablespaces utilized during heavy localized maintenance intervals.
ERROR: Batch salstage failed on PROD 9500,"Event Description: ERROR: Batch salstage failed on PROD 9500Root Cause Category: Batch Control / SchedulingRoot Cause Subcategory: Missing Upstream DependencyDetailed Root Cause Analysis: The salstage batch routine aborted immediately upon launch because its mandatory prerequisite step had encountered an error earlier, leaving the intermediate staging database empty.Action Taken: Remedied the underlying failure in the precursor job sequence, verified data population within the staging layers, and executed a manual refresh of salstage.Resolution Type: Sequence Resolution ExecutionPreventive Action: Add explicit conditional logic blocks inside the scheduling console to prevent dependent jobs from triggering if an earlier step fails."
ERROR: Batch nb_sicpc_capture failed on PROD 9500,"Event Description: ERROR: Batch nb_sicpc_capture failed on PROD 9500Root Cause Category: Network / InfrastructureRoot Cause Subcategory: Database Connection ExhaustionDetailed Root Cause Analysis: The data capture script threw an exception because it was unable to lease a connection stream from the database connection pool, which was saturated with active requests from unexpected quarterly financial audits.Action Taken: Cleared out orphaned and inactive user data sessions, restored connection pool stability, and restarted the transaction capture job.Resolution Type: Infrastructure Traffic ManagementPreventive Action: Increase the maximum connection capacity limits on the core database pool configurations during known high-activity corporate reporting weeks."
ERROR: Batch nb_sales_gl failed on PROD 9500,"Event Description: ERROR: Batch nb_sales_gl failed on PROD 9500Root Cause Category: Application ConfigurationRoot Cause Subcategory: Missing Financial General Ledger MappingDetailed Root Cause Analysis: The General Ledger mapping process failed with an unhandled exception because a newly launched product category had not been assigned a corresponding GL accounting code string.Action Taken: Coordinated with Finance Teams to obtain the correct GL configuration code, updated the accounting reference tables, and successfully completed the batch.Resolution Type: Configuration Table AdjustmentPreventive Action: Configure the system to automatically block the launch of new products if the mandatory accounting and GL data fields are incomplete."
ERROR: Batch nb_wrapper_saimptlogi failed on PROD 9500,"Event Description: ERROR: Batch nb_wrapper_saimptlogi failed on PROD 9500Root Cause Category: Application / Automation ScriptingRoot Cause Subcategory: Log File Size Limit ExceededDetailed Root Cause Analysis: The shell wrapper routine terminated unexpectedly because the active execution trace output log surpassed the file system's maximum file size allocation limits.Action Taken: Manually archived and rotated the massive execution log file, cleared space within the operational work directories, and restarted the wrapper script.Resolution Type: Workspace Reset ExecutionPreventive Action: Embed native log-rolling functions directly inside the automation shell script headers to keep single files from expanding uncontrollably."
ERROR: Batch nb_wrapper_saimptlogi failed on PROD 9500,"Event Description: ERROR: Batch nb_wrapper_saimptlogi failed on PROD 9500Root Cause Category: Data Quality / CorruptionRoot Cause Subcategory: Corrupted Internal Record FormatDetailed Root Cause Analysis: The wrapper script failed while importing records due to a row that contained corrupted binary elements within a numeric transaction quantity segment.Action Taken: Traced the corrupted row using data parsing tools, moved the damaged entry out to a quarantine storage zone, and executed a clean rerun of the main data batch.Resolution Type: Data Quarantine CorrectionPreventive Action: Modify the wrapper script parsing engine to automatically move invalid or unreadable records into an offline error log table instead of crashing the process."
ERROR: Batch ext_ret_sls_restart_dshbd_1345 failed on PROD 9500,"Event Description: ERROR: Batch ext_ret_sls_restart_dshbd_1345 failed on PROD 9500Root Cause Category: Integration Interface / API GatewayRoot Cause Subcategory: API Response Timeout ExceptionDetailed Root Cause Analysis: The dashboard interface synchronization batch timed out because the destination application's external API gateway failed to return an acknowledgment payload during a high-volume sync cycle.Action Taken: Verified endpoint accessibility with the destination platform administrators, confirmed network availability, and initiated a successful manual recovery run.Resolution Type: Interface Verification RunPreventive Action: Increase the HTTP timeout thresholds on the dashboard extraction client to allow for longer response times during high-traffic periods."
ERROR: Batch ext_bm_019 failed on PROD 9500,"Event Description: ERROR: Batch ext_bm_019 failed on PROD 9500Root Cause Category: Application Software CodeRoot Cause Subcategory: Unhandled Code Null Pointer ExceptionDetailed Root Cause Analysis: The extraction job threw a NullPointerException when processing a legacy customer account record that contained a blank postal code field, which the legacy processing code didn't know how to handle.Action Taken: Adjusted the database view layer to convert any blank or null address attributes into default dummy strings, then cleared and re-executed the batch process.Resolution Type: View / Code Level WorkaroundPreventive Action: Update the underlying application source code to handle null or empty values gracefully during structural batch extractions."
ERROR: Batch ext_sls_stk_com_dep_wk_ssds failed on PROD 9500,Event Description: ERROR: Batch ext_sls_stk_com_dep_wk_ssds failed on PROD 9500Root Cause Category: Infrastructure / PerformanceRoot Cause Subcategory: Out of Disk SpaceDetailed Root Cause Analysis: The weekly sales stock department aggregation script failed because the heavy transaction volume generated during the seasonal holiday event exceeded the allocation limit on the local /tmp staging partition.Action Taken: Cleaned out older transactional log files from the workspace directory to free up space and executed a clean rerun of the weekly extraction batch.Resolution Type: Storage Cleanup and RerunPreventive Action: Configure a automated pre-execution cleanup script to run and purge old temporary data segments prior to launching major weekly extractions.
ERROR: Batch ext_1062_sls_by_merch_hrcy failed on PROD 9500,Event Description: ERROR: Batch ext_1062_sls_by_merch_hrcy failed on PROD 9500Root Cause Category: Data Quality / IngestionRoot Cause Subcategory: Missing Reference DataDetailed Root Cause Analysis: The sales by merchandise hierarchy extract encountered a fatal error because a newly introduced stock category code was missing its corresponding mapping parameters in the master hierarchy database table.Action Taken: Added the missing product classification metadata directly to the master lookup table database and manually triggered the data pipeline recovery step.Resolution Type: Reference Data UpdatePreventive Action: Implement automated validation checking routines to flag missing hierarchy dependencies before launching the primary reporting cycle.
ERROR: Batch ext_1026_outstanding_mrts_by_store failed on PROD 9500,Event Description: ERROR: Batch ext_1026_outstanding_mrts_by_store failed on PROD 9500Root Cause Category: Network / IntegrationRoot Cause Subcategory: API Gateway TimeoutDetailed Root Cause Analysis: The script timed out while attempting to pull outstanding Merchandise Return Transfers (MRTs) from the store inventory API due to a temporary network latency drop on the interface gateway connection.Action Taken: Monitored network channel connectivity to confirm stability and manually re-queued the outstanding transfer extraction batch routine.Resolution Type: Job RestartPreventive Action: Increase the default network gateway connection timeout threshold configuration from 30 seconds to 90 seconds within the batch properties file.
ERROR: Batch ext_bm_035_018 failed on PROD 9500,Event Description: ERROR: Batch ext_bm_035_018 failed on PROD 9500Root Cause Category: Application BugRoot Cause Subcategory: Null Pointer ExceptionDetailed Root Cause Analysis: The extraction routine crashed after encountering an unhandled null character value inside the mandatory customer loyalty tier segment field during record processing.Action Taken: Deployed a temporary script patch to evaluate null values as blank text characters instead of throwing exceptions and executed a successful rerun.Resolution Type: Script Logic WorkaroundPreventive Action: Update the underlying application source code validation parameters to gracefully parse empty or undefined data fields during batch extractions.
ERROR: Batch ext_self_service_recon_daily failed on PROD 9500,Event Description: ERROR: Batch ext_self_service_recon_daily failed on PROD 9500Root Cause Category: Security / Access ManagementRoot Cause Subcategory: Permission Denied ErrorDetailed Root Cause Analysis: The daily self-service reconciliation routine failed because read/write permissions on the target system folder were accidentally removed during an automated security access role optimization step.Action Taken: Restored appropriate administrative access privileges directly to the system batch user profile account and successfully executed the pipeline rerun.Resolution Type: Permission RealignmentPreventive Action: Exclude system core execution accounts from automated directory permission scrubbing scripts during weekend system updates.
ERROR: Batch ext_rv_charity_ss_ds failed on PROD 9500,"Event Description: ERROR: Batch ext_rv_charity_ss_ds failed on PROD 9500Root Cause Category: DatabaseRoot Cause Subcategory: Exclusive Table LockDetailed Root Cause Analysis: The charity dataset extraction engine stalled and failed because an unindexed ad-hoc analytics query held an exclusive row lock on the primary transactions table.Action Taken: Terminated the blocking user session ID, cleared out stale database transaction states, and successfully re-ran the data stream extraction.Resolution Type: Operational Process InterventionPreventive Action: Schedule all heavy administrative data queries to run exclusively outside core batch runtime scheduling frames."
ERROR: Batch psm_tbl_stats_gather_set3 failed on PROD 9500,Event Description: ERROR: Batch psm_tbl_stats_gather_set3 failed on PROD 9500Root Cause Category: Database MaintenanceRoot Cause Subcategory: Snapshot Too Old (ORA-01555)Detailed Root Cause Analysis: The background statistics collection script failed with an ORA-01555 error due to heavy data undo blocks usage by multiple concurrent financial ledger cleanup tasks running at the same time.Action Taken: Manually executed the statistics collection sequence once the overlapping financial database update scripts completed their processes.Resolution Type: Maintenance Step RestartPreventive Action: Adjust the batch scheduler orchestration parameters to separate data purging timelines from database maintenance windows.
ERROR: Batch nb_resa_bau_scripts failed on PROD 9500,Event Description: ERROR: Batch nb_resa_bau_scripts failed on PROD 9500Root Cause Category: System ConfigurationRoot Cause Subcategory: Erroneous Environment Variable PathDetailed Root Cause Analysis: The retail sales audit (RESA) script aborted initialization because a system environment location parameter path was corrupted during an overnight OS update.Action Taken: Corrected the path string configurations inside the global environment profile template and initiated a manual recovery command execution.Resolution Type: Configuration Parameter UpdatePreventive Action: Incorporate system path verification checks into the platform deployment validations to confirm environmental integrity after server updates.
ERROR: Batch nb_resa_bau_scripts failed on PROD 9500,"Event Description: ERROR: Batch nb_resa_bau_scripts failed on PROD 9500Root Cause Category: Inbound Data InterfaceRoot Cause Subcategory: Corrupted Input File LayoutDetailed Root Cause Analysis: The auditing engine failed because the daily incoming file payload contained an unclosed quote delimiter, which disrupted the data parsing logic.Action Taken: Sanitized the corrupted string record inside the raw payload document directly and re-triggered the input transaction process flow.Resolution Type: Source Data FixPreventive Action: Introduce file layout schema validation steps to check inbound document structures before transmitting files to the primary processing queue."
"111/NYC Kings Plaza Brooklyn/Product is still showing on discount price , But it needs to be on original price","Event Description: 111/NYC Kings Plaza Brooklyn/Product is still showing on discount price , But it needs to be on original priceRoot Cause Category: Store / POS OperationsRoot Cause Subcategory: Price Sync Cycle DelayDetailed Root Cause Analysis: The promotional pricing rule expired, but the local point-of-sale checkout engine failed to reset back to standard pricing because a network connection issue stalled the local database sync synchronization.Action Taken: Manually pushed a forced pricing catalog broadcast update to Store 111 and restarted the active register software profiles.Resolution Type: Force Remote Sync ExecutionPreventive Action: Configure an automated alert mechanism to notify support administrators when any store registry sync stays idle for longer than 60 minutes."
ERROR: Batch ext_rv_intake_ss_ds failed on PROD 9500,Event Description: ERROR: Batch ext_rv_intake_ss_ds failed on PROD 9500Root Cause Category: Data QualityRoot Cause Subcategory: Unique Key Constraint ViolationDetailed Root Cause Analysis: The shipment intake job stopped processing after finding a duplicate unique receipt identifier string produced by an upstream operational error.Action Taken: Extracted the duplicate transaction record from the temporary staging array table and restarted the standard data ingestion batch loop.Resolution Type: Staging Area RemediationPreventive Action: Adjust database ingestion stored procedure syntax to utilize MERGE behaviors instead of simple row insert parameters.
ERROR: Batch ext_bm_030 failed on PROD 9500,Event Description: ERROR: Batch ext_bm_030 failed on PROD 9500Root Cause Category: Automation / InfrastructureRoot Cause Subcategory: Out of Memory (OOM) Allocation ExceptionDetailed Root Cause Analysis: The extraction process hit an Out of Memory error because the memory cache requirements exceeded the physical limits allocated to the execution container partition.Action Taken: Increased the memory limit configuration parameters in the container environment and initiated a recovery rerun task.Resolution Type: System Capacity AdjustmentPreventive Action: Enforce strict processing limits per extraction thread block on PROD 9500 to keep applications from using too much memory.
ERROR: Batch ext_bm_trading_sub_ss_ds_dly failed on PROD 9500,"Event Description: ERROR: Batch ext_bm_trading_sub_ss_ds_dly failed on PROD 9500Root Cause Category: Interface PipelineRoot Cause Subcategory: Missing Status Trigger FileDetailed Root Cause Analysis: The daily trading script halted initialization because the required .SUCCESS indicator file marker from the external data vendor was missing from the SFTP target folder.Action Taken: Verified dataset presence with the external supplier team, manually added the .SUCCESS file indicator, and restarted the batch workflow.Resolution Type: Manual Process OverridePreventive Action: Revise the integration pipeline monitoring options to use direct file size scanning logic instead of relying on indicator files."
ERROR: Batch ext_rv_store_subclass_ssbi failed on PROD 9500,Event Description: ERROR: Batch ext_rv_store_subclass_ssbi failed on PROD 9500Root Cause Category: Query OptimizationRoot Cause Subcategory: Database Query TimeoutDetailed Root Cause Analysis: The reporting job was terminated after running past the global 45-minute limit due to an unoptimized cross-join step analyzing store subclass criteria details.Action Taken: Refactored the SQL code syntax by adding index optimizations and successfully completed the data extraction process execution.Resolution Type: Script Tuning CorrectionPreventive Action: Require performance review testing validation cycles on all SQL queries before deploying updates to production systems.
ERROR: Batch ext_rv_bm_rep_data_size_1226 failed on PROD 9500,Event Description: ERROR: Batch ext_rv_bm_rep_data_size_1226 failed on PROD 9500Root Cause Category: Storage ManagementRoot Cause Subcategory: Temp Tablespace OverrunDetailed Root Cause Analysis: The sizing analysis tool aborted because the data replication logging process completely filled the available space in the shared Oracle TEMP tablespace storage allocation.Action Taken: Expanded the available temporary tablespace limit configurations within the database and restarted the extraction script.Resolution Type: Database Allocation UpdatePreventive Action: Schedule large data replication logging processes to run sequentially rather than running multiple extractions in parallel.
ERROR: Batch nb_rpm_sat_stats failed on PROD 9500,Event Description: ERROR: Batch nb_rpm_sat_stats failed on PROD 9500Root Cause Category: Security / AccessRoot Cause Subcategory: Account Password ExpirationDetailed Root Cause Analysis: The retail price management statistics script failed to connect because the database service account password expired under standard security policy rules.Action Taken: Updated the account login credentials inside the secure credential vault and restarted the price management database script.Resolution Type: Credential Update SynchronizationPreventive Action: Convert operational service accounts to utilize non-expiring security vault tokens managed by automated access control software.
ERROR: Batch nb_wrapper_saimptlogi failed on PROD 9500,"Event Description: ERROR: Batch nb_wrapper_saimptlogi failed on PROD 9500Root Cause Category: Application ScriptingRoot Cause Subcategory: File Handle Lock ConflictDetailed Root Cause Analysis: The sales logging script failed because a previous instance of the importer tool stalled but remained active, keeping a lock file on the log document.Action Taken: Forced a shutdown of the stale background process ID (PID) to clear the file handle lock and ran the wrapper tool successfully.Resolution Type: Stuck Process TerminationPreventive Action: Enhance automation script parameters to search for and terminate older instances of the same PID before starting a new run cycle."
ERROR: Batch mom_weekend_maintenance_tables failed on PROD 9500,Event Description: ERROR: Batch mom_weekend_maintenance_tables failed on PROD 9500Root Cause Category: Database AdministrationRoot Cause Subcategory: Index Rebuild DisruptionDetailed Root Cause Analysis: The index reorganization process dropped offline because a momentary network communication drop disconnected the primary database node from the cluster framework.Action Taken: Verified table indexes for any internal data structural corruption and restarted the weekend table maintenance routine from the last checkpoint.Resolution Type: Maintenance Task ResumePreventive Action: Increase the cluster communication delay tolerance rules to prevent tasks from dropping offline during minor network lag issues.
ERROR: Batch nb_wrapper_saimptlogi failed on PROD 9500,Event Description: ERROR: Batch nb_wrapper_saimptlogi failed on PROD 9500Root Cause Category: Data IngestionRoot Cause Subcategory: Unsupported Value StructureDetailed Root Cause Analysis: The log importing application threw an error after finding a non-standard currency layout string ($GBP instead of GBP) that failed the input verification parser rules.Action Taken: Cleaned out the invalid formatting from the staging data column row and initiated a manual recovery rerun of the sales wrapper tool.Resolution Type: Data Value OverridePreventive Action: Enforce strict field format checks at the API ingestion level to clean text inputs before data enters the core tables.
ERROR: Batch nb_wrapper_saimptlogi failed on PROD 9500,"Event Description: ERROR: Batch nb_wrapper_saimptlogi failed on PROD 9500Root Cause Category: Operating System / InfrastructureRoot Cause Subcategory: Maximum File Descriptors ReachedDetailed Root Cause Analysis: The process failed because the system reached its maximum number of open file connections (ulimit) due to many store telemetry streams running at the same time.Action Taken: Closed stale network connection handles and increased the server's maximum open file descriptor limits, then successfully restarted the application wrapper.Resolution Type: OS Setting TuningPreventive Action: Update application code parameters to guarantee file connection streams close properly after processing data packages."
High Filesystem usage,Event Description: High Filesystem usageRoot Cause Category: OS / InfrastructureRoot Cause Subcategory: Disk Space / Log AccumulationDetailed Root Cause Analysis: The root filesystem partition reached an elevated threshold because an application component began generating excessive debug trace logs after an unexpected configuration change.Action Taken: Cleaned out older system log files from the temporary workspace folders and rotated active application logs to free up space.Resolution Type: Storage RemediationPreventive Action: Configure a cron utility tool to regularly purge files older than 14 days from system temp folders.
D13319199 this delivery was previously 0'd out I now need to add the quantities back to this exact delivery number as carton stickers cant be changed and cargo,"Event Description: D13319199 this delivery was previously 0'd out I now need to add the quantities back to this exact delivery number as carton stickers cant be changed and cargoRoot Cause Category: Inventory Management / DeliveryRoot Cause Subcategory: Data Correction / Human ErrorDetailed Root Cause Analysis: A warehouse user accidentally submitted a zero-quantity entry for delivery D13319199, locking the record status and preventing standard operational modifications on matching physical carton stickers.Action Taken: Executed a targeted backend database modification script to restore the original quantities to delivery D13319199 and shifted the workflow state back to active status.Resolution Type: Backend Data CorrectionPreventive Action: Add an interface verification prompt requiring secondary approval before a delivery transaction can be finalized with zero quantities."
U orders will not submit as air booking for supplier. please see below screenshot.,Event Description: U orders will not submit as air booking for supplier. please see below screenshot.Root Cause Category: Supply Chain / Order ManagementRoot Cause Subcategory: Vendor Configuration DefectDetailed Root Cause Analysis: The system blocked the air booking submission because the supplier profile record was missing required air freight carrier identification codes within the master routing grid.Action Taken: Updated the supplier record matrix with the missing freight carrier details and successfully processed the pending U orders.Resolution Type: Configuration ModificationPreventive Action: Add a system layout restriction to reject the air booking option during order setup if vendor routing mappings are missing data.
222 / Creteil / Nora / Oracle / PSMmanager222 account locked,"Event Description: 222 / Creteil / Nora / Oracle / PSMmanager222 account lockedRoot Cause Category: Access ManagementRoot Cause Subcategory: Account Lockout PolicyDetailed Root Cause Analysis: The user account PSMmanager222 was locked automatically after the system detected multiple consecutive authentication attempts using invalid password parameters.Action Taken: Validated the user's identity credentials, unlocked the account record in Oracle Identity Manager, and issued a temporary password reset token.Resolution Type: Access Level RestorationPreventive Action: Advise operational teams to clear out old stored passwords within browser caching configurations to avoid automated lockout scenarios."
Daily Check - Raised by PRI_FJ_2nd_ Marketplace app support / All store staging,"Event Description: Daily Check - Raised by PRI_FJ_2nd_ Marketplace app support / All store stagingRoot Cause Category: Interface PipelineRoot Cause Subcategory: Staging Table LagDetailed Root Cause Analysis: A high volume of inbound evening transactional data created an operational bottleneck, stalling the downstream queue handlers and causing a record lag across store staging tables.Action Taken: Restarted the core queue consumer background instances to boost system resource utilization and verified that the record backlog was fully processed.Resolution Type: Service Restart / Ingestion Stream Catch-upPreventive Action: Adjust consumer instance thread limits dynamically based on expected data volume fluctuations during peak hours."
Daily Check - Stage table 'Tax' in Family - OTHER,"Event Description: Daily Check - Stage table 'Tax' in Family - OTHERRoot Cause Category: Master Data / FinanceRoot Cause Subcategory: Data Layout Validation FailureDetailed Root Cause Analysis: The staging batch for the 'Tax' data family halted because an inbound record contained a null character string within a mandatory geographic tax code field.Action Taken: Isolated the faulty record row, manually updated the geographic tax attribute configuration to the appropriate value, and re-triggered the processing batch.Resolution Type: Record Modification / Processing RerunPreventive Action: Enforce an interface data validation barrier to drop or isolate records with null fields before they reach the main staging layer."
Exception raised for Backout queue 1161 -   ESB.RMS.RECEIPTS.IQ.BAK,Event Description: Exception raised for Backout queue 1161 - ESB.RMS.RECEIPTS.IQ.BAKRoot Cause Category: Middleware / IntegrationRoot Cause Subcategory: Message Processing ExceptionDetailed Root Cause Analysis: A temporary network connectivity interruption during database write actions forced incoming receipts messages into the backout retry queue framework.Action Taken: Monitored system communication states to ensure stability and manually re-queued the backout queue messages into the active processing queue channel.Resolution Type: Message Re-queue ExecutionPreventive Action: Extend the automated message retry parameter count limits inside the enterprise service bus properties to manage temporary connectivity drops.
Daily Check - Raised by PRI_FJ_2nd_ Marketplace app support / All store staging,"Event Description: Daily Check - Raised by PRI_FJ_2nd_ Marketplace app support / All store stagingRoot Cause Category: Interface PipelineRoot Cause Subcategory: Concurrent Process LockDetailed Root Cause Analysis: A timing conflict occurred where two instances of the store staging consolidation script executed simultaneously, triggering an exclusive row lock exception across database tables.Action Taken: Terminated the duplicate script process ID, cleared out stale database transaction table handles, and re-ran the main synchronization process.Resolution Type: Process Termination and Clear-outPreventive Action: Build a validation check into the automation framework to block a script from running if an active process ID is already detected."
Daily Check - Stage table 'Tax' in Family - OTHER,"Event Description: Daily Check - Stage table 'Tax' in Family - OTHERRoot Cause Category: Master Data / FinanceRoot Cause Subcategory: Duplicate Record InjectionDetailed Root Cause Analysis: A promotional price rollout generated duplicate tax modifier records, violating unique index constraints during data load activities into the staging framework.Action Taken: Purged duplicate rows from the staging table index layout and manually restarted the tax evaluation batch step.Resolution Type: Data Cleanup OperationPreventive Action: Adjust the staging procedure database syntax to use MERGE functions rather than simple row insertions to manage duplicate data variations."
Selling retail discrepancy between Oracle and MPE: sales on 27-Dec-2025,"Event Description: Selling retail discrepancy between Oracle and MPE: sales on 27-Dec-2025Root Cause Category: Financial / Sales ReconciliationRoot Cause Subcategory: Sales Sync DiscrepancyDetailed Root Cause Analysis: End-of-day transaction summaries from the MPE environment failed to fully synchronize to Oracle because an extraction script aborted mid-process on 27-Dec-2025.Action Taken: Identified the missing transaction logs, manually executed a delta data reconciliation task, and verified that both retail ledgers were aligned.Resolution Type: Manual Sync RemediationPreventive Action: Implement an automated reconciliation validation check that flags and alerts support teams regarding any data variances between retail engines."
Exception raised for Backout queue 1025B -   ESB.RESA.SALESRETURNS.IQ.BAK1,"Event Description: Exception raised for Backout queue 1025B - ESB.RESA.SALESRETURNS.IQ.BAK1Root Cause Category: Middleware / IntegrationRoot Cause Subcategory: Payload Parsing DefectDetailed Root Cause Analysis: A transaction message payload failed validation checks because it contained non-alphanumeric characters inside the store identification segment, directing the file into the backout queue.Action Taken: Cleaned out the invalid formatting strings directly within the source XML payload and re-transmitted the message block through the active RESA processing pipeline.Resolution Type: Payload Correction and Re-ingestionPreventive Action: Introduce string filtering rules at source collection sites to strip out invalid characters before files enter transmission lines."
Count of SQL Developer session is 1,Event Description: Count of SQL Developer session is 1Root Cause Category: Database MonitoringRoot Cause Subcategory: Informational Alert / Active SessionDetailed Root Cause Analysis: The automated system monitor triggered a security alert because it discovered an interactive database connection from a desktop SQL Developer application client on production systems.Action Taken: Traced the active session ID back to an approved emergency database diagnostic operation being handled by a senior engineering resource.Resolution Type: Monitoring ValidationPreventive Action: Enforce tighter checkout procedures and require specific change order numbers when opening developer connections on production databases.
There are 2 Metric Alert events for topSqlMonitoringList:duration,Event Description: There are 2 Metric Alert events for topSqlMonitoringList:durationRoot Cause Category: Database PerformanceRoot Cause Subcategory: Query Performance WarningDetailed Root Cause Analysis: An unoptimized analytical reporting query ran past its processing limit because it searched records without utilizing an appropriate database table index hint.Action Taken: Added optimized query execution hints to the custom reporting tool layout to reduce runtime and cleared the metric warning triggers.Resolution Type: Performance Tuning FixPreventive Action: Mandate performance testing criteria evaluations for any custom ad-hoc database reports before deploying adjustments to production modules.
Technical Error for Late Sales validation and Catch up Activity on 2025-12-28,Event Description: Technical Error for Late Sales validation and Catch up Activity on 2025-12-28Root Cause Category: Sales Processing / BatchRoot Cause Subcategory: Execution Window OverlapDetailed Root Cause Analysis: The catch-up batch processing loop for late sales transactions crashed after colliding with a scheduled database cold maintenance window on 2025-12-28.Action Taken: Verified that all core tables were intact and manually initiated the late sales catch-up validation routines once the maintenance window closed.Resolution Type: Job Recovery ExecutionPreventive Action: Reschedule the late sales catch-up automated tasks to ensure there is no execution window conflict with scheduled server maintenance.
688 /Canterbury / Manager from 688/ Error message popped up,Event Description: 688 /Canterbury / Manager from 688/ Error message popped upRoot Cause Category: POS / Store ApplicationRoot Cause Subcategory: Application Heap ExceptionDetailed Root Cause Analysis: The store register terminal application threw a general interface error exception due to local system memory exhaustion on the terminal hardware endpoint.Action Taken: Guided the store supervisor through a complete system reboot cycle of register 688 to clear out local caching issues and restore operations.Resolution Type: Endpoint Power CyclePreventive Action: Deploy a regular script policy to run nightly reboots across register networks to clear out localized system caching memory issues.
supplier has said they have not received tickets for PO 1247141 even though we have requested multiple times. please urgently help as it will delay order from s,Event Description: supplier has said they have not received tickets for PO 1247141 even though we have requested multiple times. please urgently help as it will delay order from sRoot Cause Category: Supply Chain / Electronic Data Interchange (EDI)Root Cause Subcategory: Transmission Staged BlockDetailed Root Cause Analysis: The ticket generation output payload file for PO 1247141 was built correctly but became trapped on the outbound email server because of an active gateway filtering block.Action Taken: Cleared the blocked transport status queue path on the mail exchange server and forced immediate delivery of the PO tickets file to the supplier.Resolution Type: Operational Queue ClearoutPreventive Action: Configure a processing alert mechanism to notify system support teams if outbound files remain in a staged transmission queue for more than two hours.
The error message shown in the screenshot attached appeared after i amended some of the pack ratios and qtys on the PO. What does this mean is there something I,Event Description: The error message shown in the screenshot attached appeared after i amended some of the pack ratios and qtys on the PO. What does this mean is there something IRoot Cause Category: Supply Chain / Order ManagementRoot Cause Subcategory: Validation Rule Constraint ViolationDetailed Root Cause Analysis: The modifications made by the user to the pack ratios and quantities fell below the vendor's minimum shipping criteria limits established in the system matrix.Action Taken: Re-adjusted the purchase order quantity fields to comply with standard shipping criteria constraints and approved the transaction updates.Resolution Type: Purchase Order CorrectionPreventive Action: Enhance user interface dialog boxes to explicitly detail shipping criteria limits when item quantity fields are changed on purchase orders.
"ST109: item scanning wrong price: /NYC Staten Island/   Manager 109/ The following item comes up the incorrect price at tills. The price comes up at $12,","Event Description: ST109: item scanning wrong price: /NYC Staten Island/ Manager 109/ The following item comes up the incorrect price at tills. The price comes up at $12,Root Cause Category: Pricing / Store OperationsRoot Cause Subcategory: Pricing Sync FailureDetailed Root Cause Analysis: The item pricing configuration changes failed to populate at the store terminal because the local register application was disconnected from the network during the nightly update cycle.Action Taken: Restored network connectivity to the affected terminal workspace and triggered a manual pricing data update synchronization task for Store 109.Resolution Type: Data Update ResynchronizationPreventive Action: Set up a system check routine to flag any retail terminals that miss daily update drops due to connection drops."
"Filesystem /wlfs_domain has 19.97% available space, fallen below warning (20) or critical (5) threshold.","Event Description: Filesystem /wlfs_domain has 19.97% available space, fallen below warning (20) or critical (5) threshold.Root Cause Category: Infrastructure / StorageRoot Cause Subcategory: Storage Threshold AlertDetailed Root Cause Analysis: The /wlfs_domain filesystem storage allocation fell below the 20% safety threshold due to a build-up of old server thread diagnostics files.Action Taken: Compressed older diagnostics folders, moved legacy log histories into backup storage networks, and brought available space back to safe levels.Resolution Type: Storage Space CleanupPreventive Action: Deploy an automated cleanup utility to move files to secondary cold storage lines when local volume capacity utilization reaches 75%."
444 Bluewater/ CallerName / Oracle / PSM never has not generated the number of the  delivery,Event Description: 444 Bluewater/ CallerName / Oracle / PSM never has not generated the number of the deliveryRoot Cause Category: Oracle Retail / Delivery ApplicationRoot Cause Subcategory: Sequence Cache Limit ExceededDetailed Root Cause Analysis: The system failed to provide a tracking number for the delivery because the backend database allocation counter object reached its maximum predefined numerical ceiling constraint.Action Taken: Modified the database sequence properties to extend its upper numerical boundaries and executed a successful delivery tracking number generation request.Resolution Type: Database Property ModificationPreventive Action: Monitor structural database sequence counter usage metrics to alert administrators well before limit maximums are reached.
There are 4 Metric Alert events for adrAlertLogOperationalError:genericOperationalErrStack,"Event Description: There are 4 Metric Alert events for adrAlertLogOperationalError:genericOperationalErrStackRoot Cause Category: Database / OracleRoot Cause Subcategory: Internal Kernel ExceptionDetailed Root Cause Analysis: The Oracle Automatic Diagnostic Repository (ADR) logged an operational error stack trace after encountering a transient memory allocation failure during a complex index range scan configuration step.Action Taken: Analyzed the associated incident dump files, verified no logical or physical database corruption existed, and cleared the alert logs.Resolution Type: Incident File ClearancePreventive Action: Apply the latest Oracle database stable patch set update to remediate known transient memory leaks in the index subsystem."
4PM: Stores have not refreshed in last 30 minutes,"Event Description: 4PM: Stores have not refreshed in last 30 minutesRoot Cause Category: Store Operations / Data SyncRoot Cause Subcategory: Replication Network LagDetailed Root Cause Analysis: High network data utilization during an end-of-day sales upload saturated the replication bandwidth pipeline, causing the 30-minute store inventory refresh loop to time out.Action Taken: Cleared the stalled interface processes and manually initiated a forced database delta synchronization broadcast to all retail locations.Resolution Type: Data Synchronization OverridePreventive Action: Implement dedicated Quality of Service (QoS) network configurations to prioritize retail transactional data sync traffic over non-critical file moves."
1 distinct types of ORA- errors have been found in the alert log.,Event Description: 1 distinct types of ORA- errors have been found in the alert log.Root Cause Category: Database / Storage AllocationRoot Cause Subcategory: Tablespace Space Limit Breached (ORA-01653)Detailed Root Cause Analysis: An ORA-01653: unable to extend table error was captured in the system alert log because the target data tablespace reached its maximum space allocation limits.Action Taken: Added a new 10GB datafile line item to the affected tablespace container array to provide immediate data storage capacity.Resolution Type: Storage Infrastructure ExtensionPreventive Action: Modify the database tracking properties to use auto-extend configurations and set warning alert tracking metrics at 85% utilization thresholds.
1 distinct types of ORA- errors have been found in the alert log.,"Event Description: 1 distinct types of ORA- errors have been found in the alert log.Root Cause Category: Database / Transaction LockingRoot Cause Subcategory: Transaction Deadlock (ORA-00060)Detailed Root Cause Analysis: The database log flagged an ORA-000060: deadlock detected while waiting for resource warning due to two background batch routines modifying the same product metadata concurrently.Action Taken: Terminated the secondary blocked lock session string, allowing the primary script loop to run, then restarted the interrupted execution block.Resolution Type: Lock Release and RestartPreventive Action: Adjust the batch scheduler orchestration timelines to isolate metadata modification parameters from general transactional routines."
There are 4 Metric Alert events for adrAlertLogOperationalError:genericOperationalErrStack,"Event Description: There are 4 Metric Alert events for adrAlertLogOperationalError:genericOperationalErrStackRoot Cause Category: Database / Scripting ExecutionRoot Cause Subcategory: Deprecated Stored Procedure ErrorDetailed Root Cause Analysis: An out-of-date sales consolidation script attempted to call a removed database function parameter, triggering consecutive operational errors inside the ADR logs.Action Taken: Commented out the old parameter variables from the script wrapper framework and verified error-free execution loops.Resolution Type: Code Modification WorkaroundPreventive Action: Conduct schema dependency reviews prior to dropping old application code segments to maintain integrity."
"Filesystem /u01 has 19.99% available space, fallen below warning (20) or critical (5) threshold.","Event Description: Filesystem /u01 has 19.99% available space, fallen below warning (20) or critical (5) threshold.Root Cause Category: Host InfrastructureRoot Cause Subcategory: File Storage SaturationDetailed Root Cause Analysis: The /u01 host volume dropped below the 20% space limit due to an excessive accumulation of core dump trace documents produced by past process aborts.Action Taken: Utilized the Oracle ADRCI tool suite to safely delete obsolete diagnostic trace records and brought volume storage back to acceptable metrics.Resolution Type: Diagnostics Maintenance SweepPreventive Action: Shorten the default ADR retention properties for diagnostic dumps from 30 days down to 7 days on production configurations."
"Filesystem /u01 has 19.99% available space, fallen below warning (20) or critical (5) threshold.","Event Description: Filesystem /u01 has 19.99% available space, fallen below warning (20) or critical (5) threshold.Root Cause Category: Host InfrastructureRoot Cause Subcategory: System Audit Log AccumulationDetailed Root Cause Analysis: Standard file connection audits (.aud format) generated an elevated volume footprint on the /u01 directory path during a security assessment sweep.Action Taken: Compressed and moved the archived security audit documents out to a dedicated long-term network-attached archival unit.Resolution Type: Storage Archival MigrationPreventive Action: Set up a weekly automated cron compression utility to target and offload old audit file layouts from core app paths."
506 / Hounslow / Ace / Oracle / PSM account locked - PSMmanager506,"Event Description: 506 / Hounslow / Ace / Oracle / PSM account locked - PSMmanager506Root Cause Category: Identity & Access ManagementRoot Cause Subcategory: Automated Account LockoutDetailed Root Cause Analysis: The administrative system profile PSMmanager506 locked after an old automated checkout terminal script kept trying to log in using expired credentials.Action Taken: Authenticated user identity variables, unlocked the database user object profile via SQL commands, and synchronized the new login password updates.Resolution Type: Access Level RestorationPreventive Action: Migrate hard-coded credential configurations out of static localized scripts and utilize secure token-based vault applications."
1 distinct types of ORA- errors have been found in the alert log.,Event Description: 1 distinct types of ORA- errors have been found in the alert log.Root Cause Category: Database / ConnectivityRoot Cause Subcategory: Network Timeout Exception (ORA-03113)Detailed Root Cause Analysis: The error log recorded an ORA-03113: end-of-file on communication channel fault after a remote network switch port restarted during an extraction process query.Action Taken: Evaluated the database listener status to confirm operational availability and confirmed the remote client connection re-established automatically.Resolution Type: Validation and Monitoring VerificationPreventive Action: Configure standard dead connection detection parameters (SQLNET.EXPIRE_TIME) within the network setup options to clean up orphan connections quickly.
There are 4 Metric Alert events for adrAlertLogOperationalError:genericOperationalErrStack,"Event Description: There are 4 Metric Alert events for adrAlertLogOperationalError:genericOperationalErrStackRoot Cause Category: Database / Memory ConfigurationRoot Cause Subcategory: PGA Memory Capacity ShortageDetailed Root Cause Analysis: Massive analytical data sorting routines exhausted the allocated Program Global Area (PGA) limits, triggering an operational error stack trace inside the system tracking tools.Action Taken: Increased the memory target allocations for the specific complex query string thread execution to complete the data loading process steps.Resolution Type: Dynamic Allocation TuningPreventive Action: Optimize the reporting query architecture to sort data based on indexed partitions rather than relying heavily on temporary memory buffers."
Exception raised for 1161 - pib.rms.receipts.ESB_RMS_RECEIPTS_1161_1231_CMF,Event Description: Exception raised for 1161 - pib.rms.receipts.ESB_RMS_RECEIPTS_1161_1231_CMFRoot Cause Category: Enterprise Service Bus / IntegrationRoot Cause Subcategory: Integration Document Processing ExceptionDetailed Root Cause Analysis: The integration message consumer threw a process error because an inbound delivery confirmation receipt for unit 1161 contained malformed date string configurations.Action Taken: Corrected the timestamp format elements directly inside the staging schema array and re-queued the transaction payload package for processing.Resolution Type: Interface ResubmissionPreventive Action: Embed input scheme pattern verification checks on incoming files to isolate badly formatted entries before they enter the processing line.
There are 2 Metric Alert events for topSqlMonitoringList:duration,Event Description: There are 2 Metric Alert events for topSqlMonitoringList:durationRoot Cause Category: Database Performance / TuningRoot Cause Subcategory: Long Running Execution AlertDetailed Root Cause Analysis: A dashboard search function query breached the 15-minute system execution warning boundary because a critical table index became fragmented after an overnight product catalog drop.Action Taken: Performed an online rebuild of the fragmented indexing parameters on the targeted product reference table structures.Resolution Type: Performance Tuning FixPreventive Action: Automate routine index health evaluations and re-indexing jobs ahead of peak daylight warehouse operation intervals.
New Relic Issue: ITEM_MFQUEUE Message Count Exceeded critical threshold,Event Description: New Relic Issue: ITEM_MFQUEUE Message Count Exceeded critical thresholdRoot Cause Category: Middleware / Integration QueueRoot Cause Subcategory: Queue Ingestion StoppageDetailed Root Cause Analysis: The main ITEM_MFQUEUE tracking framework backed up because the consumer service container went offline following an unhandled system memory exception error.Action Taken: Restarted the stopped data integration container service engine to begin processing and clearing the backed-up message log layers.Resolution Type: Service Activation RecoveryPreventive Action: Set up automatic container container restart routines inside cloud environments to immediately clear service exceptions without delay.
New Relic Issue: NBSOStatus_Family Message Count Exceeded critical threshold,Event Description: New Relic Issue: NBSOStatus_Family Message Count Exceeded critical thresholdRoot Cause Category: Middleware / Integration QueueRoot Cause Subcategory: Downstream Receiver UnavailableDetailed Root Cause Analysis: Message values in the NBSOStatus_Family queue reached critical numbers because the receiving enterprise inventory software endpoint rejected new connections during a system migration window.Action Taken: Resumed message delivery pipelines manually after confirming the target system migration update path had successfully finalized.Resolution Type: Flow Control OptimizationPreventive Action: Build explicit backpressure pause functions into integration queues to handle scheduled vendor downtime events cleanly.
The server health is HEALTH_WARN.,Event Description: The server health is HEALTH_WARN.Root Cause Category: Server Infrastructure HardwareRoot Cause Subcategory: Storage Component Degradation WarningDetailed Root Cause Analysis: The physical host tracking array reported a HEALTH_WARN condition because a hardware controller identified a failing sector on a local hot-swap drive partition.Action Taken: Dispatched an on-site data center infrastructure engineer to replace the degraded drive blade within the system cluster configuration.Resolution Type: Hardware Swap InterventionPreventive Action: Utilize continuous predictive failure hardware monitoring tools to schedule drive upgrades before errors impact service delivery.
OMG is DOWN,Event Description: OMG is DOWNRoot Cause Category: Application Infrastructure / PortalRoot Cause Subcategory: Application Inbound Service FreezeDetailed Root Cause Analysis: The Order Management Gateway (OMG) system crashed because an unhandled system thread lock condition completely froze the local web application container instance.Action Taken: Forced a shutdown of the frozen process identifiers and performed a clean restart of the gateway application server modules.Resolution Type: Application Process RestartPreventive Action: Implement an automated endpoint check utility that reboots application service modules when they stop responding to health checks.
There are 4 Metric Alert events for adrAlertLogOperationalError:genericOperationalErrStack,Event Description: There are 4 Metric Alert events for adrAlertLogOperationalError:genericOperationalErrStackRoot Cause Category: Database / File StorageRoot Cause Subcategory: Storage Controller Latency ExceptionDetailed Root Cause Analysis: The ADR logs registered a sequence of generic operational error messages caused by intermittent write timeouts on the storage array network link during peak loads.Action Taken: Reset the tracking monitors in Oracle Enterprise Manager after validating that storage network delivery parameters had returned to normal levels.Resolution Type: Tracking Reset OperationPreventive Action: Balance file allocation distributions across alternate fiber channel paths to prevent target path bottlenecks during intensive batch windows.
There are 2 Metric Alert events for topSqlMonitoringList:duration,"Event Description: There are 2 Metric Alert events for topSqlMonitoringList:durationRoot Cause Category: Database Performance / TuningRoot Cause Subcategory: Optimizer Plan RegressionDetailed Root Cause Analysis: A standard inventory query experienced a plan change regression, causing the system execution times to exceed warning limits.Action Taken: Deployed a verified SQL plan baseline fix to lock down and enforce the optimal high-efficiency query plan path layout.Resolution Type: Execution Plan OptimizationPreventive Action: Lock down execution paths using SQL Plan Baselines for critical daily inventory dashboard queries to avoid optimizer changes."
There are 4 Metric Alert events for adrAlertLogOperationalError:genericOperationalErrStack,Event Description: There are 4 Metric Alert events for adrAlertLogOperationalError:genericOperationalErrStackRoot Cause Category: Database / Configuration ParametersRoot Cause Subcategory: Process Boundary Limit EncounteredDetailed Root Cause Analysis: The system logged a string of operational error incidents because the maximum allowable database session connections profile value was breached during a store scaling launch.Action Taken: Modified the database parameters to increase the allowable session limits from 1000 to 1500 concurrent connections on the environment instance.Resolution Type: Configuration Parameter UpdatePreventive Action: Track concurrent application thread maximum limits to ensure database connection capability rules line up with peak scaling projections.
There are 4 Metric Alert events for adrAlertLogOperationalError:genericOperationalErrStack,Event Description: There are 4 Metric Alert events for adrAlertLogOperationalError:genericOperationalErrStackRoot Cause Category: Database / Storage MappingRoot Cause Subcategory: Temp Block Evaluation ErrorDetailed Root Cause Analysis: An out-of-bounds pointer read reference on an old temporary segment generated a generic error stack sequence inside the automated diagnostic tracker repository.Action Taken: Cleared and dropped the inactive temporary file location markers and built a new clean temporary tablespace allocation zone.Resolution Type: Structural Database FixPreventive Action: Include analytical validation checking scripts into standard weekend database maintenance operations to clear out stale temporary block segments.
"SQL 6f5a00q9npxk4,33554432,65,13919 execution application wait time is 273517692 microseconds.","Event Description: SQL 6f5a00q9npxk4,33554432,65,13919 execution application wait time is 273517692 microseconds.Root Cause Category: Database PerformanceRoot Cause Subcategory: Application Row Locking / SerializationDetailed Root Cause Analysis: SQL statement 6f5a00q9npxk4 experienced massive application wait times because it was blocked by an uncommitted row-level lock held by an external API transaction wrapper that encountered an unhandled network drop.Action Taken: Identified and terminated the stale parent session holding the transactional lock, immediately freeing the waiting SQL statement execution path.Resolution Type: Session Lock TerminationPreventive Action: Introduce shorter connection timeout configurations and automated rollback properties on the external API gateway for dead connections."
There are 4 Metric Alert events for adrAlertLogOperationalError:genericOperationalErrStack,"Event Description: There are 4 Metric Alert events for adrAlertLogOperationalError:genericOperationalErrStackRoot Cause Category: Database MaintenanceRoot Cause Subcategory: Automated Diagnostic Repository (ADR) AlertDetailed Root Cause Analysis: The system tracking tools recorded generic operational error stack messages caused by temporary memory allocation anomalies during an intensive, parallelized index validation batch run.Action Taken: Analyzed the event log dump files to verify structural block safety, confirmed no system or data damage, and cleared the active metric alert flags.Resolution Type: Monitoring Cache ClearancePreventive Action: Lower the max parallel degree parameters assigned to automated database maintenance procedures to prevent resource exhaustion spikes."
There are 4 Metric Alert events for adrAlertLogOperationalError:genericOperationalErrStack,Event Description: There are 4 Metric Alert events for adrAlertLogOperationalError:genericOperationalErrStackRoot Cause Category: Database MaintenanceRoot Cause Subcategory: Corrupted Diagnostic Metadata SegmentDetailed Root Cause Analysis: Multiple metric alerts were generated due to an isolated read/write error within the ADR directory's metadata schema tracking file rather than an actual operational database issue.Action Taken: Regenerated the corrupted ADR metadata structure using database administration command tools and verified that monitoring services returned to normal parameters.Resolution Type: Monitoring Infrastructure RepairPreventive Action: Schedule routine automated cleanup scripts to compress and purge old database monitoring dump segments every weekend.
ETASNOUTATTABLE has 2 messages in the queue,Event Description: ETASNOUTATTABLE has 2 messages in the queueRoot Cause Category: Middleware / IntegrationRoot Cause Subcategory: Stalled Message Broker ListenerDetailed Root Cause Analysis: Messages remained stuck in the ETASNOUTATTABLE queue because the background message consumer thread crashed due to an invalid out-of-bounds array parameter error.Action Taken: Recycled the message broker connection interface pool and re-initialized the consumer service thread to process and clear the queued records.Resolution Type: Integration Service RestartPreventive Action: Add custom error-handling code to the message consumer daemon to prevent service failures when encountering unhandled data formatting anomalies.
There are 4 Metric Alert events for adrAlertLogOperationalError:genericOperationalErrStack,Event Description: There are 4 Metric Alert events for adrAlertLogOperationalError:genericOperationalErrStackRoot Cause Category: Database MaintenanceRoot Cause Subcategory: Outdated Query Optimizer StatisticsDetailed Root Cause Analysis: Intermittent query plan changes on an analytical data catalog table triggered internal operational stack warnings in the Oracle ADR logs.Action Taken: Executed a manual table statistics collection update on the affected data tables to correct execution pathways and cleared the monitoring alerts.Resolution Type: Database Optimizer Statistics UpdatePreventive Action: Configure a daily incremental statistic-gathering job for highly dynamic transaction tables to prevent plan regressions.
There are 2 Metric Alert events for topSqlMonitoringList:duration,Event Description: There are 2 Metric Alert events for topSqlMonitoringList:durationRoot Cause Category: Database PerformanceRoot Cause Subcategory: Unoptimized Table Scan ExecutionDetailed Root Cause Analysis: A retail dashboard query breached execution limits because a missing index join forced full table scan routines across massive historical store transaction tables.Action Taken: Generated and deployed the missing composite column index layout on the primary transactions data structures to accelerate search parameters.Resolution Type: Performance Index TuningPreventive Action: Establish regular slow-query query analyzer audits to intercept and fix missing index frameworks prior to holiday promotion launches.
There are 4 Metric Alert events for adrAlertLogOperationalError:genericOperationalErrStack,Event Description: There are 4 Metric Alert events for adrAlertLogOperationalError:genericOperationalErrStackRoot Cause Category: Database MaintenanceRoot Cause Subcategory: Operating System Patch MisalignmentDetailed Root Cause Analysis: The database diagnostic stack generated error warnings because an overnight OS patch altered shared system memory access rules used by the Oracle database engine.Action Taken: Updated the database kernel memory parameters to align with the new OS security requirements and rebooted the standby cluster instance node.Resolution Type: System Configuration AdjustmentPreventive Action: Ensure all environment configurations are comprehensively validated in the staging environment before deploying OS-level patches to production.
There are 4 Metric Alert events for adrAlertLogOperationalError:genericOperationalErrStack,Event Description: There are 4 Metric Alert events for adrAlertLogOperationalError:genericOperationalErrStackRoot Cause Category: Database MaintenanceRoot Cause Subcategory: Archive Log Destination FullDetailed Root Cause Analysis: The diagnostic repository triggered metric alerts because a high-volume batch migration filled the primary database archive log target partition up to 98% capacity.Action Taken: Initiated an immediate compressed backup of older archive files to secondary cold storage and purged the local disk array partitions.Resolution Type: Storage Remediation / PurgingPreventive Action: Set up real-time disk storage expansion rules and lower warning alert boundaries to 80% capacity for crucial log drives.
ST770: item scanning wrong price: 770 /  Lodz Manufaktura/ NLP-MPE-PSM /pricing issue,Event Description: ST770: item scanning wrong price: 770 / Lodz Manufaktura/ NLP-MPE-PSM /pricing issueRoot Cause Category: Pricing / Master DataRoot Cause Subcategory: Regional Currency Conversion DiscrepancyDetailed Root Cause Analysis: The product scanned at an incorrect price at Site 770 because a localized VAT rounding rule configuration change failed to propagate from the central hub to the regional register schema.Action Taken: Corrected the localized VAT attributes in the pricing matrix and executed a manual data synchronization sync targeting Store 770 registers.Resolution Type: Local Data SynchronizationPreventive Action: Implement automated integrity validation scripts to match local store register pricing configurations against central master databases.
Incorrect Derivation of sales_1st_date column in DW_AGG_SALES_FV table,"Event Description: Incorrect Derivation of sales_1st_date column in DW_AGG_SALES_FV tableRoot Cause Category: Data Warehouse / ETL BatchRoot Cause Subcategory: ETL Transformation Code Logic ErrorDetailed Root Cause Analysis: The sales_1st_date field attribute was derived incorrectly in the data warehouse aggregation table due to an unhandled timezone offset logic discrepancy in the nightly processing script.Action Taken: Updated the underlying ETL source code mapping rules to process dates utilizing standard UTC conversion formats, then re-executed the data aggregation batch.Resolution Type: Code Fix and Data RerunPreventive Action: Incorporate comprehensive multi-timezone scenario variations into standard development unit testing validation parameters."
staging data_18 Dec constraint error,"Event Description: staging data_18 Dec constraint errorRoot Cause Category: Data Quality / Ingestion PipelineRoot Cause Subcategory: Primary Key Constraint ViolationDetailed Root Cause Analysis: The 18 Dec batch file crashed because an operational system error generated duplicate transaction identifiers within the incoming data stream, violating staging unique index limits.Action Taken: Filtered out the duplicate record variations from the staging tables and successfully resumed the remaining pipeline data load steps.Resolution Type: Staging Area Data FixPreventive Action: Modify the ingestion pipeline loading code logic to ignore or isolate duplicate lines instead of stopping the entire processing run."
424/ Braga Parque/ NLP-MPE-PSM / Incorrect price,Event Description: 424/ Braga Parque/ NLP-MPE-PSM / Incorrect priceRoot Cause Category: Pricing / Master DataRoot Cause Subcategory: Active Price Promotion OverlapDetailed Root Cause Analysis: Store 424 registers scanned an incorrect item price because two overlapping promotion markdown rules were simultaneously flagged as active for the same SKU.Action Taken: Expired the out-of-date promotion rule within the pricing system and dispatched a forced retail price update directly to the store register endpoints.Resolution Type: Configuration Parameter UpdatePreventive Action: Build explicit cross-validation rules into the pricing tool to block the scheduling of overlapping promotion codes for identical product sets.
FOR IDW: Need a style file exporting,"Event Description: FOR IDW: Need a style file exportingRoot Cause Category: Supply Chain / Integration RequestRoot Cause Subcategory: Manual Interface Data ExportDetailed Root Cause Analysis: The automated daily batch file transfer layout failed to deliver the required master product design details file to the IDW system due to an extraction filter mismatch.Action Taken: Reconfigured the product group selection filters, manually exported the design detail layout file, and uploaded it via secure SFTP channels to the IDW path.Resolution Type: Manual Operational Data DeliveryPreventive Action: Expand the automated extraction parameters to encompass new product taxonomy structures without requiring manual script overrides."
"ST413: item not scanning: 413/Conde Peñalver/ Alexandra/ article not present on MPE, not even when inserting the sku manually ; listed on PSM","Event Description: ST413: item not scanning: 413/Conde Peñalver/ Alexandra/ article not present on MPE, not even when inserting the sku manually ; listed on PSMRoot Cause Category: Store Application / Sync FailureRoot Cause Subcategory: Incomplete Inbound API ProcessingDetailed Root Cause Analysis: The item was listed in the product catalog (PSM) but was un-scannable on the register interface (MPE) because an API communication drop interrupted the local data file extraction step.Action Taken: Initiated a manual item synchronization request for the specific product SKU from the PSM portal to the Store 413 network location.Resolution Type: Targeted Product Sync ResubmissionPreventive Action: Configure an automated checking system that triggers a delta sync retry if local databases report missing product master files."
Transfer Issue Store 602,Event Description: Transfer Issue Store 602Root Cause Category: Inventory Management / Stock MovementRoot Cause Subcategory: Inventory Allocation Document ConflictDetailed Root Cause Analysis: Store 602 could not process an inbound product transfer because the associated transfer reference record was locked in a 'Pending Authorization' state due to a duplicate routing ID allocation.Action Taken: Cleared the duplicate routing parameters via direct backend adjustments and shifted the inventory transfer document into an approved state.Resolution Type: Backend Inventory Record CorrectionPreventive Action: Add validation checks within the shipping portal interface to completely block the generation of identical transfer routing references.
ST702: item not scanning: 702 Nijmegen / MPE-PSM /item not showing on PSM,Event Description: ST702: item not scanning: 702 Nijmegen / MPE-PSM /item not showing on PSMRoot Cause Category: Master Data / Ingestion FailureRoot Cause Subcategory: Vendor SKU Onboarding Validation FailureDetailed Root Cause Analysis: The product did not appear in the retail catalog database (PSM) because its inbound registration file failed vendor dimension formatting validations during initialization.Action Taken: Rectified the faulty dimension attribute values within the vendor master staging layer and re-triggered the core catalog onboarding process.Resolution Type: Reference Data AlignmentPreventive Action: Provide supplier data portals with automated real-time layout error reporting mechanisms to capture formatting issues prior to record submittal.
I am having an issue with a bra accsessory order that has been created. it will allow me to create new packs however they do not show up in the deliveries tab w,Event Description: I am having an issue with a bra accsessory order that has been created. it will allow me to create new packs however they do not show up in the deliveries tab wRoot Cause Category: Supply Chain / Order ManagementRoot Cause Subcategory: Logistics Packing List Generation BugDetailed Root Cause Analysis: Newly configured product multi-packs failed to display under the deliveries user interface tab because a code defect omitted items marked with non-standard accessory product codes.Action Taken: Deployed an emergency software code patch to the delivery visualization schema to properly incorporate the accessory category code values.Resolution Type: Application Software Code FixPreventive Action: Ensure accessory product classification categories are thoroughly included within standard end-to-end purchasing system user acceptance testing metrics.
ST424: Item scanning wrong price:424/ Braga Parque/ NLP-MPE-PSM / Price not correct,Event Description: ST424: Item scanning wrong price:424/ Braga Parque/ NLP-MPE-PSM / Price not correctRoot Cause Category: Pricing / Store OperationsRoot Cause Subcategory: Legacy Currency Cache Out of SyncDetailed Root Cause Analysis: Registers at Store 424 defaulted to an outdated pricing configuration structure due to an un-cleared memory cache in the store's primary localized server engine.Action Taken: Flushed the localized caching parameters on the Store 424 controller and restarted the POS checkout software processes to load fresh catalog datasets.Resolution Type: Local Server Cache CleardownPreventive Action: Incorporate an automated memory cache purge routine into standard nightly store system startup procedures.
ST642: Item scanning wrong price:642/ Meadowhall/ Ellie Beck/ Kimball Issue,Event Description: ST642: Item scanning wrong price:642/ Meadowhall/ Ellie Beck/ Kimball IssueRoot Cause Category: Retail Store Operations / Barcode IssueRoot Cause Subcategory: Kimball Ticket Multi-Buy Mapping ErrorDetailed Root Cause Analysis: The item scanned incorrectly because the printed Kimball price ticket encoded an outdated promotional multi-buy barcode sequence that had expired in the system framework.Action Taken: Applied a temporary manual override rule on the POS checkout screen layout for the affected batch and requested the store team to re-ticket the physical product lines.Resolution Type: POS Override and Re-ticketing OperationsPreventive Action: Implement automated validation steps that alert inventory management teams when printed ticket barcode details diverge from current database rules.
item not scanning: ASN,"Event Description: item not scanning: ASNRoot Cause Category: Supply Chain / Logistics InterfaceRoot Cause Subcategory: Advanced Shipping Notice (ASN) Interface DiscrepancyDetailed Root Cause Analysis: Shipments could not be processed at the receiving bay because the associated Advanced Shipping Notice (ASN) transaction stayed stuck in 'Transit' status due to an incomplete EDI data delivery block.Action Taken: Manually processed the incomplete EDI communication transmission blocks to force the ASN layout into 'Received' state, enabling barcode scanning access.Resolution Type: Data Pipeline Force ReleasePreventive Action: Configure a systemic pipeline monitoring alert to notify technical teams if an active ASN file remains un-synced for more than 4 hours past its ETA."
Exception raised for Backout queue PI387 and PI388 - ESB.STRATIFICATION.PI387 and PI388.BAK,"Event Description: Exception raised for Backout queue PI387 and PI388 - ESB.STRATIFICATION.PI387 and PI388.BAKRoot Cause Category: Middleware / Enterprise Service Bus (ESB)Root Cause Subcategory: Message Processing / Poison MessageDetailed Root Cause Analysis: The stratification processing engine failed to parse an inbound transaction message because of an invalid XML schema payload that contained special characters in the text fields, routing the records straight to the backout queue.Action Taken: Isolated the corrupted XML payload from the backout queue, sanitized the invalid character strings manually, and re-queued the message back into the main workflow stream.Resolution Type: Message Repair and Re-ingestionPreventive Action: Introduce automated input validation filters at the ESB ingestion layer to strip out or escape non-standard characters before schema serialization."
Exception raised for Backout queue PI387 and PI388 - ESB.STRATIFICATION.PI387 and PI388.BAK,"Event Description: Exception raised for Backout queue PI387 and PI388 - ESB.STRATIFICATION.PI387 and PI388.BAKRoot Cause Category: Database / ConnectivityRoot Cause Subcategory: Downstream Database TimeoutDetailed Root Cause Analysis: The stratification data batch triggered exceptions because an exclusive table lock on the downstream target repository caused the connection thread to time out, pushing active messages to the backup backout structure.Action Taken: Terminated the blocking locking session on the core database instance and re-queued the processing messages from the backout line to complete integration updates.Resolution Type: Database Unblocking and Re-queuingPreventive Action: Implement an automated exponential back-off and retry policy inside the ESB listener configuration to prevent immediate message rejection during lock intervals."
Exception raised for Backout queue PI387 and PI388 - ESB.STRATIFICATION.PI387 and PI388.BAK,"Event Description: Exception raised for Backout queue PI387 and PI388 - ESB.STRATIFICATION.PI387 and PI388.BAKRoot Cause Category: Master Data / IntegrationRoot Cause Subcategory: Missing Data Entity MappingDetailed Root Cause Analysis: Messages were moved to the backout queue because the integration layer could not map an upstream location attribute identifier to any active record value in the master stratification cross-reference grid.Action Taken: Synced with the master data support group to configure the missing location routing codes, then forced a message reprocessing step via the queue manager.Resolution Type: Master Data Configuration UpdatePreventive Action: Establish proactive data alignment jobs that update downstream mapping references ahead of newly onboarded enterprise location additions."
"Error at Env in AKS for interface AZ645,AZ681","Event Description: Error at Env in AKS for interface AZ645,AZ681Root Cause Category: Cloud Infrastructure / KubernetesRoot Cause Subcategory: Network Policy Access RestrictionDetailed Root Cause Analysis: Interfaces AZ645 and AZ681 failed in the Azure Kubernetes Service (AKS) environment because a recent automated firewall rule modification restricted cross-namespace pod communication.Action Taken: Adjusted the Kubernetes network policy configuration yaml to re-allow inbound secure traffic parameters between the designated namespaces and restarted the network proxy pods.Resolution Type: Infrastructure Network Configuration AdjustmentPreventive Action: Include interface connectivity scanning verification steps into standard infrastructure pipeline deployment parameters to trap namespace communication drops early."
"!! CRITICAL ALERT for [""AKS Container Memory""]!!","Event Description: !! CRITICAL ALERT for [""AKS Container Memory""]!!Root Cause Category: Application Infrastructure / ContainerizationRoot Cause Subcategory: JVM Memory Leak / Java Heap SaturationDetailed Root Cause Analysis: The targeted AKS container triggered a critical low memory threshold block because an unhandled system thread leak in the analytics module failed to release historical memory allocations under load conditions.Action Taken: Captured container stack dump analytics for the development review team, then forced a rolling restart of the pod orchestration framework to restore system health levels.Resolution Type: Pod Recycle ExecutionPreventive Action: Tune container configuration specifications to include explicit heap allocation constraints (-XX:+UseG1GC) to optimize runtime memory reclamation patterns."
"!! CRITICAL ALERT for [""AKS Container Memory""]!!","Event Description: !! CRITICAL ALERT for [""AKS Container Memory""]!!Root Cause Category: Application Infrastructure / ContainerizationRoot Cause Subcategory: Sidecar Resource Allocation Limit BreachedDetailed Root Cause Analysis: The container memory threshold went critical because the monitoring sidecar agent proxy used an elevated resource profile when managing a sudden burst of high-volume transaction traces.Action Taken: Modified the pod orchestration resource constraint definitions to increase memory limit thresholds from 2Gi to 4Gi to accommodate operational requirements.Resolution Type: Pod Specification Capacity UpgradePreventive Action: Implement proper rate-limiting parameters on logging and telemetry agents to manage metrics generation footprints during peak processing hours."
Exception raised for Backout queue PI387 and PI388 - ESB.STRATIFICATION.PI387 and PI388.BAK,Event Description: Exception raised for Backout queue PI387 and PI388 - ESB.STRATIFICATION.PI387 and PI388.BAKRoot Cause Category: Security / Access ManagementRoot Cause Subcategory: API Token Authentication ExpirationDetailed Root Cause Analysis: The stratification message workflow dropped files into the backout tracking path because the authentication token used to access the destination service endpoint expired prematurely mid-batch.Action Taken: Renewed the expired authentication credentials inside the orchestration vault space and forced execution tasks back out to active queues.Resolution Type: Access Level Restoration and RerunPreventive Action: Re-engineer the application integration connection logic to dynamically check token validity and self-refresh before initiating batch operations.
Exception raised for Backout queue PI388 -   ESB.STRATIFICATION.PI388SH.IQ.BAK,Event Description: Exception raised for Backout queue PI388 - ESB.STRATIFICATION.PI388SH.IQ.BAKRoot Cause Category: Data Quality / ConversionRoot Cause Subcategory: Field Numeric Overflow ExceptionDetailed Root Cause Analysis: The processing engine failed on queue PI388 because an upstream export transmitted a currency value that exceeded the maximum decimal precision limit defined in the database structure.Action Taken: Truncated the erroneous extra decimal digits directly within the staging log data field to match specifications and processed the updated line item safely.Resolution Type: Data Value CorrectionPreventive Action: Apply structural formatting parameter limits at source data capture applications to keep exported parameters within enterprise interface guidelines.
Exception raised for Backout queue 1007 -   ESB.RMS.INVADJ.IQ.BAK,Event Description: Exception raised for Backout queue 1007 - ESB.RMS.INVADJ.IQ.BAKRoot Cause Category: Enterprise Retail System (RMS) / InventoryRoot Cause Subcategory: Invalid Inventory Status AttributeDetailed Root Cause Analysis: The inventory adjustment queue message triggered a backout loop because the source document contained an outdated inventory disposition state value that was unsupported by the database logic.Action Taken: Modified the status flag code parameter within the raw queue XML data package to a valid current classification and re-ran the ingestion pipeline interface.Resolution Type: XML Structural CorrectionPreventive Action: Align the status enumeration tables across inventory collection networks to ensure consistent code handling rules.
Exception raised for MQFTE agent Unreachable - ESB_ARCH_LOCAL_AGENT2,"Event Description: Exception raised for MQFTE agent Unreachable - ESB_ARCH_LOCAL_AGENT2Root Cause Category: Middleware / IBM WebSphere MQRoot Cause Subcategory: File Transfer Agent Service FreezeDetailed Root Cause Analysis: The MQ File Transfer Edition (MQFTE) agent was reported unreachable because its hosting virtual server ran out of file storage space on the tracking logs volume, causing the daemon process to crash.Action Taken: Cleared outdated log files from the host machine directory, verified filesystem space availability, and initiated a manual cold start of the agent service.Resolution Type: Storage Remediation and Service StartPreventive Action: Establish regular cron utility sweeps to compress and rotate server diagnostic records to maintain volume availability bounds."
Exception raised for MQFTE agent Unreachable - ESB_ARCH_LOCAL_AGENT1,Event Description: Exception raised for MQFTE agent Unreachable - ESB_ARCH_LOCAL_AGENT1Root Cause Category: Middleware / IBM WebSphere MQRoot Cause Subcategory: Network Connectivity InterruptionDetailed Root Cause Analysis: Agent ESB_ARCH_LOCAL_AGENT1 dropped offline because a core routing configuration modification on the data center switch accidentally blocked port 1414 communication parameters.Action Taken: Rolled back the faulty routing configuration on the network switch profile and verified that the file transfer agent re-established connectivity to the coordination queue manager.Resolution Type: Network Route RestorationPreventive Action: Require network configuration changes targeting application data pathways to undergo validation testing within pre-production tracking lines.
Exception raised for oldest message age in queue -   ESB.ARCHIVE.TLOG.IQ,"Event Description: Exception raised for oldest message age in queue - ESB.ARCHIVE.TLOG.IQRoot Cause Category: Middleware / Queue PerformanceRoot Cause Subcategory: Message Processing Ingestion StoppageDetailed Root Cause Analysis: The queue message age exceeded threshold warning metrics because the archive reader daemon application hung silently without releasing its execution threads.Action Taken: Dispatched termination commands to clear the hung consumer processes, validated queue connection availability parameters, and restarted the archive worker instances.Resolution Type: Consumer Process ResetPreventive Action: Add an automated heartbeat monitoring alert loop to flag consumer processes that stop pulling data while queues remain populated."
"!! CRITICAL ALERT for [""API Management - High Failed Request""]!!","Event Description: !! CRITICAL ALERT for [""API Management - High Failed Request""]!!Root Cause Category: Integration / Gateway PlatformRoot Cause Subcategory: Upstream Backend Return Code 502Detailed Root Cause Analysis: The API Management (APIM) platform flagged a critical failure rate alert because a downstream pricing lookup microservice collapsed under an elevated request load, returning Bad Gateway errors.Action Taken: Configured temporary caching options on the APIM layer to reduce downstream dependency requests while the pricing backend cluster was auto-scaled to steady performance thresholds.Resolution Type: Temporary Gateway Mitigation / Scaling ExecutionPreventive Action: Implement circuit-breaker logic parameters within the APIM proxy setup to handle downstream application overloads gracefully without throwing critical system exceptions."
"!! HIGH ALERT for [""AKS Container Memory""]!!","Event Description: !! HIGH ALERT for [""AKS Container Memory""]!!Root Cause Category: Application Infrastructure / ContainerizationRoot Cause Subcategory: Memory Footprint Optimization GapDetailed Root Cause Analysis: A high alert was triggered because a node processing tool loaded an unexpectedly massive inventory audit data payload completely into its local memory space rather than streaming the entries incrementally.Action Taken: Temporarily raised the container allocation memory bounds via Kubernetes configurations to prevent an out-of-memory crash during the ongoing audit cycle.Resolution Type: Container Allocation Optimization AdjustmentPreventive Action: Refactor application data ingestion scripts to utilize low-footprint batch streaming mechanisms when managing bulk ledger items."
"!! CRITICAL ALERT for [""AKS Container Memory""]!!","Event Description: !! CRITICAL ALERT for [""AKS Container Memory""]!!Root Cause Category: Application Infrastructure / ContainerizationRoot Cause Subcategory: Memory Profile Scaling Threshold ExceededDetailed Root Cause Analysis: The AKS application environment triggered a critical alert when multiple concurrent user queries for historical reports overwhelmed the default pod memory space configuration constraints.Action Taken: Triggered a manual horizontal scaling action to distribute the user reporting workloads across three separate active pod container instances.Resolution Type: Infrastructure Scaling ModificationPreventive Action: Configure horizontal pod autoscaler parameters to dynamically scale container counts whenever baseline memory utilization values surpass 75%."
"!! CRITICAL ALERT for [""API Management - High Failed Request""]!!","Event Description: !! CRITICAL ALERT for [""API Management - High Failed Request""]!!Root Cause Category: Integration / Gateway PlatformRoot Cause Subcategory: Secure Socket Layer (SSL) Certificate ExpirationDetailed Root Cause Analysis: API Management failed all incoming transaction requests because the secure SSL communication certificate assigned to the edge gateway expired, breaking client handshake operations.Action Taken: Generated and deployed an updated production SSL security certificate string directly to the APIM configuration vault and validated API channel availability.Resolution Type: Certificate Renewal DeploymentPreventive Action: Link infrastructure tracking monitors to the corporate key vault system to auto-generate warning alerts 30 days before certificate expiration windows."
Exception raised for MQFTE agent Unreachable - ESB_ARCH_LOCAL_AGENT1,"Event Description: Exception raised for MQFTE agent Unreachable - ESB_ARCH_LOCAL_AGENT1Root Cause Category: Middleware / IBM WebSphere MQRoot Cause Subcategory: Server Host Patching Restart InterruptionDetailed Root Cause Analysis: The local file transfer agent reported an unreachable state because the host OS completed an automated security patch reboot sequence, but the agent process failed to launch automatically during startup.Action Taken: Logged into the local host system environment, verified application configuration integrity parameters, and manually initialized the agent script daemon.Resolution Type: Process Initialization MaintenancePreventive Action: Configure the MQFTE agent background services to utilize systemd automation scripts to ensure clean startups following system reboots."
"!! CRITICAL ALERT for [""AKS Container Memory""]!!","Event Description: !! CRITICAL ALERT for [""AKS Container Memory""]!!Root Cause Category: Application Infrastructure / ContainerizationRoot Cause Subcategory: Thread Collection Leak / Orphaned ContextsDetailed Root Cause Analysis: The container memory reached critical thresholds because an unhandled runtime exception kept thread contexts open indefinitely within the application background layer, consuming memory.Action Taken: Cleared out the degraded container pods via rolling replacement commands to restore the baseline environmental resource footprint metrics.Resolution Type: Rolling Pod ReplacementPreventive Action: Implement clean code block patterns inside application source libraries (finally structures) to guarantee thread termination during error routines."
"!! CRITICAL ALERT for [""AKS Container Memory""]!!","Event Description: !! CRITICAL ALERT for [""AKS Container Memory""]!!Root Cause Category: Application Infrastructure / ContainerizationRoot Cause Subcategory: Cache Block Segmentation OverrunDetailed Root Cause Analysis: The AKS container hit critical resource ceilings because an application cache module failed to enforce configured item eviction parameters, allowing data to accumulate in local memory.Action Taken: Issued a remote application configuration command to flush the system internal data cache buffers and confirmed memory levels dropped to safe metrics.Resolution Type: Remote System Cache PurgingPreventive Action: Configure hard time-to-live (TTL) limits on cached parameters to ensure memory spaces are reclaimed regardless of internal eviction rule processing status."
SSH connection Failed -  MQFTE_ESB_PI292_AOM_MPGW,Event Description: SSH connection Failed - MQFTE_ESB_PI292_AOM_MPGWRoot Cause Category: Security / Network ConnectivityRoot Cause Subcategory: Public Key Host Verification FailureDetailed Root Cause Analysis: The file transfer interface failed its SSH connection because the downstream target server rotated its host SSH key values without updating the matching parameters on the connection gateway.Action Taken: Cleared the outdated host key information lines from the connection gateway's known hosts tracking file and registered the new secure server key pattern.Resolution Type: Security Tracking Profile RealignmentPreventive Action: Integrate server maintenance communication protocols to align target infrastructure security modifications with middleware gateway administration teams.
SSH connection Failed -  MQFTE_ESB_PI249_AOM_MPGW,"Event Description: SSH connection Failed - MQFTE_ESB_PI249_AOM_MPGWRoot Cause Category: Security / Network ConnectivityRoot Cause Subcategory: SSH Key Authentication FailureDetailed Root Cause Analysis: The secure file transfer interface failed to establish an SSH connection because the target multi-protocol gateway (MPGW) system had updated its public key policies, causing an encryption algorithm mismatch with the local MQFTE client host.Action Taken: Updated the local host configuration parameters to support the upgraded cryptographic algorithms and re-established the secure SSH connection tunnel.Resolution Type: Security Profile RealignmentPreventive Action: Ensure infrastructure patching logs flag mandatory cryptographic changes to integration teams prior to rolling updates."
Exception raised for Skipped Transfer - MFT_Belgrade_PI367_StockReport,"Event Description: Exception raised for Skipped Transfer - MFT_Belgrade_PI367_StockReportRoot Cause Category: Middleware / File TransferRoot Cause Subcategory: Conditional Logic Skip RuleDetailed Root Cause Analysis: The Managed File Transfer (MFT) automation engine skipped the StockReport payload transmission because the source directory lacked a mandatory timestamped data file, triggering an intentional built-in skip rule exception to prevent zero-byte transfers.Action Taken: Notified the Belgrade upstream inventory application group to regenerate the missed stock report, verified file arrival, and manually forced the transfer execution loop.Resolution Type: Upstream Data Correction and RerunPreventive Action: Add an active alerting module to notify the upstream source owner immediately if an expected file generation window is missed."
Exception raised for MQFTE agent Unreachable - NAAS_006_CLIENT_AGENT,"Event Description: Exception raised for MQFTE agent Unreachable - NAAS_006_CLIENT_AGENTRoot Cause Category: Middleware / IBM WebSphere MQRoot Cause Subcategory: Agent Service CrashDetailed Root Cause Analysis: The NAAS_006_CLIENT_AGENT process went offline because a brief network routing flap broke the active connection loop to the coordination queue manager, causing the localized agent daemon to enter a stalled exception state.Action Taken: Logged into the remote client host machine and executed an administrative command restart of the local MQFTE agent system daemon.Resolution Type: Service Initialization RestartPreventive Action: Set up an automated local keep-alive watcher script to auto-restart the agent service if it drops out of an active running status."
Exception raised for MQFTE agent Unreachable - RSDL_002_CLIENT_AGENT,Event Description: Exception raised for MQFTE agent Unreachable - RSDL_002_CLIENT_AGENTRoot Cause Category: Infrastructure / OSRoot Cause Subcategory: Local Disk Space ExhaustionDetailed Root Cause Analysis: The agent service stopped responding because the local disk subsystem partition hosting the client agent workspace ran completely out of storage space due to unchecked log file accumulation.Action Taken: Purged legacy trace and backup execution history files from the agent workspace path and executed a clean start of the RSDL_002_CLIENT_AGENT application.Resolution Type: Storage Remediation and Service StartPreventive Action: Implement proper log-rotation routines (logrotate) on all remote file transfer agent server paths to control space consumption.
Exception raised for MQFTE agent Unreachable - TORIJ_009_CLIENT_AGENT,"Event Description: Exception raised for MQFTE agent Unreachable - TORIJ_009_CLIENT_AGENTRoot Cause Category: Security / Access ManagementRoot Cause Subcategory: Service Account Account LockoutDetailed Root Cause Analysis: The file transfer service agent went offline because its domain service account was locked out after successive automated security sweeps used expired authentication credentials.Action Taken: Cooperated with Active Directory administrators to unlock the service profile, synchronized the updated password strings across the vault, and restarted the agent client.Resolution Type: Access Level RestorationPreventive Action: Transition long-lived local agent authentication profiles to secure, dynamic token-based certificate validations where possible."
Exception raised for MQFTE agent Unreachable - TRAPS_011_CLIENT_AGENT,Event Description: Exception raised for MQFTE agent Unreachable - TRAPS_011_CLIENT_AGENTRoot Cause Category: Network ConnectivityRoot Cause Subcategory: Inbound Port Rule BlockingDetailed Root Cause Analysis: The coordination manager lost communication visibility with TRAPS_011_CLIENT_AGENT due to an uncoordinated firewall ruleset modification that blocked inbound transmission control protocol (TCP) traffic on port 1414.Action Taken: Rolled back the faulty firewall security rule change to reopen communications on the dedicated application channel and verified agent status recovery.Resolution Type: Firewall Route AdjustmentPreventive Action: Map explicit integration communication dependencies within the central network infrastructure management portal to prevent accidental port blocks.
Exception raised for MQFTE agent Unreachable - WMS_NAAS_ORA_CLIENT_AGENT,"Event Description: Exception raised for MQFTE agent Unreachable - WMS_NAAS_ORA_CLIENT_AGENTRoot Cause Category: Database IntegrationRoot Cause Subcategory: DB Connection Resource ExhaustionDetailed Root Cause Analysis: This specific database-linked agent dropped connection parameters because the underlying Warehouse Management System (WMS) Oracle database instance rejected incoming queries due to reaching max user connection limits.Action Taken: Cleared orphaned and idle user connections on the target Oracle DB node, restoring active connection capabilities to the integrated file transfer agent tool.Resolution Type: Database Pool OptimizationPreventive Action: Configure a dedicated connection allocation block within Oracle for core automation services to shield integration channels from ad-hoc user query activity."
Exception raised for MQFTE agent Unreachable - WMS_RSDL_ORA_CLIENT_AGENT,"Event Description: Exception raised for MQFTE agent Unreachable - WMS_RSDL_ORA_CLIENT_AGENTRoot Cause Category: System Upgrades / MaintenanceRoot Cause Subcategory: Missing Post-Reboot Service DependencyDetailed Root Cause Analysis: Following an automated corporate server operating system patching window, the host computer restarted successfully but failed to re-initialize the agent because it was missing a dependency order link to the Oracle network listener engine.Action Taken: Manually started the network listener service before executing the agent startup scripts, bringing the synchronization file stream back to online parameters.Resolution Type: Initialization Sequence AdjustmentPreventive Action: Update system startup definitions (systemd files) to guarantee the agent engine delays initiation until dependent network databases are active."
Exception raised for MQFTE agent Unreachable - WMS_ISLIP_ORA_CLIENT_AGENT,"Event Description: Exception raised for MQFTE agent Unreachable - WMS_ISLIP_ORA_CLIENT_AGENTRoot Cause Category: Middleware / IBM WebSphere MQRoot Cause Subcategory: Memory Allocation Error / JVM CrashDetailed Root Cause Analysis: The WMS_ISLIP_ORA_CLIENT_AGENT suffered a fatal termination because it encountered an out-of-memory crash when attempting to process an exceptionally large database extraction query single-handedly.Action Taken: Cleared the crashed JVM cache blocks, bumped up the maximum heap allocation size parameters within the agent's initialization configuration file, and restarted the daemon.Resolution Type: JVM Heap Expansion TuningPreventive Action: Introduce file segmentation properties inside the query parameters to split large data warehouse transfers into multiple compact record chunks."
Exception raised for MQFTE agent Unreachable - ISLIP_018_CLIENT_AGENT,"Event Description: Exception raised for MQFTE agent Unreachable - ISLIP_018_CLIENT_AGENTRoot Cause Category: Network ConnectivityRoot Cause Subcategory: Domain Name System (DNS) Resolution LossDetailed Root Cause Analysis: The tracking system flagged an unreachable condition because a localized DNS controller synchronization error left the regional file transfer host server unable to resolve the primary queue manager FQDN address.Action Taken: Added a temporary explicit IP mapping string directly to the host's local /etc/hosts resolution layout until standard network DNS caching loops completed updates.Resolution Type: DNS Bypass WorkaroundPreventive Action: Implement secondary, fallback IP routing addresses within global file transfer client connection profile parameters."
"!! CRITICAL ALERT for [""AKS Container Status""]!!","Event Description: !! CRITICAL ALERT for [""AKS Container Status""]!!Root Cause Category: Cloud Infrastructure / KubernetesRoot Cause Subcategory: Container OOMKilled Termination FaultDetailed Root Cause Analysis: A core application pod in the Azure Kubernetes Service (AKS) cluster entered an error crash loop because its primary execution process exceeded configured memory resource limits, triggering a kernel OOMKilled termination event.Action Taken: Modified the application deployment configuration template to increase the container's memory threshold allocations from 1Gi to 2Gi and triggered a rolling update.Resolution Type: Kubernetes Resource ScalingPreventive Action: Set up regular container performance profile inspections to align microservice resource specifications with true production traffic patterns."
warning Alert – metrics-server container memory usage exceeded 80.0% in aks-bnm-cis-pr-ne-001 cluster,Event Description: warning Alert – metrics-server container memory usage exceeded 80.0% in aks-bnm-cis-pr-ne-001 clusterRoot Cause Category: Cloud Infrastructure / Kubernetes MonitoringRoot Cause Subcategory: Monitoring Component Memory SaturationDetailed Root Cause Analysis: The metrics-server pod resource consumption surpassed the 80% warning boundary due to a sudden increase in auto-scaling microservice pod counts within the aks-bnm cluster framework.Action Taken: Scaled up the memory request limits allocated to the metrics-server deployment configuration to accommodate the elevated object tracking requirements.Resolution Type: Infrastructure Tuning UpdatePreventive Action: Enable Kubernetes Vertical Pod Autoscaler (VPA) configurations specifically for core monitoring applications to self-adjust resource needs dynamically.
critical Alert – metrics-server container memory usage exceeded 90.0% in aks-cmn-cis-pr-ne-001 cluster,"Event Description: critical Alert – metrics-server container memory usage exceeded 90.0% in aks-cmn-cis-pr-ne-001 clusterRoot Cause Category: Cloud Infrastructure / Kubernetes MonitoringRoot Cause Subcategory: Metrics Scraper Memory OverrunDetailed Root Cause Analysis: High cluster node densities in the aks-cmn platform caused the metrics-server deployment to hit 90% memory utilization while parsing massive amounts of structural cluster behavior information logs.Action Taken: Applied an updated configuration set to the monitoring service deployment, expanding memory limits from 500Mi to 1Gi to clear out critical warning flags.Resolution Type: Allocation Profile UpgradePreventive Action: Optimize monitoring metric collection setups by lengthening collection polling frequency configurations from 15 seconds to 30 seconds to minimize constant processing stress."
warning Alert – metrics-server container memory usage exceeded 80.0% in aks-rtl-cis-pr-ne-001 cluster,Event Description: warning Alert – metrics-server container memory usage exceeded 80.0% in aks-rtl-cis-pr-ne-001 clusterRoot Cause Category: Cloud Infrastructure / Kubernetes MonitoringRoot Cause Subcategory: Stale Core Cache AccumulationDetailed Root Cause Analysis: The metrics-server within the aks-rtl cluster encountered high memory usage metrics because it accumulated stale monitoring context entries following a series of extensive deployment testing operations.Action Taken: Performed a swift administrative delete command against the running monitoring pod to trigger a clean container recreation sequence and flush internal memory caches.Resolution Type: Container Purge and RefreshPreventive Action: Schedule routine maintenance intervals to clear out leftover cluster testing namespaces and orphaned application objects automatically.
Exception raised for Backout queue PI388 -   ESB.STRATIFICATION.PI388SH.IQ.BAK,"Event Description: Exception raised for Backout queue PI388 - ESB.STRATIFICATION.PI388SH.IQ.BAKRoot Cause Category: Middleware / Enterprise Service Bus (ESB)Root Cause Subcategory: Data Conversion Typology MismatchDetailed Root Cause Analysis: Inbound data records bypassed normal processing pathways because an upstream system sent an alphanumeric text code within a dedicated numeric-only store ID field variable structure.Action Taken: Manually intercepted the problem records inside the staging area, converted the alpha string elements into standard numeric syntax parameters, and re-submitted the entries.Resolution Type: Payload Transformation AdjustmentPreventive Action: Implement strict schema validation checking on the interface endpoints to filter out malformed field layouts prior to queue routing steps."
Exception raised for Backout queue PI387 and PI388 - ESB.STRATIFICATION.PI387 and PI388.BAK,Event Description: Exception raised for Backout queue PI387 and PI388 - ESB.STRATIFICATION.PI387 and PI388.BAKRoot Cause Category: Database IntegrationRoot Cause Subcategory: Database Row Contention DeadlockDetailed Root Cause Analysis: Messages for both stratification streams backed up because a concurrent inventory reconciliation batch held exclusive row-level table locks on the core destination analytics schema.Action Taken: Interrupted the lower-priority inventory reporting script loop to clear out table locks and re-queued the active backout messages to finish the pipeline task.Resolution Type: Transaction Lock Release and RerunPreventive Action: Introduce explicit conditional logic parameters within the orchestration scheduler console to prevent conflicting batch routines from executing simultaneously.
Exception raised for Backout queue 1025B - ESB.RESA.SALESRETURNS.IQ.BAK1,"Event Description: Exception raised for Backout queue 1025B - ESB.RESA.SALESRETURNS.IQ.BAK1Root Cause Category: Data Quality / Retail Sales AuditRoot Cause Subcategory: Duplicate Transaction ID IngestionDetailed Root Cause Analysis: The sales and returns processing loop rejected an incoming transaction message payload because it matched an existing, previously finalized transaction ID string, triggering unique primary key index constraints.Action Taken: Traced the record entry details using data diagnostic utilities, isolated the duplicate log entry, and safely removed it from the active integration queue line.Resolution Type: Redundant Record PurgingPreventive Action: Adjust backend stored ingestion procedure parameters to employ MERGE behavior operations rather than simple record insertion scripts."
Exception raised for Backout queue PI388 -   ESB.STRATIFICATION.PI388SH.IQ.BAK,"Event Description: Exception raised for Backout queue PI388 - ESB.STRATIFICATION.PI388SH.IQ.BAKRoot Cause Category: Master Data / PricingRoot Cause Subcategory: Missing Product Catalog AssociationDetailed Root Cause Analysis: The stratification engine dropped messages into the backout partition because the target transaction payload referenced a promotional product item classification code that had not yet been deployed to the core database.Action Taken: Manual configurations were executed to add the missing product classification metadata back into the master lookup layout tables, then the processing queue was re-run.Resolution Type: Reference Data Population UpdatePreventive Action: Configure the product onboarding application framework to programmatically verify metadata delivery status across downstream interfaces before authorizing product launches."
Error at Env in AKS for interface AZ645,Event Description: Error at Env in AKS for interface AZ645Root Cause Category: Cloud Application / MicroservicesRoot Cause Subcategory: ConfigMap Attribute Mismatch ErrorDetailed Root Cause Analysis: The interface AZ645 worker application threw functional runtime exceptions inside the Kubernetes cluster environment because it was deployed with an incorrect service address pointer mapped inside the local namespace ConfigMap profile.Action Taken: Corrected the endpoint URL parameter attributes directly within the Kubernetes ConfigMap tracking files and performed a graceful restart of the interface worker pod.Resolution Type: Configuration Parameter UpdatePreventive Action: Utilize parameterized deployment automation tracking pipelines to automatically validate target environment endpoints during system deployments.
"Error at Env in AKS for interface AZ645,AZ681","Event Description: Error at Env in AKS for interface AZ645,AZ681Root Cause Category: Cloud Infrastructure / Kubernetes RoutingRoot Cause Subcategory: Ingress Controller Timeout FailureDetailed Root Cause Analysis: Interfaces AZ645 and AZ681 simultaneously collapsed under heavy end-of-month transactional traffic loads because the shared cluster Ingress controller hit its default 60-second gateway communication response limit.Action Taken: Applied updated annotations directly to the active Kubernetes Ingress resource profiles, expanding the response connection timeout configuration up to 180 seconds.Resolution Type: Gateway Interface Optimization TuningPreventive Action: Separate high-frequency background API interfaces from general traffic structures by routing them through independent, dedicated cluster Ingress gateway environments."
"Error at Env in AKS for interface AZ650,AZ651","Event Description: Error at Env in AKS for interface AZ650,AZ651Root Cause Category: Cloud Infrastructure / Kubernetes NetworkingRoot Cause Subcategory: CoreDNS Name Resolution FailureDetailed Root Cause Analysis: CoreDNS instances within the Azure Kubernetes Service (AKS) cluster failed to resolve internal service mesh routing addresses for interfaces AZ650 and AZ651 due to localized DNS query loop limits being breached under high concurrent loads.Action Taken: Cleared cached system parameters, performed a rolling restart of the CoreDNS deployment instances to reset cluster resolution channels, and verified connectivity.Resolution Type: Monitoring CoreDNS RecyclePreventive Action: Configure CoreDNS Horizontal Pod Autoscaler parameters to dynamically scale network core pods whenever request volumes cross 70% processing usage thresholds."
Error at Env in AKS for interface AZ645,"Event Description: Error at Env in AKS for interface AZ645Root Cause Category: Application Integration / SecurityRoot Cause Subcategory: ConfigMap Credential ExpirationDetailed Root Cause Analysis: Interface AZ645 threw a initialization error within the environment because the external API access token mapped within the namespace ConfigMap object reached its expiration date boundary.Action Taken: Generated a fresh security token via the administrative platform portal, updated the active target cluster secrets, and restarted the deployment container pods.Resolution Type: Credential Update and Deployment ResetPreventive Action: Migrate manual secret generation tasks over to automated Azure Key Vault synchronization workflows featuring automated token rotation loops."
"Error at Env in AKS for interface AZ645,AZ681","Event Description: Error at Env in AKS for interface AZ645,AZ681Root Cause Category: Cloud Infrastructure / Ingress ControlRoot Cause Subcategory: Gateway Proxy Read Timeout FailureDetailed Root Cause Analysis: Both interfaces AZ645 and AZ681 failed simultaneously during an end-of-month accounting run because large incoming payloads caused processing times to exceed the NGINX Ingress controller's default 60-second limit.Action Taken: Appended an emergency annotation definition rule (nginx.ingress.kubernetes.io/proxy-read-timeout: ""150"") directly to the target Ingress profile to lengthen operational boundaries.Resolution Type: Ingress Annotation Tuning AdjustmentPreventive Action: Allocate high-volume analytical integration data paths to independent, dedicated cluster Ingress controller classes separate from real-time customer APIs."
critical Alert – ms-col-sb-common-publisher-ms container status exceeded 0.0 in aks-cmn-cis-pr-ne-001 cluster,"Event Description: critical Alert – ms-col-sb-common-publisher-ms container status exceeded 0.0 in aks-cmn-cis-pr-ne-001 clusterRoot Cause Category: Containerization / MicroservicesRoot Cause Subcategory: CrashLoopBackOff Application FailureDetailed Root Cause Analysis: The microservice container repeatedly crashed (status value exceeded standard healthy 0 index boundaries) after a code regression in a recent deployment introduced an unhandled NullPointerException within the messaging loop component.Action Taken: Initialized a system rollback sequence to restore the stable container image version (v2.4.1) within the aks-cmn orchestration profile, resolving active errors.Resolution Type: Image Deployment RollbackPreventive Action: Enforce code check parameters within the automated CI/CD pipeline framework to catch null attribute exceptions during development unit evaluation stages."
"!! CRITICAL ALERT for [""API Management - High Failed Request""]!!","Event Description: !! CRITICAL ALERT for [""API Management - High Failed Request""]!!Root Cause Category: API Gateway Integration PlatformRoot Cause Subcategory: Upstream Service Downstream Interruption (HTTP 504)Detailed Root Cause Analysis: The Azure API Management (APIM) platform triggered a critical failure alert because a vendor-hosted inventory query system went offline, causing inbound client connections to fail with HTTP 504 Gateway Timeout codes.Action Taken: Configured an alternative backup routing endpoint policy block inside the APIM core framework to gracefully guide user traffic to cached catalog data files.Resolution Type: Gateway Traffic Redirection PolicyPreventive Action: Implement automated circuit-breaker logic options inside the APIM configuration layout to isolate lagging external vendor platforms automatically before alerts trigger."
"!! CRITICAL ALERT for [""API Management - High API Failure Ratio""]!!","Event Description: !! CRITICAL ALERT for [""API Management - High API Failure Ratio""]!!Root Cause Category: API Gateway Integration PlatformRoot Cause Subcategory: Client Access Authentication Token SprayDetailed Root Cause Analysis: The global API failure ratio surpassed system warning boundaries because a legacy mobile retail client app went into an infinite loop, sending unauthenticated API calls with invalid subscription credentials.Action Taken: Identified the specific source IP range, applied a temporary access blockage policy at the firewall line, and instructed user teams to push out mobile app client updates.Resolution Type: Inbound Firewall Traffic BlockagePreventive Action: Deploy dynamic rate-limiting properties inside APIM configurations to automatically throttle client IDs that produce persistent HTTP 401/403 status returns."
Exception raised for Backout queue PI555 -   ESB.USER.PI555.BAK,"Event Description: Exception raised for Backout queue PI555 - ESB.USER.PI555.BAKRoot Cause Category: Middleware Enterprise Service Bus (ESB)Root Cause Subcategory: Processing Data Format Schema MismatchDetailed Root Cause Analysis: System files backed up into queue PI555.BAK because an inbound user update transaction contained an unescaped ampersand layout string inside a username field, breaking structural XML schema parsing rules.Action Taken: Traced the problem transaction line item inside the backout storage workspace, manually sanitized the problem character formatting elements, and re-queued the transaction payload.Resolution Type: Data Element Modification and Re-ingestionPreventive Action: Set up active string sanitation logic steps on frontend data collection applications to strip or convert non-standard character codes at entry lines."
Exception raised for Backout queue 1588 -   ESB.USER.1588.BAK,Event Description: Exception raised for Backout queue 1588 - ESB.USER.1588.BAKRoot Cause Category: Middleware Enterprise Service Bus (ESB)Root Cause Subcategory: Database Key Constraint Violation ExceptionDetailed Root Cause Analysis: Message consumer engines rejected transaction payloads because the incoming dataset attempted to register a primary user key code value that was already recorded in the backend system lookup tables.Action Taken: Purged the duplicated message data package from the active backout container space to allow standard queue processing steps to resume without hitting bottlenecks.Resolution Type: Redundant Record Removal TaskPreventive Action: Refactor the integration consumer stored processing syntax rules to utilize MERGE parameters instead of direct row insertion statements.
Error at Env in AKS for interface AZ645,"Event Description: Error at Env in AKS for interface AZ645Root Cause Category: Cloud Infrastructure / Compute AllocationRoot Cause Subcategory: Worker Node CPU Throttling InterruptionDetailed Root Cause Analysis: The container worker pod processing the AZ645 interface stalled out because concurrent analytical tasks running on the same host machine consumed available node resources, triggering extensive CPU throttling constraints.Action Taken: Drained the overloaded worker node using Kubernetes system tools to force pod migration tasks to alternate, under-utilized cluster nodes.Resolution Type: Workload Rescheduling ExecutionPreventive Action: Define explicit resource request parameters and limit specifications inside the deployment definition sheets to maintain processing balances."
"!! CRITICAL ALERT for [""AKS Container Memory""]!!","Event Description: !! CRITICAL ALERT for [""AKS Container Memory""]!!Root Cause Category: Cloud Infrastructure / Container OptimizationRoot Cause Subcategory: Java Virtual Memory Allocation Ceiling ReachedDetailed Root Cause Analysis: A core reporting microservice instance breached its assigned 4Gi cluster memory ceiling limit because it attempted to buffer an exceptionally massive data export array entirely into localized heap memory modules.Action Taken: Modified deployment configuration definitions to expand container memory constraints to 6Gi and executed a rolling container instance restart sequence.Resolution Type: Infrastructure Horizontal Scaling UpPreventive Action: Update application processing scripts to process and stream big operational datasets iteratively using batch chunking frameworks rather than buffering full sets."
"!! CRITICAL ALERT for [""AKS Container Status""]!!","Event Description: !! CRITICAL ALERT for [""AKS Container Status""]!!Root Cause Category: Cloud Infrastructure / Container OptimizationRoot Cause Subcategory: Continuous Liveness Probe Timeout FaultDetailed Root Cause Analysis: A transactional routing pod entered an unhealthy status state because its primary execution loop became entirely non-responsive to network liveness health check queries due to database pool starvation locks.Action Taken: Cleared down stuck backend database transaction connections to restore resource availability metrics, triggering automatic Kubernetes container status recovery loops.Resolution Type: Target Dependency Stabilization and ResetPreventive Action: Increase the default timeout and initial delay parameters assigned to container liveness probes to prevent false container status drops during heavy system activities."
"!! CRITICAL ALERT for [""AKS Container Memory""]!!","Event Description: !! CRITICAL ALERT for [""AKS Container Memory""]!!Root Cause Category: Cloud Infrastructure / Container OptimizationRoot Cause Subcategory: Persistent Background Process Memory LeakDetailed Root Cause Analysis: The container instance memory footprint grew consistently over a 21-day runtime period because a telemetry tracking sidecar failed to close outdated connection objects after metric reporting routines.Action Taken: Executed an explicit deployment restart command string to replace the degraded pod instances with fresh containers to clear out the memory leaks.Resolution Type: Pod Instance Recycle InterventionPreventive Action: Upgrade the vendor telemetry sidecar framework version to a modern build containing active bug corrections for long-term tracking components."
"Error at Env in AKS for interface AZ645,AZ681","Event Description: Error at Env in AKS for interface AZ645,AZ681Root Cause Category: Cloud Infrastructure / Service MeshRoot Cause Subcategory: Mutual TLS Certificate Out-of-Sync FaultDetailed Root Cause Analysis: Interfaces AZ645 and AZ681 lost inter-namespace communication capabilities because an out-of-sync certificate profile inside the service mesh proxy framework failed mutual TLS validation tasks.Action Taken: Re-synchronized security credentials across the mesh infrastructure by triggering target pod proxy profile refreshes using command utility inputs.Resolution Type: Service Mesh Proxy Profile SyncPreventive Action: Integrate automated verification routines within validation checks to ensure service mesh certificate profiles update cleanly across active cluster node frameworks."
Exception raised for Backout queue PI388 -   ESB.STRATIFICATION.PI388SH.IQ.BAK,"Event Description: Exception raised for Backout queue PI388 - ESB.STRATIFICATION.PI388SH.IQ.BAKRoot Cause Category: Data Quality / Business Rule InvalidationRoot Cause Subcategory: Missing Critical Mandatory Attribute SegmentDetailed Root Cause Analysis: Stratification transaction items dropped offline into the backout storage line because incoming files left the mandatory 'Channel_Type' code segment empty, violating business layer expectations.Action Taken: Inserted the appropriate channel code information lines manually directly into the staging table record and pushed the messages back to active lines.Resolution Type: Transaction File Correction and Re-pushPreventive Action: Configure interface parsing fields to enforce input-level validation barriers that drop or isolate missing attributes before they reach the main queues."
"!! CRITICAL ALERT for [""AKS Container Status""]!!","Event Description: !! CRITICAL ALERT for [""AKS Container Status""]!!Root Cause Category: Cloud Infrastructure / Platform RegistryRoot Cause Subcategory: ImagePullBackOff Container Authentication LossDetailed Root Cause Analysis: System pods dropped into an unhealthy state during an auto-scale event because an outdated container registry credential secret token left nodes unable to retrieve required system images.Action Taken: Updated the container image pulling secret tokens across the Kubernetes namespace profiles and forced a clean rollout update execution loop.Resolution Type: Cluster Access Control Secret UpdatePreventive Action: Migrate platform infrastructure configurations over to native Azure Managed Identities to eliminate the dependency on static token strings for container pull operations."
"!! HIGH ALERT for [""API Management - High Failed Request""]!","Event Description: !! HIGH ALERT for [""API Management - High Failed Request""]!Root Cause Category: API Gateway Integration PlatformRoot Cause Subcategory: Downstream Endpoint Public SSL Certificate Rotation FailureDetailed Root Cause Analysis: The APIM gateway generated high error counts because an external banking platform rotated its public security socket layer (SSL) certificate keys without updating configuration maps.Action Taken: Downloaded the updated public security key directly from the partner platform environment and uploaded the file data into the APIM trusted certificate repository.Resolution Type: Security Trust Store Profile RealignmentPreventive Action: Connect external partner communication lines to proactive monitoring scripts that flag target certificate updates 14 days before change dates."
"!! HIGH ALERT for [""API Management - High Failed Request""]!!","Event Description: !! HIGH ALERT for [""API Management - High Failed Request""]!!Root Cause Category: API Gateway Integration PlatformRoot Cause Subcategory: General Traffic Rate Limits Exceeded (HTTP 429)Detailed Root Cause Analysis: API gateway failure logs peaked because an unexpected marketing campaign promotion drove huge volumes of customer traffic to lookup APIs, exceeding the default rate-limiting parameters.Action Taken: Dynamically modified rate-limiting configurations in the active APIM policy layout sheet to permit elevated call volumes during promotional hours.Resolution Type: Runtime Policy Parameter AdjustmentPreventive Action: Implement adaptive, tiered rate-limiting parameters that expand execution limits automatically based on system CPU and memory health states."
"Error at Env in AKS for interface AZ650,AZ651","Event Description: Error at Env in AKS for interface AZ650,AZ651Root Cause Category: Cloud Infrastructure / Storage ManagementRoot Cause Subcategory: Persistent Volume Multi-Attach Deadlock ExceptionDetailed Root Cause Analysis: The interface script execution failed because an azure-disk persistent volume remained locked by an inactive, dead pod instance, stopping replacement pods from mounting the volume files.Action Taken: Forced a manual disconnection of the locked persistent volume mount using Azure CLI tools, enabling the interface pods to start up normally.Resolution Type: Infrastructure Disk Volume Detachment and RemountPreventive Action: Transition shared application interface data storage lines over to ReadWriteMany Azure Files storage modes to completely avoid volume locking situations."
Exception raised for Backout queue 1150 -   ESB.USER.1150.BAK,"Event Description: Exception raised for Backout queue 1150 - ESB.USER.1150.BAKRoot Cause Category: Middleware Enterprise Service Bus (ESB)Root Cause Subcategory: Inbound Payload Text Character Encoding DiscrepancyDetailed Root Cause Analysis: Inbound data packets were diverted to queue 1150.BAK because characters inside the payload file utilized Latin-1 structural encoding rules, crashing parser layers expecting UTF-8 layouts.Action Taken: Extracted the raw text strings, utilized decoding utilities to convert formatting structures into compliant UTF-8 layouts, and manually re-sent the messages.Resolution Type: Payload Character Normalization RunPreventive Action: Enforce explicit header parameters within interface integration configuration documents requiring all clients to supply data strings strictly using UTF-8 structures."
"!! CRITICAL ALERT for [""API Management - High Failed Request""]!!","Event Description: !! CRITICAL ALERT for [""API Management - High Failed Request""]!!Root Cause Category: API Gateway Integration PlatformRoot Cause Subcategory: Incorrect Load Balancer Routing Map Configuration (HTTP 502)Detailed Root Cause Analysis: APIM threw constant Bad Gateway errors because a network configuration routing update accidentally mapped traffic parameters to an inactive, decommissioned internal application load balancer slot.Action Taken: Corrected the backend pool routing configuration rules inside the APIM configuration layout to map connections to the active production backend slots.Resolution Type: Configuration Parameter Update and RealignmentPreventive Action: Require all structural infrastructure network path variations to undergo automated validation checks before syncing updates into production environments."
"!! HIGH ALERT for [""AKS Container Memory""]!!","Event Description: !! HIGH ALERT for [""AKS Container Memory""]!!Root Cause Category: Cloud Infrastructure / Container OptimizationRoot Cause Subcategory: Temporary Traffic Spike / Cache AccumulationDetailed Root Cause Analysis: The AKS container memory utilization crossed the 80% high alert threshold due to a transient surge in inbound microservice telemetry payload traffic caching locally before data persistence processes could clear it.Action Taken: Executed a manual restart of the deployment pod to flush the local runtime memory allocation and monitored system metrics back to a stable baseline.Resolution Type: Pod Refresh ExecutionPreventive Action: Adjust the container memory limit profiles slightly higher to better accommodate peak commercial marketing campaign traffic deviations."
"!! HIGH ALERT for [""API Management - High Failed Request""]!!","Event Description: !! HIGH ALERT for [""API Management - High Failed Request""]!!Root Cause Category: API Gateway PlatformRoot Cause Subcategory: Upstream Microservice Latency TimeoutDetailed Root Cause Analysis: The APIM layer registered elevated failures because a downstream customer validation microservice failed to respond within the default 30-second system timeout period under a massive concurrent user connection load.Action Taken: Temporarily bypassed the specific optional validation check using a gateway policy rewrite rule while the underlying backend service cluster was auto-scaled to steady performance limits.Resolution Type: Gateway Policy ModificationPreventive Action: Set up asynchronous queue processing patterns for non-critical validation requests instead of blocking synchronous HTTP call paths."
"!! CRITICAL ALERT for [""AKS Container Memory""]!!","Event Description: !! CRITICAL ALERT for [""AKS Container Memory""]!!Root Cause Category: Application InfrastructureRoot Cause Subcategory: Garbage Collection (GC) Stalled Memory LeakDetailed Root Cause Analysis: A core financial aggregation pod breached the critical 95% memory threshold because the JVM heap garbage collection stalled under heavy nested loop payload iterations, causing container memory exhaustion.Action Taken: Initiated an emergency rolling deployment to replace the active container instances and force a clean JVM memory execution state.Resolution Type: Rolling Pod ReplacementPreventive Action: Upgrade the JVM environment configuration to utilize the G1 Garbage Collector optimized for large heap allocations and low latency."
"!! CRITICAL ALERT for [""AKS Container Memory""]!!","Event Description: !! CRITICAL ALERT for [""AKS Container Memory""]!!Root Cause Category: Cloud Compute / Pod ConfigurationRoot Cause Subcategory: Uncapped Memory Limit ConstraintDetailed Root Cause Analysis: An analytics indexing pod suffered container memory starvation because its resource request limit was configured without safe thresholds, allowing it to starve adjacent pods sharing the same node framework.Action Taken: Edited the Kubernetes deployment configuration YAML file to enforce explicit limits.memory at 4Gi limits and deployed the adjustment.Resolution Type: Manifest Configuration CorrectionPreventive Action: Implement cluster-wide OPA Gatekeeper governance policies to reject any container deployment lacking explicit memory resource ceiling limits."
"!! HIGH ALERT for [""AKS Container Memory""]!!","Event Description: !! HIGH ALERT for [""AKS Container Memory""]!!Root Cause Category: Software Engineering / MicroservicesRoot Cause Subcategory: Unclosed Database Connection Pool ThreadsDetailed Root Cause Analysis: Memory reached high alert boundaries because an unhandled database connection exception within the sales reporting component failed to trigger the .close() function, accumulating orphaned threads.Action Taken: Recycled the affected pods via kubectl command lines to immediately terminate leaked connections and clear the memory profile footprint.Resolution Type: Operational Process RestartPreventive Action: Refactor source code modules to utilize auto-closable 'try-with-resources' block statements for safe database connection handling."
"!! CRITICAL ALERT for [""API Management - High Failed Request""]!!","Event Description: !! CRITICAL ALERT for [""API Management - High Failed Request""]!!Root Cause Category: Security / Perimeter ControlsRoot Cause Subcategory: Distributed Denial of Service (DDoS) / Token SprayDetailed Root Cause Analysis: APIM flagged critical failure percentages when unauthorized external client agents attempted a credential spray attack, flooding the gateway token validation endpoint with thousands of invalid calls.Action Taken: Deployed an emergency IP filtering rule configuration block on Azure Front Door to isolate and block the offensive client IP subnets from hitting edge endpoints.Resolution Type: Edge Firewall Traffic InterdictionPreventive Action: Implement intelligent Web Application Firewall (WAF) bot control parameters to auto-block high-frequency malicious credential behaviors."
"!! HIGH ALERT for [""AKS Container Memory""]!!","Event Description: !! HIGH ALERT for [""AKS Container Memory""]!!Root Cause Category: Application DesignRoot Cause Subcategory: In-Memory Large Object Ingestion Heap OverrunDetailed Root Cause Analysis: A product catalog update pod triggered high memory alerts after attempting to parse an oversized multi-gigabyte flat file payload directly in local memory instead of processing entries via streams.Action Taken: Increased the container resource limit properties temporarily via cluster metrics to allow the ongoing heavy extraction job to safely finalize execution loops.Resolution Type: Resource Allocation AdjustmentPreventive Action: Enforce maximum upload payload size boundaries (e.g., max 50MB) on the API gateway layer to prevent extreme backend memory loading behavior."
"Error at Env in AKS for interface AZ645,AZ681","Event Description: Error at Env in AKS for interface AZ645,AZ681Root Cause Category: Cloud Infrastructure / Kubernetes RoutingRoot Cause Subcategory: Ingress Controller Keep-Alive TimeoutDetailed Root Cause Analysis: Interfaces AZ645 and AZ681 collapsed synchronously because the NGINX Ingress controller terminated connection paths before the downstream worker pods could finish an extensive data compilation step.Action Taken: Modified Ingress configuration settings by increasing the proxy-read-timeout and proxy-send-timeout limits to 120 seconds to allow extended transaction times.Resolution Type: Proxy Parameter OptimizationPreventive Action: Separate long-running heavy batch parsing paths from instantaneous request streams by designating unique Ingress controller profiles."
"Error at Env in AKS for interface AZ650,AZ651","Event Description: Error at Env in AKS for interface AZ650,AZ651Root Cause Category: Cloud Infrastructure / Shared StorageRoot Cause Subcategory: Persistent Volume Mount InterruptionDetailed Root Cause Analysis: Interfaces AZ650 and AZ651 failed to load due to a cluster-level deadlock exception while attempting to mount an Azure Files share to multiple active node pods in parallel.Action Taken: Terminated the stuck pod tracking reference numbers via administrative CLI controls to clear the volume handle and triggered a clean pod initialization sequence.Resolution Type: Volume Lock ReleasePreventive Action: Migrate shared data integration partitions to multi-attach optimized storage network layers or object storage blobs."
"!! CRITICAL ALERT for [""API Management - High Failed Request""]!!","Event Description: !! CRITICAL ALERT for [""API Management - High Failed Request""]!!Root Cause Category: Security / Certificate ManagementRoot Cause Subcategory: Intermediate CA Trust Chain BreakDetailed Root Cause Analysis: The API gateway platform rejected all incoming client interactions with critical alerts because an updated upstream root certificate bundle broke the secure transport layer trust validation chain.Action Taken: Updated the APIM global trusted store properties with the correct intermediate and root certification authority keys and initiated live validation checks.Resolution Type: Security Trust Store RealignmentPreventive Action: Establish automated certificate validation monitoring scripts that inspect and alert engineering groups 30 days before any trust chain components change."
Exception raised for MQFTE agent Unreachable - ESB_ARCH_LOCAL_AGENT1,"Event Description: Exception raised for MQFTE agent Unreachable - ESB_ARCH_LOCAL_AGENT1Root Cause Category: Middleware / IBM MQ File Transfer EditionRoot Cause Subcategory: File System Descriptor ExhaustionDetailed Root Cause Analysis: The local file transfer agent became completely unresponsive because the underlying hosting Linux OS exceeded its maximum open file descriptor limits (ulimit) during a high concurrent log transfer cycle.Action Taken: Cleaned up defunct system descriptors, increased the system limits configuration inside /etc/security/limits.conf, and executed a cold start on the agent daemon.Resolution Type: Linux Kernel Parameter TuningPreventive Action: Incorporate routine explicit script arguments to guarantee file connection handles close completely once transfer payloads are verified by the coordinator."
Exception raised for Backout queue 1253 -   ESB.USER.1253.BAK,"Event Description: Exception raised for Backout queue 1253 - ESB.USER.1253.BAKRoot Cause Category: Data Ingestion / MessagingRoot Cause Subcategory: Strict Schema Inbound Type MismatchDetailed Root Cause Analysis: Message consumer applications routed files to the backout queue because an external legacy HR engine transmitted alphanumeric text strings within a database field structure requiring purely date-formatted values.Action Taken: Isolated the faulty record rows inside the backup container, manually adjusted the invalid text formatting to matching default configurations, and re-submitted the payload block.Resolution Type: Data Mutation and Re-injectionPreventive Action: Enable schema registry validation controls at the message broker edge layer to automatically reject non-compliant files before they reach main queues."
Exception raised for Backout queue PI555 -   ESB.USER.PI555.BAK,Event Description: Exception raised for Backout queue PI555 - ESB.USER.PI555.BAKRoot Cause Category: Integration / Data QualityRoot Cause Subcategory: Payload Record Constraint ViolationDetailed Root Cause Analysis: User data packets stalled in PI555.BAK due to an integrity constraint failure when incoming employee profile data lines contained completely empty values in fields requiring mandatory identification strings.Action Taken: Purged the malformed blank records from the staging block dataset and forced an immediate re-execution of the queue reader engine lines.Resolution Type: Redundant Row PurgingPreventive Action: Configure frontend application submission frameworks to strictly require a non-empty string input prior to generating integration database records.
"Error at Env in AKS for interface AZ650,AZ651","Event Description: Error at Env in AKS for interface AZ650,AZ651Root Cause Category: Cloud Application DeploymentRoot Cause Subcategory: ConfigMap Key Mismatch after CI/CD UpdateDetailed Root Cause Analysis: Interfaces AZ650 and AZ651 failed initialization because a recent automated CI/CD deployment updated the core application code but failed to populate the newly required keys to the cluster ConfigMap profile.Action Taken: Manually added the missing environmental configuration key-value properties into the active Kubernetes cluster definitions and triggered a rolling restart.Resolution Type: Configuration Parameter SynchronizationPreventive Action: Enforce strict variable validation steps inside Azure DevOps pipelines to cross-check deployment requirements against target cluster secrets maps."
Error at Env in AKS for interface AZ650,"Event Description: Error at Env in AKS for interface AZ650Root Cause Category: Cloud Infrastructure / Network ConnectivityRoot Cause Subcategory: Internal Service Mesh Proxy FailureDetailed Root Cause Analysis: Interface AZ650 could not communicate with outward systems because its local Istio service mesh sidecar container proxy froze, breaking mutual TLS internal routing pathways.Action Taken: Executed a targeted pod deletion command to trigger the automatic cluster recreation of both the core application and its sidecar proxy container structures.Resolution Type: Pod Instance RefreshPreventive Action: Set up custom liveness probes specifically targeting sidecar helper proxies to ensure automated container recreation occurs when network proxy loops stall."
Exception raised for MQFTE agent Unreachable - ESB_ARCH_LOCAL_AGENT2,"Event Description: Exception raised for MQFTE agent Unreachable - ESB_ARCH_LOCAL_AGENT2Root Cause Category: Middleware / File TransferRoot Cause Subcategory: Out of Disk Space on Host DriveDetailed Root Cause Analysis: Agent ESB_ARCH_LOCAL_AGENT2 disconnected because the server host's /var/log directory partition reached 100% capacity due to high-debug verbose tracing parameters left active post-migration.Action Taken: Purged old raw debug dumps, lowered the logging verbose parameter back to standard operational limits, and restarted the file transfer client daemon.Resolution Type: Workspace Storage RemediationPreventive Action: Deploy automated infrastructure monitoring scripts to notify platform operations teams whenever localized log volume spaces pass 80% utilization."
"!! CRITICAL ALERT for [""AKS Container Status""]!!","Event Description: !! CRITICAL ALERT for [""AKS Container Status""]!!Root Cause Category: Cloud Application HealthRoot Cause Subcategory: CrashLoopBackOff Loop Termination ErrorDetailed Root Cause Analysis: A transactional routing pod fell into a continuous CrashLoopBackOff state because a recent software code push contained a logic error that failed to handle missing environmental database address values during initialization loops.Action Taken: Rolled back the application container image configuration version to the previous stable release tag (v3.2.1) across the target namespace environment.Resolution Type: Version Deployment RollbackPreventive Action: Require comprehensive automated environment health smoke testing sequences within pipelines to confirm initialization stability prior to executing master rollouts."
"!! CRITICAL ALERT for [""AKS Node - CPU Throttling Saturation""]!!","Event Description: !! CRITICAL ALERT for [""AKS Node - CPU Throttling Saturation""]!!Root Cause Category: Cloud Infrastructure / Compute AllocationRoot Cause Subcategory: Node Resource Starvation / Co-located Task OverloadDetailed Root Cause Analysis: A primary Kubernetes worker node hit 99% CPU throttling saturation when multiple non-optimized background data parsing containers executed extensive compression tasks concurrently on the same physical host space.Action Taken: Adjusted pod affinity rules to explicitly segregate intensive asynchronous background batch jobs away from critical user-facing microservice application hosting nodes.Resolution Type: Workload Schedule/Affinity AdjustmentPreventive Action: Establish clear CPU reservation parameters (requests.cpu) for all background tasks to guarantee the Kubernetes scheduler preserves adequate capacity for active user systems."
"!! HIGH ALERT for [""API Management - High Failed Request""]!!","Event Description: !! HIGH ALERT for [""API Management - High Failed Request""]!!Root Cause Category: API Gateway Integration PlatformRoot Cause Subcategory: Backend Service Port ExhaustionDetailed Root Cause Analysis: The gateway flagged high error rates (HTTP 502) because the downstream endpoint load balancer ran out of reusable SNAT port profiles due to an un-throttled burst of connection queries from external warehouse scanners.Action Taken: Modified the connection pooling policy parameters inside APIM to enforce connection reuse and keep-alive optimization properties, reducing outbound socket requirements.Resolution Type: Policy Ingress Optimization TuningPreventive Action: Enable Azure Virtual Network NAT Gateway integration to allocate expanded, dynamic SNAT port allocation tables for high-frequency cloud architectures."
Exception raised for Backout queue PI292 - ESB.EDICOMROM.TLOG.IQ.BAK,"Event Description: Exception raised for Backout queue PI292 - ESB.EDICOMROM.TLOG.IQ.BAKRoot Cause Category: Data Ingestion / EDI PlatformRoot Cause Subcategory: Document Encoding Format DiscrepancyDetailed Root Cause Analysis: Transaction files were diverted to backout queue PI292...BAK because an external vendor transmitted logistics documentation encoded via Latin-1 character syntax, crashing parsing utilities expecting standard UTF-8 layouts.Action Taken: Extracted the raw queue records, executed data conversion tools to normalize the file contents to UTF-8 layout rules, and re-pushed the items into the active integration queue line.Resolution Type: Text Format Normalization RunPreventive Action: Update partner onboarding technical compliance documentation to strictly mandate all external messaging integrations provide transaction logs using UTF-8 structures."
((PROD) PSR Tools PSR PROD-HOTSWAP Business Data Consistency Report - Problems! Look at report files!,"Event Description: ((PROD) PSR Tools PSR PROD-HOTSWAP Business Data Consistency Report - Problems! Look at report files!Root Cause Category: Data Quality / Integrity ValidationRoot Cause Subcategory: Ledger Out-of-Balance Reconciliation FailureDetailed Root Cause Analysis: The automated business data consistency script triggered a critical error flag because the aggregated total sales records listed in the processing database did not match the corresponding financial ledger records for yesterday's transactions.Action Taken: Inspected the specific consistency report output log files, located the specific store inventory adjustment records that failed validation, corrected the line variances via SQL data modifications, and executed a manual recalculation run.Resolution Type: Data Integrity ReconciliationPreventive Action: Update the automated validation script routines to process and evaluate localized store inventory data modifications incrementally before generating the final ledger summary profiles."
[FAILED   ] [PSG][CWPSGSQL01][JOB][ Daily Sales Load | 15-Commitments Fact Load ][0][__:15:53],"Event Description:FAILEDPSGCWPSGSQL01JOBDailySalesLoad?15?CommitmentsFactLoad[[__:15:5Root Cause Category: Database Performance / ETL BatchRoot Cause Subcategory: SQL Server Agent Transaction Log SaturatedDetailed Root Cause Analysis: The 15-Commitments Fact Load execution job on SQL Server instance CWPSGSQL01 failed because an unusually large payload of promotional sales transactions completely exhausted the available disk space allocated to the database transaction logging filesystem.Action Taken: Executed a transaction log backup task to truncate the inactive log records, expanded the logical storage space configuration on the target volume path, and resumed the SQL Agent load job from the failure checkpoint.Resolution Type: Resource Capacity Allocation and RerunPreventive Action: Implement an automated step in the ETL job chain to verify available transaction log partition thresholds before initiating massive bulk data load routines."
[FAILED   ] [PSG][CWPSGSQL01][JOB][ Weekly Sales Load | 16-Weekly Sales Load ][0][__:14:24,"Event Description:FAILEDPSGCWPSGSQL01JOBWeeklySalesLoad?16?WeeklySalesLoad[[__:14:24Root Cause Category: Database Performance / ETL BatchRoot Cause Subcategory: Concurrent Process Deadlock ExceptionDetailed Root Cause Analysis: The weekly data processing workflow aborted because a parallel inventory analysis process obtained an exclusive table lock on the core sales aggregation matrix, causing the load query thread to be selected as a deadlock victim.Action Taken: Terminated the conflicting analytical query, cleared out stale database transaction handles, and re-executed the weekly data loading script successfully.Resolution Type: Process Lock Clearance and RerunPreventive Action: Adjust the operational execution schedules inside the batch orchestration system to completely prevent weekly analytical routines from overlapping with primary transactional database updates."
003 / Dun Laoghaire / PSR issue,"Event Description: 003 / Dun Laoghaire / PSR issueRoot Cause Category: Retail Store Applications / Performance ReportingRoot Cause Subcategory: Local Client Network Timeout ExceptionDetailed Root Cause Analysis: Registers at Store 003 could not load the Performance Sales Reporting (PSR) system dashboard layout because a localized network switch routing configuration problem dropped connections to the corporate application hub.Action Taken: Coordinated with regional network operations teams to reset the faulty store switch module, verified connectivity states, and confirmed the dashboard reporting data loaded without error.Resolution Type: Infrastructure Network RealignmentPreventive Action: Deploy a localized caching layer within the PSR application client framework to allow baseline report visibility to users during temporary wide area network drops."
02/04/26 and 02/05/26 are blocked off from forecasting,"Event Description: 02/04/26 and 02/05/26 are blocked off from forecastingRoot Cause Category: Supply Chain / Forecasting ApplicationRoot Cause Subcategory: System Calendar Parameter Rule OverrideDetailed Root Cause Analysis: The forecasting application blocked data collection activities for dates February 4, 2026, and February 5, 2026, because an old placeholder promotional event record locked scheduling attributes inside the master commercial calendar planning table.Action Taken: Removed the obsolete promotional calendar entry using configuration tools, updated the forecasting status flags to active, and triggered a manual inventory demand recalculation sweep.Resolution Type: Operational Parameter AdjustmentPreventive Action: Establish an automated clean-up job to check for and remove empty placeholder calendar records 30 days before their scheduled execution window."
1 distinct types of ORA- errors have been found in the alert log.,Event Description: 1 distinct types of ORA- errors have been found in the alert log.Root Cause Category: Database Maintenance / OracleRoot Cause Subcategory: Temp Segment Allocation Exception (ORA-01652)Detailed Root Cause Analysis: The system alert logging engine captured an ORA-01652: unable to extend temp segment error because an un-optimized store sorting script completely filled the temporary tablespace allocation boundary during peak operation.Action Taken: Allocated an extra 15GB datafile container line to the primary database TEMP tablespace cluster to immediately resolve resource constraint loops.Resolution Type: Database Resource Scaling UpPreventive Action: Enforce code check reviews on new sorting queries to ensure data lookups utilize optimized index patterns rather than relying heavily on temporary storage space.
1224 Data not showing in WtD tab for yesterday. Hasn't been refreshed,"Event Description: 1224 Data not showing in WtD tab for yesterday. Hasn't been refreshedRoot Cause Category: Data Warehouse ReportingRoot Cause Subcategory: Week-to-Date (WtD) Partition Sync DelayDetailed Root Cause Analysis: Store 1224 did not display historical performance values in the Week-to-Date user dashboard module because the regional summary data partition compilation task stalled overnight due to missing transaction feeds from an upstream network gateway.Action Taken: Forced a manual delta data collection sweep for Store 1224 transactions, updated the local reporting tables, and re-indexed the dashboard cache properties to refresh user screens.Resolution Type: Manual Partition Refresh and ResyncPreventive Action: Configure the reporting system to execute an automated delta refresh step if a store data partition displays an incomplete payload metric at the start of business hours."
"2 styles I have built on PLM and updated the cost prices on, they arent reflecting on AP.","Event Description: 2 styles I have built on PLM and updated the cost prices on, they arent reflecting on AP.Root Cause Category: Master Data / Integration InterfaceRoot Cause Subcategory: Intermediate API Payload Validation RejectionDetailed Root Cause Analysis: Cost adjustments made within the Product Lifecycle Management (PLM) system failed to synchronize with Assortment Planning (AP) modules because the integration script rejected the data payload due to an invalid country-of-origin metadata string layout.Action Taken: Corrected the country ISO code text variables inside the core PLM system records, saved the update, and forced an immediate interface re-transmission out to the AP platform.Resolution Type: Metadata Adjustment and Data PushPreventive Action: Configure dropdown entry validations on the PLM interface screens to completely prevent users from entering raw unvalidated text strings into standardized code fields."
288 / Livorno / PSG access issue,Event Description: 288 / Livorno / PSG access issueRoot Cause Category: Identity & Access ManagementRoot Cause Subcategory: Active Directory Security Group DesynchronizationDetailed Root Cause Analysis: Employees at Store 288 were unable to access the sales platform interface (PSG) because an automated security provisioning system update failed to map the store location parameters into the master access permission list.Action Taken: Manually synchronized the Active Directory role group settings for Store 288 and verified with the local store team that login authorization capabilities were restored.Resolution Type: Access Permission SynchronizationPreventive Action: Update the security provisioning application logic to generate failure notifications if a location parameter sync step stops mid-process.
343 Naas Depot Work order 96065 /96059 ( previous ticket opened linked with issue INC0397010 & INC0395814 ),"Event Description: 343 Naas Depot Work order 96065 /96059 ( previous ticket opened linked with issue INC0397010 & INC0395814 )Root Cause Category: Logistics Systems / Work Order ApplicationRoot Cause Subcategory: Stale Record Lock / Database Referential LockDetailed Root Cause Analysis: Naas Depot could not finalize work orders 96065 and 96059 because a previous integration failure left active parent record reference flags locked in a 'Processing' status loop inside the logistics backend engine.Action Taken: Cleared the stale tracking flag pointers directly inside the database table rows via SQL scripts, allowing the system to update and cleanly complete the work orders.Resolution Type: Backend System Status CorrectionPreventive Action: Build a automated maintenance utility routine that checks for and clears open tracking locks on work orders that remain idle for more than 48 hours."
368/ Marineda City/ Paula/ Information did not replicate from MWD to peoplenet.,"Event Description: 368/ Marineda City/ Paula/ Information did not replicate from MWD to peoplenet.Root Cause Category: Integration Interface / HR PayrollRoot Cause Subcategory: API Endpoint Connection TimeoutDetailed Root Cause Analysis: Employee schedule updates from the My Work Day (MWD) system failed to replicate out to the PeopleNet payroll tool because an intermittent network routing drop disconnected the communication gateway mid-transmission.Action Taken: Confirmed network route path restoration, isolated the missing schedule data files, and manually re-sent the transaction payload block through the API gateway lines.Resolution Type: Interface Resubmission and SyncPreventive Action: Embed an automated message retry loop (3 verification attempts spaced 10 minutes apart) directly inside the MWD interface transmission properties."
368/Marineda City/ Sheila/ PSG error message: unexpected error ocurred 3C8FDDE7khsd,"Event Description: 368/Marineda City/ Sheila/ PSG error message: unexpected error ocurred 3C8FDDE7khsdRoot Cause Category: Application Bug / Local UI ExceptionRoot Cause Subcategory: Unhandled Interface Memory Crash ExceptionDetailed Root Cause Analysis: The sales entry system (PSG) threw an unhandled application exception crash error 3C8FDDE7khsd when a user attempted to calculate an extensive line item layout using an outdated local web browser version.Action Taken: Cleared the local web browser memory cache on the terminal computer, updated the browser security profile configurations, and verified successful processing navigation loops.Resolution Type: Endpoint Browser Workspace ResetPreventive Action: Set up corporate endpoint deployment tools to enforce mandatory software updates for terminal web browsers across all retail environments."
375/ Malaga Larios/ Alba/MWD movements not transfered to Meta4,"Event Description: 375/ Malaga Larios/ Alba/MWD movements not transfered to Meta4Root Cause Category: Integration Interface / HR PayrollRoot Cause Subcategory: SFTP Secure File Directory Target BlockageDetailed Root Cause Analysis: Employee attendance records from the MWD application failed to transfer to the Meta4 payroll software because the outbound data directory folder reached its file count limit restrictions, causing new file creations to fail.Action Taken: Archived and removed older transaction files from the operational SFTP gateway directory to free up space and re-executed the data transmission routine.Resolution Type: Storage Folder Cleanup and RerunPreventive Action: Configure a automated script task to archive and move processed payroll transfer documents to secondary offline networks every weekend."
397/ Marbella/ Lara/ MWD issue,Event Description: 397/ Marbella/ Lara/ MWD issueRoot Cause Category: Core HR Platform / My Work DayRoot Cause Subcategory: User Profile Parameter MisconfigurationDetailed Root Cause Analysis: The store manager at Site 397 could not process weekly operational shift sign-offs because their employee profile was mapped with an incorrect localized management level attribute after a corporate structure change.Action Taken: Updated the organizational structure parameters within the user's master MWD profile data row to restore appropriate administrative role assignments.Resolution Type: User Configuration AlignmentPreventive Action: Integrate a business matrix verification rule into HR onboarding systems to double-check role code mappings whenever store reassignments occur.
400 / Bilbao / Lucia / PeopleNet issues,Event Description: 400 / Bilbao / Lucia / PeopleNet issuesRoot Cause Category: Integration Interface / HR PayrollRoot Cause Subcategory: Missing Employee Identification Reference DataDetailed Root Cause Analysis: The PeopleNet application rejected scheduling files for a newly hired employee at Store 400 because their central corporate ID parameter had not yet fully populated down to the regional database tables.Action Taken: Manually synchronized the core employee identification record fields down to the regional lookup table and re-submitted the pending schedule files.Resolution Type: Reference Data Population and SyncPreventive Action: Implement an automated validation filter that blocks schedule generation tasks if a worker's core identity reference maps are missing from payroll tables.
400 Bilbao - Gran Via Raquel/ synchronization issue between MWD and Timepoint,"Event Description: 400 Bilbao - Gran Via Raquel/ synchronization issue between MWD and TimepointRoot Cause Category: Integration Interface / Time & AttendanceRoot Cause Subcategory: Data Field Layout Mismatch FailureDetailed Root Cause Analysis: Clock-in records from the MWD system failed to update the Timepoint application because an unexpected layout modification changed the text length of the store location field attribute, breaking the integration parser rules.Action Taken: Adjusted the data parsing script properties to support the new field layout parameters and executed a manual synchronization command to process the transaction line backlog.Resolution Type: Integration Script Adjustment and ResyncPreventive Action: Establish strict change management communication rules to require data model reviews before modifying core system database layout structures."
435 Manchester TFD CTR// Scott// PSR issue,"Event Description: 435 Manchester TFD CTR// Scott// PSR issueRoot Cause Category: Performance Reporting ApplicationRoot Cause Subcategory: Local Storage Volume Starvation FailureDetailed Root Cause Analysis: The performance tracking software (PSR) frozen at the Manchester terminal site because continuous raw local log generation filled up the terminal hardware's temporary working volume path.Action Taken: Remotely logged into the terminal computer, deleted obsolete local log histories, cleared system caching files, and restarted the reporting application modules.Resolution Type: Local Storage Space RemediationPreventive Action: Deploy a script policy across the register network to automatically clear out terminal system cache profiles every night."
496 Bromley  / Work day issue,"Event Description: 496 Bromley / Work day issueRoot Cause Category: Core HR Platform / My Work DayRoot Cause Subcategory: Concurrent Update Record Lock ExceptionDetailed Root Cause Analysis: Store 496 personnel encountered an input error when attempting to modify employee availability arrays because two separate managers were trying to adjust the identical data row at the same time.Action Taken: Instructed the users to log out to clear the active database session locks, then verified that the manager was able to input and save the adjustments without further problems.Resolution Type: User Session ClearancePreventive Action: Implement optimistic concurrency checking functions within the application user interface to manage simultaneous record updates gracefully."
638 Swindon// Kelly// My work day issue,Event Description: 638 Swindon// Kelly// My work day issueRoot Cause Category: Core HR Platform / My Work DayRoot Cause Subcategory: Holiday Pay Accumulator Calculation ErrorDetailed Root Cause Analysis: The application failed to compute holiday balance metrics for staff at Store 638 because a newly added part-time contract template lacked standard baseline working hours variables.Action Taken: Updated the master contract template parameters with the required calculation properties and manually triggered a holiday balance refresh for the affected team.Resolution Type: Business Rules Matrix ModificationPreventive Action: Include a automated validation rule to reject contract model saves if required system calculation attributes are left blank.
Ad-hoc Run Request for the Incident - INC0467638,Event Description: Ad-hoc Run Request for the Incident - INC0467638Root Cause Category: Batch Operations / Service RequestRoot Cause Subcategory: Manual System Execution OverrideDetailed Root Cause Analysis: This incident tracking ID was submitted to request a manual ad-hoc execution run of the sales reconciliation batch engine following a network latency issue that missed the standard nightly automation window.Action Taken: Initialized the sales consolidation data script loops manually inside the control panel utility and verified that all downstream database changes finalized correctly.Resolution Type: Manual Process Run ExecutionPreventive Action: Configure the scheduling framework to automatically identify missing batch runs and trigger self-healing recovery tasks if standard runtime windows are missed.
"AILURE: PSR Job ""PSR UK Live Prepare part2 (and send) preorders, ROQ, orders report"" failed on IEDU1WVPSQL019.    FAILURE: PSR Job ""PSR EZ Live Prepare part2 (an","Event Description: FAILURE: PSR Job ""PSR UK Live Prepare part2 (and send) preorders, ROQ, orders report"" failed on IEDU1WVPSQL019. FAILURE: PSR Job ""PSR EZ Live Prepare part2 (anRoot Cause Category: Database Performance / Scheduled BatchRoot Cause Subcategory: SQL Server Agent TempDB Allocation SaturationDetailed Root Cause Analysis: The Performance Sales Reporting (PSR) multi-region report extraction batch crashed on host IEDU1WVPSQL019 because concurrent high-volume seasonal inventory data staging tasks completely exhausted the available logical allocations in the SQL Server TempDB instance.Action Taken: Cleared outdated temporary execution contexts, expanded the structural allocation boundary metrics on the active storage partition, and manually re-triggered the sequence from the SQL Server Agent management panel.Resolution Type: Storage Allocation and Job RerunPreventive Action: Restructure the primary reporting database processing loops to serialize heavy data dumps sequentially instead of processing multiple global regions in parallel."
Alteryx | Prod / Dev | Scheduling Issue | Disabling schedule of old and deprecated Alteryx server Usage report,"Event Description: Alteryx | Prod / Dev | Scheduling Issue | Disabling schedule of old and deprecated Alteryx server Usage reportRoot Cause Category: Platform Administration / CleanupRoot Cause Subcategory: Obsolete Asset DecommissioningDetailed Root Cause Analysis: System performance alerts flagged unnecessary resource usage due to an active, deprecated Alteryx Server legacy configuration job attempting to generate usage logs against an archived target infrastructure database.Action Taken: Access was gained to the central Alteryx Gallery Admin console workspace to explicitly toggle off, un-schedule, and archive the deprecated server usage reporting application asset workflow streams.Resolution Type: Operational System Configuration ChangePreventive Action: Mandate a lifecycle decommissioning validation sequence during application development migration rollouts to guarantee deprecated automated schedules are dismantled systematically."
"Alteryx| Prod | Connection issue |Getting this error while running an app on the alteryx server ""• Failed to signin to Tableau. (ToolId: 10)"".T","Event Description: Alteryx| Prod | Connection issue |Getting this error while running an app on the alteryx server ""• Failed to signin to Tableau. (ToolId: 10)"".TRoot Cause Category: Software Integration / AuthenticationRoot Cause Subcategory: Expired API Integration Security TokenDetailed Root Cause Analysis: The Alteryx server application failed to post reporting outputs to the Tableau Server visualization node because the personal access token (PAT) assigned to the automation service account expired under data governance access cycle policies.Action Taken: Generated a new high-security API integration token within the Tableau Cloud settings console and updated the encrypted workflow credential profile parameters inside the Alteryx Server system vault.Resolution Type: Access Credential SynchronizationPreventive Action: Configure active monitoring system triggers to automatically email the integration platform administration team 14 days before any automated service tokens approach expiration metrics."
Assistance with NI P45 External Tax documents uploads and resolution of integration errors,Event Description: Assistance with NI P45 External Tax documents uploads and resolution of integration errorsRoot Cause Category: HR & Payroll Integration SystemsRoot Cause Subcategory: Regulatory Schema Structural Layout MismatchDetailed Root Cause Analysis: Inbound Northern Ireland (NI) P45 tax document file packages failed integration checks because the external formatting schema layouts from the payroll provider diverged from current corporate input database structures.Action Taken: Modified the staging interface data validation parsing template script parameters to gracefully handle the modified regulatory string attributes and successfully re-imported the text payloads.Resolution Type: Data Interface Schema AlignmentPreventive Action: Implement automated validation check scripts on the HR collection web servers to inspect inbound external partner layouts for schema anomalies prior to loading queues.
Assistance with P45 External Tax documents uploads and resolution of integration errors.,"Event Description: Assistance with P45 External Tax documents uploads and resolution of integration errors.Root Cause Category: HR & Payroll Integration SystemsRoot Cause Subcategory: Record Identifier Constraint CollisionDetailed Root Cause Analysis: The batch transmission interface threw primary processing error flags because a set of external P45 system documents contained duplicate employee entry records, violating primary index database key restraints.Action Taken: Located the redundant data blocks within the staging storage layout files, isolated the duplicates into a staging area, and initiated a manual reload sequence for the valid employee records.Resolution Type: Redundant Data Purge and IngestionPreventive Action: Introduce preprocessing filter logic boundaries within the file transformation layer to drop duplicate item configurations prior to core processing database injection steps."
Bisogna modificare data fine contratto e data fine impiego al 1/02/2026 di Samuele Pizzelli ID dipendente10735493,"Event Description: Bisogna modificare data fine contratto e data fine impiego al 1/02/2026 di Samuele Pizzelli ID dipendente10735493Root Cause Category: Core HR Platforms / User Modification RequestRoot Cause Subcategory: Employee Lifecycle Status AdjustmentDetailed Root Cause Analysis: Operational management teams submitted an administrative modification request to adjust the contract end date and employment termination record criteria to 1/02/2026 for Employee ID 10735493 due to an offboarding schedule change.Action Taken: Updated the master personnel database records directly inside the Workday/MWD user account layer to modify the contract and job end attributes to February 1, 2026, then verified integration pipeline synchronization.Resolution Type: Manual Operational Data UpdatePreventive Action: Provide localized HR administration groups with extended training regarding self-service employee lifestyle data modifications within core enterprise systems to minimize ticket queues."
"bonjour, la personne suivante 10749184 est passée en CDI le 01/11/2025. L'action n'a pas été faite correctement sur MWD. pouvez-vous envoyer un ad-hoc à SDW","Event Description: bonjour, la personne suivante 10749184 est passée en CDI le 01/11/2025. L'action n'a pas été faite correctement sur MWD. pouvez-vous envoyer un ad-hoc à SDWRoot Cause Category: HR & Payroll Integration SystemsRoot Cause Subcategory: Automated Employment Status Batch Sync OmissionDetailed Root Cause Analysis: The employment status change to a permanent contract (CDI) starting 01/11/2025 for Employee 10749184 failed to register in the downstream SDW platform because an interface database sync loop dropped out mid-transaction.Action Taken: Verified contract attributes within My Work Day (MWD), corrected the status flag parameters, and triggered a manual ad-hoc integration data sync packet delivery targeting the regional SDW database layer.Resolution Type: Targeted Manual Resynchronization RunPreventive Action: Refactor interface synchronization tracking scripts to execute automatic validation scans every night to cross-check core contract changes between systems."
"Buenos días, El ID 10660690, ha estado de vacaciones desde el 18/12 al 27/12/25 (ambos días incluidos) teniendo sus vacaciones asignadas y aprobadas en workda","Event Description: Buenos días, El ID 10660690, ha estado de vacaciones desde el 18/12 al 27/12/25 (ambos días incluidos) teniendo sus vacaciones asignadas y aprobadas en workdaRoot Cause Category: Core HR Platforms / Time and Attendance SyncRoot Cause Subcategory: Time-Off Ingestion Pipeline BlockageDetailed Root Cause Analysis: Approved time-off record allocations for Employee 10660690 from 18/12 to 27/12/25 failed to reflect within downstream store scheduling engines due to a processing lock error on the regional holiday interface table.Action Taken: Cleared the database interface row obstruction, re-processed the transaction records manually using administrative control scripts, and confirmed the updated vacation maps synced to the system profile.Resolution Type: Interface Unblocking and ReprocessingPreventive Action: Configure a processing alert mechanism to notify system support teams if any approved time-off transactions remain in a pending stage for longer than 24 hours."
Clonmel 038/  Niamh Curry/  Work day issue,Event Description: Clonmel 038/ Niamh Curry/ Work day issueRoot Cause Category: Core HR Platforms / Profile ErrorRoot Cause Subcategory: Location Parameter MisconfigurationDetailed Root Cause Analysis: The user profile configuration setup for employee Niamh Curry at Store 038 (Clonmel) failed to display scheduling options because her profile structural parameters were mapped with incorrect regional location strings after an internal transfer.Action Taken: Reconfigured the organizational structure definitions inside the user database record to properly align her employment settings with Store 038 workspace parameters.Resolution Type: User Account AlignmentPreventive Action: Optimize internal staff deployment steps within HR workflow platforms to require location checks whenever store worker files are moved between networks.
Colt Kessler (10646984) was promoted from Part-Time Sales Associate to Full-Time Sales Associate. They were given their PTO and Wellbeing time in myTime/UKG but,"Event Description: Colt Kessler (10646984) was promoted from Part-Time Sales Associate to Full-Time Sales Associate. They were given their PTO and Wellbeing time in myTime/UKG butRoot Cause Category: HR & Payroll Integration SystemsRoot Cause Subcategory: Accrual Balance Synchronization GlitchDetailed Root Cause Analysis: Following an automated status update for Employee 10646984, upgraded Paid Time Off (PTO) and wellbeing allowance hours updated correctly in the myTime/UKG platform but failed to sync down to the core employee profile due to an active data verification boundary constraint.Action Taken: Overrode the validation constraint flag directly inside the backend system environment, executed a forced balance calculation utility loop, and verified that cross-platform tracking balances were consistent.Resolution Type: System Data Overwrite and BalancingPreventive Action: Update the systemic interface rules to support multi-layered allocation transformations when employment tiers jump from part-time to full-time levels."
Cost Price in PLM not flowing through to AP in order to MAP the style. Odd issue as Cost Price needs to be inputted on PLM side in order for it to flow through,"Event Description: Cost Price in PLM not flowing through to AP in order to MAP the style. Odd issue as Cost Price needs to be inputted on PLM side in order for it to flow throughRoot Cause Category: Supply Chain / System IntegrationRoot Cause Subcategory: Product Lifecycle Management (PLM) API Schema OmissionDetailed Root Cause Analysis: Item wholesale configurations failed to transfer from the PLM interface down to Assortment Planning (AP) modules because a formatting conversion script dropped data records that omitted secondary supplier tax strings.Action Taken: Manually populated the required tax metadata strings on the PLM side product entry form, saved changes, and triggered a forced item master integration synchronization task.Resolution Type: Interface Parameter Population and ResyncPreventive Action: Adjust the input field settings inside the PLM creation wizard tool to make the cost and tax entry matrices absolute requirements before an item record can be submitted."
Currently store is set to JAX depot for ordering on PSR. This now needs to be switched to BETH depot.,"Event Description: Currently store is set to JAX depot for ordering on_PSR. This now needs to be switched to BETH depot.Root Cause Category: Supply Chain / System ConfigurationRoot Cause Subcategory: Logistics Allocation Routing SwitchDetailed Root Cause Analysis: Store operations required an urgent routing change to shift core fulfillment mappings from the JAX distribution depot center to the BETH logistics facility within the global PSR application layout platform.Action Taken: Modified the distribution center routing parameters within the master regional configuration tables to reassign the target store entity destination code from JAX to BETH, then validated the active ordering paths.Resolution Type: Routing Configuration UpdatePreventive Action: Create a dedicated logistics configuration control page within the store management workspace UI to allow approved operations team members to alter depot assignments without database intervention."
Due to CBA renewal from 1st November 2025 we have to upload the new individual salary in MWD.Please see attached the file with details.,"Event Description: Due to CBA renewal from 1st November 2025 we have to upload the new individual salary in MWD.Please see attached the file with details.Root Cause Category: HR & Payroll Integration SystemsRoot Cause Subcategory: Bulk Pay Rate Spreadsheet Upload FailureDetailed Root Cause Analysis: The mass salary configuration update corresponding to the Collective Bargaining Agreement (CBA) failed to process in My Work Day (MWD) because text fields within the source upload file layout contained non-standard localized currency symbols.Action Taken: Sanitized the attached data payload spreadsheet by stripping out invalid formatting tags, converted character sets to standard text strings, and executed a successful administrative bulk import function.Resolution Type: Data Sanitization and Ingestion RerunPreventive Action: Provide standardized file upload spreadsheet validation templates to human resources teams to automatically check and flag formatting variations before submittal."
ETime Update Issue,"Event Description: ETime Update IssueRoot Cause Category: Time and Attendance SystemsRoot Cause Subcategory: Client Application Interface FreezeDetailed Root Cause Analysis: The ETime automated tracking system failed to propagate daylight shift updates to central processing environments because a localized network communication drop left the middleware interface service locked in an unresponsive state.Action Taken: Terminated the stalled interface service tracking instances on the host proxy environment, flushed out the cached communication logs, and successfully re-initialized the ETime integration daemon loops.Resolution Type: Integration Platform RestartPreventive Action: Embed an automated health monitoring check on the ETime connection pathways to self-restart the integration engine services if communications hang for over 15 minutes."
"Hello, the below style isn't visible on PSR:N EUROPE MGB Depot KN 08164/ ORIN 991151545 MULTI","Event Description: Hello, the below style isn't visible on PSR:N EUROPE MGB Depot KN 08164/ ORIN 991151545 MULTIRoot Cause Category: Product Data Management / SynchronizationRoot Cause Subcategory: Product Visibility Catalog Indexing OmissionDetailed Root Cause Analysis: The specific item style structure (ORIN 991151545 MULTI) was absent from Performance Sales Reporting (PSR) screens because the nightly commercial data extraction loop failed to catalog the product under the Northern Europe depot group parameters.Action Taken: Executed a manual indexing script task to map the product identifier to the Northern Europe logistics cluster database tables, then executed a manual application workspace refresh cache update.Resolution Type: Targeted Catalog Partition SynchronizationPreventive Action: Optimize the database catalog indexing scripts to automatically include and cross-map all active product style variations to all regional depot locations."
"Hi all, There is a mismatch between RMS and WMS for order N12865639 WMS: 680 cartons (GRND in) RMS: 600 cartons (visible) Could you please fix this mismatc","Event Description: Hi all, There is a mismatch between RMS and WMS for order N12865639 WMS: 680 cartons (GRND in) RMS: 600 cartons (visible) Could you please fix this mismatcRoot Cause Category: Inventory Systems / ReconciliationRoot Cause Subcategory: Inter-System API Communication DelayDetailed Root Cause Analysis: A data discrepancy occurred for order N12865639 where the Warehouse Management System (WMS) recorded 680 cartons received, but the Retail Management System (RMS) only displayed 600 cartons because an API message block containing the final 80-carton receipt got delayed.Action Taken: Traced the missing 80-carton receipt message payload package within the integration interface error queues and manually pushed the message block through to update the active RMS database ledger.Resolution Type: Queue Message Force Release and AlignmentPreventive Action: Implement an automated variance analysis script utility to check and match WMS vs RMS receipt states every two hours, alerting system support when records diverge."
"Hi all, There is a mismatch between RMS and WMS.N12879568 -SKU:211657732 (135) and SKU:211657733 (132)WMS: 267 cartons (GRND in)RMS: 258 cartons (visible)N","Event Description: Hi all, There is a mismatch between RMS and WMS.N12879568 -SKU:211657732 (135) and SKU:211657733 (132)WMS: 267 cartons (GRND in)RMS: 258 cartons (visible)NRoot Cause Category: Inventory Systems / ReconciliationRoot Cause Subcategory: Inter-System Data Acknowledgment FailureDetailed Root Cause Analysis: Order N12879568 suffered an inventory mismatch between software applications because a localized data validation check within the transactional interface dropped a 9-carton adjustment notification due to an active row locking state.Action Taken: Developed and deployed a specific database delta correction file transaction to update the active RMS record sheets to reflect the true 267 carton metric recorded by the warehouse.Resolution Type: Backend Ledger Data CorrectionPreventive Action: Adjust the database integration properties to utilize an optimistic row-locking paradigm to ensure inventory variance notifications are never dropped during high system traffic."
"Hi IT Team,We would like to raise a ticket regarding a supplier user who is still unable to log in to PLM.Details: • The user has attempted to log in multi","Event Description: Hi IT Team,We would like to raise a ticket regarding a supplier user who is still unable to log in to PLM.Details: • The user has attempted to log in multiRoot Cause Category: Identity & Access ManagementRoot Cause Subcategory: B2B External Identity Provider Provisioning DefectDetailed Root Cause Analysis: An external vendor representative could not access the Product Lifecycle Management (PLM) database portal because their corporate authentication identity profile was incorrectly mapped within the enterprise partner directory group rules.Action Taken: Cleared out the corrupted external partner entry data, re-invited the vendor profile using administrative portal options, and verified that their directory permissions mapped successfully.Resolution Type: External Identity Profile ResetPreventive Action: Deploy a self-service identity verification check page within the partner portal interface to enable suppliers to evaluate and validate their profile attributes autonomously."
"Hi, buying has reached on this issue already, the style is the PLAIN WATERPROOF BLACK with the PLM ID of 107994. Buying have been met with the answer that there","Event Description: Hi, buying has reached on this issue already, the style is the PLAIN WATERPROOF BLACK with the PLM ID of 107994. Buying have been met with the answer that thereRoot Cause Category: Product Data Management / SynchronizationRoot Cause Subcategory: Product Status Workflow Synchronization LockDetailed Root Cause Analysis: Product design style 107994 failed to replicate across purchasing networks because its workflow state parameter remained locked in a 'Draft review' state inside the database, blocking downstream validation runs.Action Taken: Shifted the product visibility workflow state parameter to 'Approved for Release' manually through SQL update scripts, unlocking visibility constraints for the commercial buying groups.Resolution Type: Workflow State Parameter UpdatePreventive Action: Include an automated background query validation step to periodically flag and notify designers regarding items that remain trapped inside draft stages for over 14 days."
"Hi, Could you please amend the salary step for TM to 3558.66. We had an 4% increase on 1ste December and P&C Managers are unable to add the correct salary. Many","Event Description: Hi, Could you please amend the salary step for TM to 3558.66. We had an 4% increase on 1ste December and P&C Managers are unable to add the correct salary. ManyRoot Cause Category: HR & Payroll Integration SystemsRoot Cause Subcategory: Payroll Compensation Band Matrix RestrictionDetailed Root Cause Analysis: Human resources personnel were blocked from updating a worker's target monthly compensation rating to 3558.66 because the system core configuration rules lacked an updated salary ceiling step definition matching the recent 4% cost-of-living increment expansion.Action Taken: Modified the global payroll table configuration matrices directly to support the new elevated compensation step rules, allowing human resource managers to process the adjustments.Resolution Type: Pay Scale Matrix Parameter ModificationPreventive Action: Connect the corporate compensation structure database to automated configuration tools to ensure system bounds update ahead of institutional policy changes."
"I am trying to raise below orders but when I lock the product to show me the order details, they are showing as black on the below 2 styles for AW26:OG FOAMFL","Event Description: I am trying to raise below orders but when I lock the product to show me the order details, they are showing as black on the below 2 styles for AW26:OG FOAMFLRoot Cause Category: Supply Chain / Order Management ApplicationRoot Cause Subcategory: UI Rendering / Status Lifecycle BugDetailed Root Cause Analysis: The user interface components turned completely black because of a rendering defect within the order booking web module when processing extended data grids for specific Autumn/Winter 2026 (AW26) footwear styles under high zoom ratios.Action Taken: Cleared out cached layout stylesheet configurations on the application web server pool and patched localized style sheet rendering parameters.Resolution Type: Application Interface HotfixPreventive Action: Incorporate comprehensive cross-browser validation checks into automated user interface testing frameworks to verify complex product grid layouts."
"I have added the attached style to PLM and it will not come through to be mapped on AP, this is urgent as we have a sign off today. This issue has been persiste","Event Description: I have added the attached style to PLM and it will not come through to be mapped on AP, this is urgent as we have a sign off today. This issue has been persisteRoot Cause Category: Master Data / Integration InterfaceRoot Cause Subcategory: API Ingestion Validation BlockDetailed Root Cause Analysis: The newly generated design style from Product Lifecycle Management (PLM) failed to synchronize with the Assortment Planning (AP) tool because it lacked a mandatory global category classification identifier validation string.Action Taken: Manually populated the missing category classification fields within the PLM system record layout and forced an immediate manual message queue synchronization sweep to AP.Resolution Type: Data Population and Forced SyncPreventive Action: Configure the PLM style creation wizard to enforce non-nullable validations on core inventory classification variables before saving entries."
I have amended cost on this a number of times over the last could of days but will not change on AP,Event Description: I have amended cost on this a number of times over the last could of days but will not change on APRoot Cause Category: Master Data / Integration InterfaceRoot Cause Subcategory: Database Concurrent Row LockDetailed Root Cause Analysis: Price changes failed to reflect inside the AP platform because a hanging background analytical process held an exclusive row lock on the target merchandise inventory pricing database table rows.Action Taken: Traced and terminated the stalled parent background database session identifier to release table blocks and ran an immediate delta synchronization routine.Resolution Type: Session Lock Release and SyncPreventive Action: Set up strict execution timeouts on all database integration connection streams to automatically abort and clean up hanging query threads.
I have tried to forecast for 2/1-2/7/2026 but wednesday and thursday figures are missing? And it wont let me enter an amount.,"Event Description: I have tried to forecast for 2/1-2/7/2026 but wednesday and thursday figures are missing? And it wont let me enter an amount.Root Cause Category: Supply Chain / Forecasting ApplicationRoot Cause Subcategory: Operational Calendar BlockageDetailed Root Cause Analysis: The system blocked manual forecast input parameters for Feb 4 and Feb 5, 2026, because an automated overnight script mistakenly classified those specific dates as active planning blackout periods.Action Taken: Adjusted calendar administration options to remove the erroneous blackout designations and executed a manual data table recalculation loop.Resolution Type: Configuration Rule AmendmentPreventive Action: Implement automated exception checks to alert system support staff if calendar parameters apply wide-scale data locks outside planned maintenance windows."
"ID: 10050786 does not transfer the data change to PeopleNet as of December 31, 2025.Regards.","Event Description: ID: 10050786 does not transfer the data change to PeopleNet as of December 31, 2025.Regards.Root Cause Category: HR & Payroll Integration SystemsRoot Cause Subcategory: Message Processing InterruptionDetailed Root Cause Analysis: Structural updates for Employee ID 10050786 failed to transfer to PeopleNet on December 31, 2025, because an integration script crashed due to an unmapped localized regional tax code attribute.Action Taken: Corrected the missing regional tax classification parameters inside the enterprise staging schema layout tables and triggered a manual resubmission run.Resolution Type: Staging Area Data Correction and RerunPreventive Action: Enhance pre-processing pipeline checks to isolate unmapped parameter variations before terminating active file processing jobs."
"Incident Vacancy 141494BR - Payroll CoordinatorCandidates who apply appear directly in ""Total"" and not in ""New.""From ""Total,"" we cannot change new applicati","Event Description: Incident Vacancy 141494BR - Payroll CoordinatorCandidates who apply appear directly in ""Total"" and not in ""New.""From ""Total,"" we cannot change new applicatiRoot Cause Category: Human Resources Platform / Applicant Tracking SystemRoot Cause Subcategory: Workflow Routing Rule MisconfigurationDetailed Root Cause Analysis: Applications for vacancy 141494BR bypassed the initialization ""New"" status phase because the applicant intake script routing criteria was incorrectly hardcoded to auto-forward candidates into the general pool profile index table.Action Taken: Reconfigured the hiring workflow criteria rules inside the recruiter administration interface and manually shifted active candidate positions back to the ""New"" pipeline layout step.Resolution Type: Application Workflow AdjustmentPreventive Action: Standardize validation checking steps within pre-release checklists to verify candidate intake routing configurations before posting new vacancy categories."
"It appears that the link (below) to the new starter documents, which is included in the SR DocuSign email template for contracts, is not working correctly. The","Event Description: It appears that the link (below) to the new starter documents, which is included in the SR DocuSign email template for contracts, is not working correctly. TheRoot Cause Category: Corporate Communications / Document AutomationRoot Cause Subcategory: Broken URL Asset HyperlinkDetailed Root Cause Analysis: The documentation link embedded inside the DocuSign template failed to resolve because it pointed to a decommissioned, legacy cloud storage directory path instead of the new enterprise intranet library URL.Action Taken: Updated the master document link references within the central DocuSign contract template configuration console and verified accessibility paths.Resolution Type: Template Configuration ModificationPreventive Action: Link corporate digital storage moves to an automated redirect system to ensure legacy paths redirect traffic to active infrastructure platforms."
January retail payslip upload support and integration error handling.,Event Description: January retail payslip upload support and integration error handling.Root Cause Category: HR & Payroll Integration SystemsRoot Cause Subcategory: Bulk Pay File Upload Error HandlingDetailed Root Cause Analysis: The January 2026 bulk payslip ingestion processing script crashed after encountering a sequence of non-UTF-8 text characters within localized employee home address fields.Action Taken: Executed a custom text normalization script to clear out unreadable formatting tags and re-executed the data ingestion tool pipeline to process files.Resolution Type: Data Format Normalization and RerunPreventive Action: Enforce data validation barriers at source collection forms to convert non-standard character codes before generating integration records.
Logical Disk Free Space is low/Percentage Logical Disk Free Space is low--D--IEDU3WVDWEB102,"Event Description: Logical Disk Free Space is low/Percentage Logical Disk Free Space is low--D--IEDU3WVDWEB102Root Cause Category: Host Infrastructure / StorageRoot Cause Subcategory: Disk Space Saturated by Operational LogsDetailed Root Cause Analysis: Partition D on server IEDU3WVDWEB102 fell below the 10% safety warning threshold due to an unchecked build-up of raw internet information services (IIS) web server telemetry log captures.Action Taken: Purged obsolete historical trace and system application log documents, moved tracking archives to cold network targets, and verified that available disk space metrics returned to normal bounds.Resolution Type: Storage Purge OperationPreventive Action: Configure an automated log-rotation daemon utility profile to compress and offload server tracking documents every 48 hours."
Monitoring user DBSNMP will expire in 49 hours,Event Description: Monitoring user DBSNMP will expire in 49 hoursRoot Cause Category: Identity & Access Management / DatabaseRoot Cause Subcategory: Database User Password Profile Lifecycle ExpirationDetailed Root Cause Analysis: The infrastructure monitoring tool logged an operational warning alert because the system monitoring account password DBSNMP neared its automated corporate lifecycle expiration date limit.Action Taken: Reset the administrative database password criteria across the system instance via SQL inputs and updated the corresponding encryption keys inside the secure vault framework.Resolution Type: Credential Rotation SyncPreventive Action: Transfer systemic administrative profile tracking accounts to automated key vault rotations to bypass manual password lifecycle disruptions.
Monitoring user DBSNMP will expire in 51 hours,Event Description: Monitoring user DBSNMP will expire in 51 hoursRoot Cause Category: Identity & Access Management / DatabaseRoot Cause Subcategory: Database User Password Profile Lifecycle ExpirationDetailed Root Cause Analysis: The environment tracking system flagged a secondary lifecycle expiration alert for the database monitoring service account profile.Action Taken: Logged into the secondary production database cluster node environment and synchronized account password parameters to maintain active server access privileges.Resolution Type: Credential Rotation SyncPreventive Action: Consolidate distributed infrastructure account security lifecycle intervals under a unified enterprise password rotation framework.
Monitoring user DBSNMP will expire in 59 hours,Event Description: Monitoring user DBSNMP will expire in 59 hoursRoot Cause Category: Identity & Access Management / DatabaseRoot Cause Subcategory: Database User Password Profile Lifecycle ExpirationDetailed Root Cause Analysis: The disaster recovery instance database environment logged a notification indicating that the system tracking login profile parameters would expire in under 60 hours.Action Taken: Executed standard password maintenance procedures across the failover environment node strings to align credentials with primary configurations.Resolution Type: Credential Rotation SyncPreventive Action: Adjust monitoring system notification policies to surface administrative profile expiration warnings 14 days before execution dates.
My Access to Alteryx Development has been removed for some reason,"Event Description: My Access to Alteryx Development has been removed for some reasonRoot Cause Category: Identity & Access Management / Platform AccessRoot Cause Subcategory: Automated Inactivity Policy DeprovisioningDetailed Root Cause Analysis: The developer's Alteryx platform access permissions were systematically revoked by an automated governance cleanup utility because the user profile remained inactive for more than 90 consecutive days.Action Taken: Validated current line manager access confirmation approvals, updated the corporate identity database registry parameters, and restored active developer rights.Resolution Type: Role Privilege Re-assignmentPreventive Action: Implement automated notification check updates to warn platform developers via email 7 days prior to executing inactive profile teardown actions."
My login to Tableau is not working even though I am using the correct password,Event Description: My login to Tableau is not working even though I am using the correct passwordRoot Cause Category: Identity & Access Management / Platform AccessRoot Cause Subcategory: Identity Provider Federation DesynchronizationDetailed Root Cause Analysis: The reporting user was blocked from completing authentication pathways because a centralized single sign-on (SSO) metadata update dropped token tracking parameters for specific localized network profiles.Action Taken: Cleared out the out-of-date single sign-on security definitions inside the identity portal mapping layer and forced a manual profile account resynchronization task.Resolution Type: Authentication Profile RealignmentPreventive Action: Include cross-platform identity verification audits across all integrated business intelligence tools during directory migrations.
my merchandiser cannot see the below style ID pulling through on product library to map. I have no errors my side on PLM - please can you advise?,"Event Description: my merchandiser cannot see the below style ID pulling through on product library to map. I have no errors my side on PLM - please can you advise?Root Cause Category: Product Data Management / SynchronizationRoot Cause Subcategory: Downstream Catalog Index Generation OmissionDetailed Root Cause Analysis: The item layout failed to populate within the shared product library layout view because the master record was saved without an attached corporate department classification code string, rendering it invisible to downstream filters.Action Taken: Added the missing corporate department taxonomy properties inside the PLM master inventory item record and initiated an immediate manual indexing refresh command.Resolution Type: Metadata Adjustment and Data PushPreventive Action: Update input validation rules inside the PLM software module to block creation tasks if critical data grouping attributes are left blank."
My Wellbeing is being time is not accruing properly or showing up properly in mytime.,Event Description: My Wellbeing is being time is not accruing properly or showing up properly in mytime.Root Cause Category: HR & Payroll Integration SystemsRoot Cause Subcategory: Time Accrual Calculation Policy MismatchDetailed Root Cause Analysis: Leave balance tracking components calculated wellbeing time-off hours incorrectly because a newly deployed employee contract matrix lacked appropriate tenure bracket mapping parameters.Action Taken: Modified the underlying tenure calculation parameters directly within the payroll administration database tables and ran a delta balance reconciliation batch tool task to align files.Resolution Type: System Calculation Matrix ModificationPreventive Action: Conduct automated scenario evaluation sweeps against core payroll calculation modules before committing updates to live enterprise branches.
"mytime forecasting for store 123, Jersey Gardens.   The days of 2/4/26 and 2/5/26 are showing to be forecasted as zero sales.  The system is not allowing me to a","Event Description: mytime forecasting for store 123, Jersey Gardens. The days of 2/4/26 and 2/5/26 are showing to be forecasted as zero sales. The system is not allowing me to aRoot Cause Category: Supply Chain / Forecasting ApplicationRoot Cause Subcategory: Missing Interface Baseline Sales HistoryDetailed Root Cause Analysis: Store 123 displayed zero-dollar expected demand paths for Feb 4 and Feb 5, 2026, because a transient connectivity drop skipped the ingestion run for matching historical baseline sales records from the same seasonal timeframe.Action Taken: Restored missing sales reference logs directly into the forecasting database tables and triggered an ad-hoc system calculation job to rebuild store target metrics.Resolution Type: Data Recovery and Re-executionPreventive Action: Build automated tracking checks to immediately flag and alert platform support teams if any core analytical forecasting runs output exact zero values for active locations."
New starter not transferred onto e-time 10671330Sarah Jane Hall,Event Description: New starter not transferred onto e-time 10671330Sarah Jane HallRoot Cause Category: HR & Payroll Integration SystemsRoot Cause Subcategory: Inbound Employee Profile Onboarding FailureDetailed Root Cause Analysis: Onboarding details for worker Sarah Jane Hall (ID 10671330) failed to propagate to the e-time software framework due to an alphanumeric string character error within the bank account identification schema field block.Action Taken: Adjusted structural record entries within the human resources interface staging platform table layouts to conform with compliance guidelines and manually executed the data transmission loop.Resolution Type: Record Modification and Sync RerunPreventive Action: Add character pattern verification blocks to human resources frontend portals to ensure data layout compliance prior to submitting employee details.
NI-UK40 payslip upload support and integration error handling,Event Description: NI-UK40 payslip upload support and integration error handlingRoot Cause Category: HR & Payroll Integration SystemsRoot Cause Subcategory: Regional Payroll File Ingestion FaultDetailed Root Cause Analysis: The NI-UK40 regional payroll dataset upload stalled inside the interface processing engine because the flat-file source compilation file utilized an incorrect field layout separator string configuration.Action Taken: Modified structural ingestion script parameters to properly intercept the alternate payload file format layout and completed the remaining processing steps without error.Resolution Type: Processing Configuration RealignmentPreventive Action: Mandate strict data layout compliance agreements with third-party regional payroll processing partners to protect internal interface compatibility configurations.
Not showing season ss 26 for footwear,Event Description: Not showing season ss 26 for footwearRoot Cause Category: Product Data Management / ConfigurationRoot Cause Subcategory: Missing Master Taxonomy Dropdown AttributeDetailed Root Cause Analysis: The Spring/Summer 2026 (SS26) dropdown options were absent within footwear creation menus because system configuration teams had not yet linked the seasonal metadata strings to active apparel and footwear sub-category tables.Action Taken: Updated the master product catalog taxonomy configuration matrices to globally activate the SS26 parameter options and flushed regional application display caches.Resolution Type: Configuration Table AdjustmentPreventive Action: Establish regular lifecycle verification windows to automatically configure and deploy upcoming seasonal code strings 6 months ahead of project initialization milestones.
